ply
format ascii 1.0
element vertex 2048
property float x
property float y
property float z
end_header
1.912084698677063 2.2672386169433594 0.3259199261665344
-0.47837141156196594 2.1670472621917725 -2.5408334732055664
-0.42675864696502686 2.449659585952759 2.161447286605835
2.0032870769500732 -1.5592515468597412 -2.280399799346924
-2.1833653450012207 2.296079158782959 -1.2899442911148071
-1.2153778076171875 -0.8016587495803833 -2.2925708293914795
1.005221962928772 2.07572340965271 2.6755599975585938
-0.9574732780456543 2.4681873321533203 -0.944900631904602
1.6164225339889526 0.6360561847686768 -2.2781479358673096
-0.5793641805648804 2.4977242946624756 2.7033112049102783
-0.9632402062416077 2.2845449447631836 0.6918002963066101
-1.5648294687271118 2.2856056690216064 0.754297137260437
1.5027507543563843 2.303413152694702 -2.8090667724609375
0.2774886190891266 2.212156057357788 -2.7404091358184814
-1.6599903106689453 -0.3644651770591736 -2.6172876358032227
-1.2262277603149414 -1.7918875217437744 -2.524803400039673
-1.8434113264083862 2.6113951206207275 -2.2527077198028564
-1.2850340604782104 2.27860164642334 -2.0680198669433594
2.237191677093506 2.2577853202819824 -1.1891727447509766
-2.0396220684051514 2.5869040489196777 0.8078622817993164
1.415785312652588 0.5306951403617859 -2.4087893962860107
0.2709916830062866 2.286653995513916 -2.7611312866210938
-1.6847338676452637 2.512695789337158 -0.9958586692810059
0.12470879405736923 2.283665418624878 -0.5965417623519897
-1.4079787731170654 2.2785913944244385 -1.8425666093826294
-2.0636134147644043 2.278852939605713 -1.5453723669052124
2.3889527320861816 2.3860621452331543 -2.561274766921997
-1.3350086212158203 0.5223228931427002 -2.659414768218994
1.5458641052246094 -1.9595235586166382 -2.388256549835205
0.9163418412208557 2.266967296600342 -0.5743660926818848
-1.2368035316467285 -0.6488143801689148 -2.63498592376709
2.5873193740844727 2.4273996353149414 0.27933570742607117
1.5715270042419434 2.1932685375213623 -1.5857622623443604
1.0792406797409058 1.7394466400146484 -2.460697889328003
-0.8212286829948425 2.471330165863037 2.035980224609375
1.9510059356689453 -1.7543936967849731 2.661982774734497
1.7258572578430176 1.1375350952148438 -2.675359010696411
-1.3255499601364136 0.1628032624721527 2.451677083969116
1.7841767072677612 2.362804651260376 1.9319988489151
0.2555828392505646 2.25547194480896 1.46097993850708
1.9687854051589966 -1.2539743185043335 2.6520676612854004
-0.3797326683998108 2.265315532684326 -2.275388717651367
-1.2699804306030273 0.7865288257598877 -2.686840295791626
2.379699468612671 2.558858633041382 0.7671054005622864
-0.7979809045791626 2.454206943511963 -0.34911882877349854
-0.100941501557827 2.459770679473877 0.5634174942970276
-0.30053672194480896 2.454798698425293 1.5537385940551758
-1.6068557500839233 2.51080322265625 -2.2408533096313477
-2.131166458129883 2.5365915298461914 0.9078993201255798
-2.185554027557373 2.307471752166748 -0.7950292825698853
2.50529146194458 2.3788928985595703 -2.81850266456604
2.414409637451172 2.6304829120635986 -2.812072277069092
2.056272029876709 2.5312838554382324 0.616817831993103
1.9271023273468018 2.1849658489227295 2.647381067276001
1.9871517419815063 2.2672011852264404 -0.7205582857131958
1.5046881437301636 1.399098515510559 -2.2575132846832275
-1.797245979309082 0.9057430028915405 2.2295124530792236
-1.6145035028457642 0.5715198516845703 -2.2494335174560547
2.105128288269043 1.0800914764404297 -2.6628363132476807
-1.1895967721939087 2.473478078842163 1.0982414484024048
-1.2454839944839478 -1.1958377361297607 -2.58929181098938
1.2832180261611938 2.5120129585266113 -2.454418897628784
1.796246886253357 -1.0969798564910889 -2.6642866134643555
0.4215892553329468 2.1415982246398926 2.187786817550659
-1.6743141412734985 -1.4857699871063232 -2.6073851585388184
-1.724005937576294 -1.7520573139190674 2.1657586097717285
2.3079299926757812 2.533388376235962 2.7124128341674805
1.7116689682006836 1.6146490573883057 2.257437229156494
1.8332860469818115 2.2532811164855957 -1.4719897508621216
1.3574497699737549 2.5613346099853516 -2.821084499359131
-2.228888988494873 2.440984010696411 -1.7367208003997803
1.1999133825302124 2.46372389793396 -0.6130141615867615
1.4671872854232788 -0.22322270274162292 -2.6179206371307373
1.4220170974731445 2.447214365005493 2.4544734954833984
-1.4138398170471191 1.5516737699508667 2.1052935123443604
-1.2523521184921265 1.5009584426879883 -2.462467670440674
-1.5622118711471558 1.2254669666290283 -2.255640983581543
0.6769345998764038 2.4531307220458984 -0.751126766204834
-1.3502564430236816 1.4435038566589355 2.123274564743042
2.0291240215301514 2.139946460723877 -2.250932455062866
0.42701876163482666 2.478184938430786 -2.288893699645996
-0.8180878162384033 2.2709450721740723 1.920252799987793
1.5889201164245605 1.4538193941116333 2.2862679958343506
1.658168077468872 2.0993804931640625 -2.2820515632629395
-1.680083155632019 2.2873075008392334 -0.09995242953300476
0.017806276679039 2.277966022491455 1.8962167501449585
2.3090946674346924 2.2689332962036133 0.5649915933609009
1.8857353925704956 0.11186286062002182 2.7089591026306152
-1.331584095954895 0.43726131319999695 2.4761803150177
0.1341005563735962 2.472465991973877 -2.1867282390594482
-1.7961196899414062 0.9099472761154175 2.4865636825561523
1.421895146369934 2.4644980430603027 0.25462785363197327
2.413038492202759 2.3381433486938477 -2.522067070007324
-1.203922152519226 -1.1288363933563232 -2.5124094486236572
0.5665303468704224 1.9193391799926758 2.650629758834839
2.0406622886657715 2.508711576461792 1.9828065633773804
1.1029824018478394 2.2658722400665283 -2.0980653762817383
-1.3846344947814941 -0.9764865040779114 2.1281206607818604
-1.5977665185928345 0.8905327320098877 -2.277320623397827
-0.45595020055770874 2.274892807006836 -1.156981348991394
1.8254142999649048 2.279825210571289 -1.3057531118392944
1.5277717113494873 2.278003692626953 1.2267675399780273
1.4577882289886475 -0.24419593811035156 -2.542151927947998
1.1172982454299927 2.458812952041626 2.7794058322906494
-1.6276532411575317 1.0926097631454468 -2.6146838665008545
1.5301192998886108 -0.013936519622802734 -2.2955074310302734
0.16893596947193146 2.2496724128723145 -0.5613211393356323
-2.117262125015259 2.2744789123535156 -0.2780316174030304
0.10778365284204483 2.274923324584961 0.9783059358596802
-0.07725794613361359 2.4675049781799316 -1.7882816791534424
-1.303722620010376 2.4758963584899902 -1.3937004804611206
-1.7123892307281494 2.5113332271575928 -1.4940176010131836
2.0791406631469727 -0.6759837865829468 -2.2781054973602295
1.635757565498352 -0.12676356732845306 -2.2861406803131104
-0.21486353874206543 2.2707414627075195 1.3724919557571411
-1.0827161073684692 2.47567081451416 -0.20589402318000793
-0.49495136737823486 2.467407464981079 -0.8475310206413269
1.9096202850341797 1.484086513519287 -2.711508274078369
-1.7317427396774292 1.8030130863189697 -2.4799251556396484
1.8315410614013672 1.9163060188293457 2.694117307662964
1.5150821208953857 2.250936508178711 2.7719438076019287
0.37805306911468506 2.2749085426330566 -0.7818689942359924
1.274054765701294 2.52691912651062 -2.924187183380127
1.9106321334838867 1.656739592552185 -2.7158825397491455
-1.4836864471435547 -2.0931508541107178 2.233295440673828
2.1542463302612305 2.5010595321655273 0.02862112782895565
-0.05452027544379234 1.8341046571731567 -2.752960205078125
-0.5333032608032227 2.2031872272491455 -2.712090015411377
-2.192319393157959 2.2904891967773438 -0.5200787782669067
-0.07574386894702911 2.264448404312134 2.724074363708496
-0.8493283987045288 2.249626636505127 -1.4359198808670044
0.19651873409748077 2.5068840980529785 2.8134899139404297
-1.194919228553772 2.2683346271514893 2.6636621952056885
-2.062411069869995 2.249114513397217 0.4765349328517914
-0.5984494686126709 2.276493549346924 -0.4479101300239563
-1.320839285850525 -0.11928339302539825 2.2625138759613037
2.3878350257873535 2.2848165035247803 -1.0559492111206055
-0.5629746317863464 2.5355710983276367 -2.598201274871826
-0.6922533512115479 2.0381412506103516 2.4378294944763184
0.3979417383670807 2.481999635696411 -2.3162944316864014
1.8511402606964111 -1.7988027334213257 2.2232003211975098
2.397132396697998 2.5018393993377686 1.4338561296463013
-1.2961583137512207 1.0394346714019775 -2.25715708732605
-0.9634018540382385 2.4610772132873535 -2.197213649749756
2.0114948749542236 -1.0787222385406494 2.4392707347869873
0.20589688420295715 2.475579023361206 -1.8707224130630493
-2.2009191513061523 2.289794683456421 -1.858542799949646
-0.22976720333099365 2.2590441703796387 1.5877759456634521
-0.327797532081604 2.2753562927246094 -0.9208961129188538
-1.4016196727752686 -1.314975619316101 2.618004083633423
-1.7094933986663818 2.5048770904541016 1.7929439544677734
-1.3036304712295532 -1.0090925693511963 2.301253318786621
2.033165454864502 2.2575156688690186 -1.6684097051620483
-1.6910712718963623 -1.4329941272735596 -2.3195858001708984
-2.107764482498169 2.287365674972534 0.2343340963125229
1.9962804317474365 2.543712615966797 -2.646974563598633
1.7630751132965088 0.17783546447753906 2.19808030128479
-1.3373280763626099 -0.10038033127784729 2.2423253059387207
-1.6131162643432617 1.2550926208496094 2.5823676586151123
-0.3409343957901001 2.47139835357666 -0.7636305689811707
2.303295612335205 2.321634292602539 -2.5680766105651855
2.2249863147735596 2.2711048126220703 1.8219220638275146
0.5720325112342834 2.4465558528900146 1.6860454082489014
-1.8321477174758911 2.5305185317993164 -2.4452741146087646
2.2412710189819336 2.516197443008423 1.4166709184646606
2.0311167240142822 1.7890719175338745 2.3574295043945312
2.3038437366485596 2.273305892944336 -2.1134228706359863
1.595413327217102 2.258904457092285 0.439294695854187
-0.7620813846588135 2.4655535221099854 -1.5743681192398071
-1.6578164100646973 -0.002888411283493042 2.5635554790496826
1.7871596813201904 1.459114909172058 2.672306537628174
-1.3623764514923096 -1.0389269590377808 2.1272339820861816
-0.24133875966072083 1.9458831548690796 2.621371269226074
-1.9326260089874268 2.293121814727783 -1.6415213346481323
2.004256248474121 -0.2752147614955902 2.6471445560455322
-2.082000494003296 2.621109962463379 2.247838258743286
-1.7195738554000854 1.9682188034057617 -2.3663723468780518
1.2513036727905273 2.318284749984741 -1.0524756908416748
1.677512526512146 2.2839057445526123 1.6814814805984497
-0.6162421703338623 2.280809164047241 -1.420723795890808
-1.059640645980835 2.4568285942077637 -1.716951608657837
-0.9947695136070251 2.4670188426971436 2.6090705394744873
1.2430692911148071 2.25740909576416 -0.021703973412513733
2.1729607582092285 1.8610336780548096 -2.4437270164489746
0.7665674686431885 2.2739017009735107 -1.8168708086013794
-1.9740015268325806 2.2945079803466797 -2.790813684463501
1.8339862823486328 0.46256572008132935 2.7240869998931885
-1.8105355501174927 0.3722299337387085 2.420295000076294
0.060212165117263794 2.277423858642578 1.3051533699035645
-1.9009711742401123 2.27329421043396 0.8317356705665588
1.5267632007598877 0.8741992115974426 -2.296638250350952
-1.0560810565948486 2.4658656120300293 1.7950972318649292
-2.300804376602173 2.3193230628967285 0.8653106093406677
0.112065389752388 2.2614054679870605 -1.2468295097351074
-1.7100915908813477 1.6771525144577026 -2.492082118988037
0.16579198837280273 2.2929747104644775 -2.854257583618164
1.8299480676651 -0.37703102827072144 2.2056422233581543
-1.1532771587371826 2.2667574882507324 2.0049943923950195
-1.675447940826416 2.269261360168457 0.15535056591033936
1.6999870538711548 2.4636781215667725 2.4852488040924072
1.556801199913025 -0.8777329921722412 -2.3251640796661377
-1.8651225566864014 2.4901912212371826 1.1106938123703003
-2.2148020267486572 2.474886178970337 0.7764462232589722
0.6552853584289551 2.2550463676452637 -0.16720689833164215
-1.1722851991653442 0.029798462986946106 -2.3776473999023438
0.28778937458992004 1.7544751167297363 -2.4247772693634033
-0.504927933216095 1.9955646991729736 2.3260817527770996
-0.15648961067199707 2.142112970352173 2.524834632873535
-0.5524686574935913 2.26823091506958 -0.4233124256134033
0.03258301317691803 1.9697679281234741 -2.714359760284424
1.3937358856201172 1.0586559772491455 -2.4506943225860596
1.6908116340637207 1.4426411390304565 -2.6908137798309326
1.5466469526290894 1.0230896472930908 -2.6688783168792725
2.346975564956665 2.563098669052124 1.0005192756652832
1.0227092504501343 2.284266710281372 0.9402784109115601
1.2266168594360352 2.461554527282715 1.871394395828247
0.6416172981262207 2.0725998878479004 2.412536859512329
2.4460036754608154 2.5098135471343994 -0.3220798671245575
-0.8725448250770569 2.284881114959717 1.2313824892044067
2.3693063259124756 2.540529727935791 -2.190316677093506
1.5828490257263184 0.36147162318229675 -2.6797986030578613
2.0191879272460938 0.1440565139055252 2.504852771759033
0.7636897563934326 2.2665393352508545 0.9068905711174011
1.6590306758880615 2.4548819065093994 2.522996664047241
-1.7435195446014404 -1.1929457187652588 2.4777472019195557
-1.60702383518219 0.42116767168045044 -2.6649012565612793
1.812831997871399 1.0619386434555054 2.239048480987549
2.374025821685791 2.288249969482422 0.8766621947288513
-0.9354100823402405 2.244415760040283 2.7819647789001465
-2.215207099914551 2.5222795009613037 -2.788367986679077
1.4332664012908936 2.2810657024383545 0.7955804467201233
1.9437596797943115 2.470390558242798 0.9942995309829712
1.3715789318084717 2.274510383605957 1.7157948017120361
1.9218467473983765 -0.22452189028263092 -2.6483170986175537
1.0578948259353638 2.4045395851135254 2.8350014686584473
-1.4880471229553223 -1.2297624349594116 -2.2499806880950928
2.5107128620147705 2.41009521484375 -2.7696235179901123
-1.0126030445098877 2.4564647674560547 -0.8156326413154602
-1.2116589546203613 2.2117762565612793 2.605408191680908
-2.220423936843872 2.3934695720672607 -1.1833443641662598
1.9889092445373535 -0.6510971188545227 2.323988199234009
-1.466864824295044 1.3827276229858398 2.0916125774383545
-0.7647537589073181 2.4809799194335938 1.5000884532928467
-1.8834396600723267 2.535764694213867 2.6293675899505615
1.546919345855713 -1.5587457418441772 2.276902437210083
0.36007004976272583 2.4989755153656006 -2.670905590057373
-0.09405729174613953 2.016493082046509 2.417034864425659
-0.05233917012810707 2.2596218585968018 -2.62563157081604
-2.1019880771636963 2.541771650314331 1.9162006378173828
1.564568281173706 -0.3977373540401459 2.6498055458068848
-0.7140466570854187 1.8770126104354858 -2.6434805393218994
0.29786747694015503 2.464052677154541 -1.126946210861206
0.49525994062423706 2.3025431632995605 1.5703035593032837
-1.6964465379714966 -1.4279276132583618 -2.449738025665283
2.1942126750946045 2.4717764854431152 -0.042824145406484604
-1.764009714126587 -1.7596378326416016 2.4768612384796143
1.8500075340270996 0.8520268797874451 -2.2764389514923096
0.2773982882499695 2.4525649547576904 2.8863279819488525
-1.1246622800827026 2.2623684406280518 -2.673844575881958
-2.176320791244507 2.5686659812927246 -2.508452892303467
-0.8785263895988464 2.471877098083496 -2.169016122817993
-0.05978531390428543 2.00407338142395 2.4067420959472656
2.0901098251342773 2.2658653259277344 0.45618465542793274
-0.03832515329122543 2.439826011657715 2.0551540851593018
2.4908640384674072 2.2894740104675293 0.48784852027893066
-1.265023112297058 -0.5607757568359375 -2.6412172317504883
1.7848681211471558 -1.9428322315216064 2.6687045097351074
1.6127235889434814 2.259164571762085 -1.641466736793518
2.4235987663269043 2.629361867904663 -2.6051456928253174
1.8615232706069946 2.2750911712646484 -0.1934124082326889
-0.7874819040298462 2.275299310684204 0.808946430683136
1.8162442445755005 2.498670816421509 -2.2784078121185303
0.6628208756446838 2.2399213314056396 -1.113031268119812
0.8220508098602295 2.4337973594665527 1.4691083431243896
-2.291064500808716 2.4364798069000244 1.571790099143982
-0.04289577901363373 2.468600034713745 -2.338667392730713
-0.6737841367721558 2.449068307876587 -0.5390185117721558
2.075923204421997 0.504822850227356 -2.6848344802856445
0.039832703769207 2.479539155960083 -2.064234495162964
1.8200244903564453 2.254535675048828 -0.3886171579360962
0.8765646815299988 2.2696585655212402 -1.492592215538025
-0.3849884569644928 2.5040955543518066 2.8827621936798096
1.142834186553955 2.47442889213562 2.6835408210754395
-1.3620997667312622 2.5314979553222656 -2.8806064128875732
1.5703308582305908 2.15523099899292 2.7239503860473633
-1.550406575202942 2.670051097869873 -2.143378257751465
-1.6950714588165283 2.248220443725586 -0.33999204635620117
1.7697744369506836 1.7357221841812134 -2.6878278255462646
0.7030640840530396 2.4753777980804443 -2.125673294067383
-0.14295253157615662 1.9982860088348389 -2.7416491508483887
-1.4790325164794922 -0.6755028367042542 -2.651885747909546
-1.531689167022705 2.3162403106689453 -2.902052164077759
1.8927146196365356 -2.095345973968506 2.2988550662994385
-1.4833881855010986 1.0810472965240479 2.125176429748535
-1.2957085371017456 1.2131876945495605 -2.264385223388672
-0.5610334277153015 2.2885568141937256 1.6631020307540894
1.8897967338562012 -0.18569719791412354 -2.2744996547698975
-1.3057748079299927 -2.0342040061950684 2.173022747039795
0.6812888383865356 2.432464599609375 1.2405327558517456
-0.5344855189323425 2.361600637435913 -2.973940372467041
2.067258358001709 -2.017932653427124 -2.3904271125793457
1.6870265007019043 -0.6355360746383667 -2.6686675548553467
1.590274453163147 1.3241479396820068 2.6111154556274414
-1.0777837038040161 2.2410316467285156 2.360476493835449
0.40683513879776 2.268766403198242 0.5986335277557373
1.565171480178833 2.248142957687378 0.9705771803855896
-0.8950967192649841 2.4581003189086914 -1.0067644119262695
-1.8412216901779175 2.5753121376037598 -1.2540614604949951
-1.4498050212860107 2.593250274658203 -2.442368507385254
2.0822322368621826 -1.988067865371704 -2.43042254447937
-1.8380879163742065 2.569585084915161 -1.1179931163787842
-1.5310357809066772 2.2808644771575928 -1.6445778608322144
1.571252465248108 0.40303516387939453 -2.273934841156006
-0.7067959904670715 2.2791683673858643 0.2403060495853424
2.1001765727996826 2.1189424991607666 -2.593193292617798
1.5069794654846191 2.277975082397461 1.9968138933181763
1.431196689605713 2.453495979309082 2.486726760864258
1.9451078176498413 2.277862310409546 -2.0029168128967285
1.5963668823242188 1.3224053382873535 -2.2836148738861084
2.1112074851989746 1.1456109285354614 -2.3011722564697266
-0.4545239508152008 2.462587833404541 -1.020029067993164
1.9006733894348145 2.588218927383423 -2.624563455581665
-1.3819562196731567 2.500389337539673 -1.8203123807907104
1.0620611906051636 2.458326816558838 -0.37280455231666565
0.2982719838619232 2.4472289085388184 1.7466813325881958
0.28994306921958923 2.4669992923736572 2.7666943073272705
2.0236458778381348 0.7026477456092834 -2.691892147064209
-0.5725486874580383 2.4673519134521484 -0.17295826971530914
1.1030685901641846 2.31048846244812 -1.9854626655578613
0.4261060059070587 2.467531204223633 0.4619866609573364
0.39106494188308716 2.4795498847961426 2.699310064315796
1.8620518445968628 2.4948203563690186 -1.865565299987793
2.4112091064453125 2.3037848472595215 -0.6065347790718079
1.674541711807251 0.8844304084777832 -2.2762258052825928
-1.32106614112854 2.2042646408081055 -2.6917219161987305
-1.3014917373657227 -1.5144122838974 2.2315587997436523
-1.3106507062911987 1.7311546802520752 2.3888168334960938
-1.4495699405670166 -0.5729281902313232 -2.6674604415893555
1.8284400701522827 2.1334948539733887 -2.2933406829833984
2.1098625659942627 2.511713743209839 -1.5932493209838867
-1.3080940246582031 -1.9646543264389038 2.445568799972534
-0.16061067581176758 2.3896684646606445 -0.49387815594673157
-1.5446807146072388 1.3064594268798828 2.5555737018585205
1.8253841400146484 1.8977264165878296 2.6966326236724854
1.8396908044815063 -2.0741899013519287 -2.459019899368286
-1.7152364253997803 -1.6110574007034302 -2.317941904067993
0.7227823734283447 2.4562675952911377 1.108561396598816
0.3510983884334564 2.279890775680542 1.85872220993042
1.5444532632827759 2.464313268661499 -0.1446867436170578
0.8908916711807251 2.4517550468444824 -1.0917282104492188
-0.3056657612323761 1.7594549655914307 -2.412041664123535
2.1923553943634033 2.5277798175811768 -2.1441147327423096
1.718302607536316 -0.8613372445106506 2.2087931632995605
-1.192262053489685 -0.16505220532417297 -2.2707319259643555
-1.671579122543335 2.5498692989349365 -1.7581018209457397
-1.5732886791229248 0.6499393582344055 2.1259610652923584
-1.4500553607940674 2.165426015853882 2.7041053771972656
-1.622094988822937 2.2741281986236572 -0.5029569864273071
-1.300980806350708 -1.1434149742126465 2.2533631324768066
-1.7649686336517334 1.4899464845657349 2.446484088897705
-1.3132517337799072 -0.31930336356163025 -2.6448028087615967
-2.2108027935028076 2.2895805835723877 -2.5454678535461426
-1.5969090461730957 -1.5280311107635498 2.6189849376678467
-2.203749895095825 2.283743143081665 -1.1265296936035156
-1.5193374156951904 0.29287755489349365 2.5980746746063232
1.1141806840896606 2.473443031311035 -1.8326958417892456
0.25615638494491577 2.280860662460327 -2.8614590167999268
1.4477014541625977 2.2635347843170166 -0.16911232471466064
1.476818561553955 1.6848043203353882 -2.290269374847412
-2.269806385040283 2.28583025932312 1.4450148344039917
2.3790667057037354 2.4879324436187744 2.6558055877685547
2.556317090988159 2.4613046646118164 -0.8213855624198914
-0.2939556837081909 1.9940239191055298 -2.3092801570892334
0.36560380458831787 2.251675844192505 1.1615403890609741
0.8171960115432739 2.2756919860839844 1.4756004810333252
2.1115736961364746 2.2649240493774414 -1.2811309099197388
2.3883261680603027 2.279609203338623 2.146087169647217
-0.826038658618927 2.4742205142974854 -0.11829186230897903
1.5614879131317139 0.7742626667022705 2.3200953006744385
1.4785854816436768 0.4725230038166046 -2.621457576751709
-0.16678333282470703 2.4987142086029053 -2.7042365074157715
-1.7918155193328857 -0.1361280083656311 2.4326257705688477
2.0429611206054688 -0.3260377049446106 -2.673226833343506
-0.6743345856666565 2.471933603286743 0.47959446907043457
-0.30478572845458984 2.2871086597442627 -0.3853279948234558
-1.2585465908050537 2.2576096057891846 2.122224807739258
2.5376369953155518 2.4846718311309814 -0.4836291968822479
0.41348209977149963 2.2583999633789062 1.1903953552246094
-1.8206839561462402 0.5143605470657349 2.362870454788208
-0.5810569524765015 1.7816693782806396 -2.523588180541992
-0.7237587571144104 2.5025315284729004 2.7494232654571533
1.4611375331878662 2.2785329818725586 -0.6187863945960999
-1.8289108276367188 0.47670912742614746 2.430183172225952
-0.42262041568756104 2.2895097732543945 -0.8092026114463806
1.5262296199798584 -1.097878336906433 -2.5954813957214355
-1.3804645538330078 2.473316192626953 2.6390371322631836
1.5262842178344727 0.45308834314346313 -2.6348907947540283
-1.4159547090530396 2.271881103515625 -1.5909186601638794
-1.2973860502243042 2.282242774963379 -1.401546597480774
-1.357545018196106 2.4690842628479004 -1.1047260761260986
1.545903205871582 -1.8154658079147339 -2.4962399005889893
0.8091914057731628 2.455157995223999 -0.8155467510223389
-1.7895292043685913 2.2801589965820312 -2.151171922683716
0.6584122180938721 2.479156255722046 -1.7238926887512207
1.1660418510437012 2.275885820388794 1.0742110013961792
-1.064328670501709 2.4705677032470703 0.08722281455993652
-1.9076160192489624 2.2746951580047607 -0.531403660774231
1.5952025651931763 -0.08395303785800934 -2.6797707080841064
1.4566000699996948 -0.31354349851608276 -2.357154130935669
2.035151481628418 0.2933252453804016 2.323089599609375
-0.7514949440956116 2.2806220054626465 0.7983543276786804
2.2905900478363037 2.2626099586486816 1.11260187625885
-1.7618308067321777 0.6760417819023132 2.5364177227020264
0.006545133888721466 2.2748982906341553 2.1100497245788574
0.9187572002410889 2.2623653411865234 -2.167814254760742
1.9779819250106812 2.307439088821411 2.796766757965088
-1.4521740674972534 0.0004305541515350342 -2.239649772644043
1.4395886659622192 -0.1365458369255066 -2.449005365371704
-1.5076584815979004 2.4780499935150146 -0.7479550838470459
-2.144411563873291 2.541065216064453 -2.039245128631592
2.1662580966949463 0.15502598881721497 -2.332064151763916
-2.111464262008667 2.6243109703063965 1.86618173122406
1.8555272817611694 1.4914065599441528 2.252366781234741
2.044100522994995 2.5152976512908936 -0.9498051404953003
-1.8158124685287476 0.3860686123371124 2.2512991428375244
-1.0112282037734985 2.0525195598602295 2.385181427001953
-1.71890127658844 1.1269049644470215 2.5675740242004395
-0.9730370044708252 2.260328769683838 1.4225627183914185
1.5573432445526123 -0.7941255569458008 2.536708354949951
0.45336201786994934 2.2700419425964355 -0.9237337112426758
2.134988784790039 1.2018423080444336 -2.4710981845855713
0.6124306321144104 2.4601852893829346 1.8569093942642212
0.29484257102012634 2.2809460163116455 0.5799168348312378
-0.9011264443397522 2.4852819442749023 2.3923230171203613
1.4015928506851196 2.508057117462158 -2.372765302658081
0.4186844229698181 2.4033620357513428 2.8708882331848145
-2.188331365585327 2.4877424240112305 0.29117271304130554
0.4444429874420166 2.2933876514434814 -0.8345488905906677
-0.02463575452566147 2.4976818561553955 2.721142530441284
0.1771434098482132 2.271422863006592 1.5063254833221436
1.395615816116333 2.464949607849121 0.20905956625938416
-1.553538203239441 0.014362558722496033 2.1470189094543457
2.4373068809509277 2.274435520172119 1.386193871498108
1.4046008586883545 2.2594120502471924 -1.3287684917449951
2.404766798019409 2.2662620544433594 -0.9690412282943726
1.8655225038528442 2.2667362689971924 1.7850074768066406
2.051954507827759 2.306030511856079 0.3152889311313629
0.06450383365154266 2.2763543128967285 0.19294045865535736
1.5030622482299805 0.008951053023338318 -2.3088855743408203
1.850414514541626 -1.460921049118042 2.212938070297241
-1.3868529796600342 -1.5409414768218994 -2.2364580631256104
-1.4160640239715576 1.7728667259216309 2.6095595359802246
0.6075922846794128 2.25044846534729 -1.538341760635376
2.137110710144043 2.38488507270813 -2.899432420730591
2.232194185256958 2.54213809967041 1.7479881048202515
-1.093691110610962 1.865411400794983 -2.5223612785339355
1.218499779701233 2.4628870487213135 2.48093318939209
-2.2565770149230957 2.4918315410614014 1.622820496559143
1.1768426895141602 2.4627411365509033 1.884305477142334
1.260522723197937 2.2717323303222656 -1.815993070602417
-1.1572297811508179 0.48579466342926025 -2.430199384689331
1.046096682548523 2.272695779800415 1.9641406536102295
-1.8958821296691895 2.266669511795044 -0.5167521834373474
-2.136759042739868 2.5031466484069824 -1.3484833240509033
1.3421909809112549 2.491598129272461 -2.391601800918579
0.347089022397995 2.281355619430542 1.3606483936309814
0.9364948272705078 2.0631377696990967 2.468111276626587
-0.7088684439659119 1.9308305978775024 2.4289591312408447
2.0863046646118164 2.275919198989868 -0.6397284865379333
-0.1366795003414154 2.239027500152588 -2.9303276538848877
-1.605762004852295 0.9714462757110596 -2.268723249435425
-1.479750394821167 2.2807061672210693 -1.2972865104675293
2.0298516750335693 -0.5026592016220093 2.386796236038208
-0.12302170693874359 2.4569599628448486 2.223107099533081
1.4145127534866333 2.477531671524048 -0.8062906861305237
1.7065016031265259 2.4471824169158936 2.154916763305664
-2.1469998359680176 2.519883155822754 -1.01542067527771
-1.5570838451385498 2.288785934448242 -0.4320456087589264
2.0211730003356934 1.912932276725769 2.651817798614502
2.440192699432373 2.432574987411499 2.842123508453369
-1.8101527690887451 0.9420211315155029 2.3059966564178467
0.6294575333595276 2.4453558921813965 -0.4841972887516022
1.001541256904602 2.2417714595794678 -0.537786602973938
-0.41081446409225464 1.8030452728271484 -2.415381669998169
-1.6863123178482056 -0.4933176040649414 -2.5276081562042236
-1.1662160158157349 0.9545039534568787 -2.595615863800049
0.37324026226997375 2.4764482975006104 2.6184325218200684
-0.42329955101013184 2.2645113468170166 2.056548595428467
1.3439573049545288 2.4558749198913574 0.4120747745037079
-1.7424399852752686 -1.8713005781173706 2.15423846244812
-1.5983399152755737 2.2770371437072754 0.40272679924964905
-1.546198844909668 1.3928611278533936 2.6014206409454346
-1.3367993831634521 2.4909372329711914 -2.307365894317627
0.6166383028030396 2.4642906188964844 0.8461750745773315
1.530778169631958 0.26836979389190674 -2.2870495319366455
-0.3483666479587555 2.4621665477752686 1.2694571018218994
0.24017420411109924 2.2646889686584473 0.7553025484085083
-0.12358089536428452 2.2798104286193848 -2.06154203414917
1.4897711277008057 2.446664571762085 -0.6971326470375061
-1.4299123287200928 2.2726032733917236 1.7087446451187134
-1.6715030670166016 0.14360809326171875 -2.5797550678253174
-1.8856782913208008 2.5324456691741943 -0.752872109413147
-2.294830083847046 2.360581636428833 0.7024935483932495
-1.9606012105941772 2.5998482704162598 0.53550785779953
0.42419183254241943 2.2823283672332764 -2.0315184593200684
1.2751617431640625 2.270712375640869 0.0027359130326658487
-0.7357749938964844 1.7721614837646484 -2.4187357425689697
1.8680475950241089 0.19159336388111115 2.716911554336548
1.6237226724624634 2.0572571754455566 -2.667729616165161
0.5362633466720581 2.0042471885681152 -2.6648850440979004
-0.289248526096344 2.0455615520477295 2.6773221492767334
-1.8836859464645386 2.5792133808135986 -0.6995633840560913
1.0015172958374023 2.5082194805145264 -2.9603703022003174
-0.5719118118286133 2.4417309761047363 1.79049813747406
-2.1416308879852295 2.2951433658599854 -1.0058521032333374
-1.5037099123001099 2.0785019397735596 -2.1974363327026367
-1.5349476337432861 1.2217234373092651 -2.670799493789673
0.6455935835838318 2.4460716247558594 1.530915379524231
-2.1247055530548096 2.481001377105713 -2.176774263381958
-1.5478962659835815 -1.6988028287887573 2.10246205329895
-1.8282915353775024 2.5347492694854736 -0.07299231737852097
-1.5840635299682617 2.4915549755096436 -0.4288410246372223
1.2860161066055298 2.45944881439209 -0.21081648766994476
0.9651342630386353 2.465608835220337 1.2218564748764038
1.5331685543060303 2.268446445465088 -1.0189498662948608
-1.722699522972107 -0.5218139886856079 2.569286823272705
-0.5952133536338806 2.2666425704956055 2.014277935028076
-0.464183509349823 2.261796474456787 -2.1609854698181152
-0.14921440184116364 2.2856838703155518 -1.8594141006469727
-1.325722098350525 0.09074216336011887 2.4659085273742676
2.1490261554718018 2.512542724609375 0.8675652742385864
-1.8508336544036865 2.2771310806274414 2.3676071166992188
1.9408516883850098 1.5886034965515137 2.7203421592712402
0.7111359238624573 2.45800518989563 2.345961332321167
-1.4123075008392334 -1.347981333732605 2.613130807876587
1.5985952615737915 2.4360384941101074 2.8005433082580566
2.0350043773651123 0.5106329917907715 2.6310863494873047
-0.8482093214988708 2.2610621452331543 2.641951322555542
0.22703492641448975 2.269279956817627 -1.687325358390808
1.7071237564086914 0.049410924315452576 2.7152364253997803
-1.4714326858520508 0.008955076336860657 -2.6611669063568115
0.9664814472198486 2.545414686203003 -2.835055351257324
-1.2708326578140259 2.2772481441497803 1.0288617610931396
1.3728524446487427 2.2676804065704346 -1.838254690170288
1.6593363285064697 2.4536020755767822 -0.09203074872493744
-1.4839197397232056 0.10817045718431473 -2.656054973602295
2.038198947906494 0.7518677711486816 2.495549440383911
-1.3250985145568848 -0.4272248446941376 2.456655979156494
1.348731279373169 2.2725677490234375 -0.8583003878593445
-1.2803900241851807 2.4974987506866455 -2.406442165374756
-1.0761792659759521 2.4134061336517334 2.917279005050659
1.5780104398727417 -1.7305856943130493 -2.6079015731811523
0.27764472365379333 2.478320360183716 -2.36637544631958
1.9996592998504639 2.4810850620269775 1.3589247465133667
-1.4860786199569702 -0.256393164396286 -2.66766619682312
2.0871620178222656 0.9281248450279236 -2.658864736557007
-1.5569710731506348 -0.7539687752723694 -2.6556918621063232
-1.5478883981704712 -1.0210199356079102 2.630654811859131
1.6712664365768433 2.4500584602355957 2.814095973968506
-0.6518309116363525 2.281843423843384 0.17675937712192535
-1.760168433189392 2.2665774822235107 -0.545711874961853
0.5719641447067261 2.2853362560272217 1.6322846412658691
-1.7464863061904907 2.517862558364868 -0.9768262505531311
-0.46774810552597046 2.4686076641082764 -0.29968714714050293
0.9592808485031128 2.458279609680176 -0.6277222633361816
-0.45779380202293396 2.25587797164917 0.8300336599349976
-0.15797540545463562 2.4555609226226807 -1.1900138854980469
0.26582956314086914 1.960997223854065 2.5626115798950195
0.5412090420722961 2.4665606021881104 -1.55072021484375
0.26085925102233887 2.2620949745178223 1.4181045293807983
-0.7520955204963684 2.2748796939849854 2.259293794631958
2.035305976867676 0.9897288680076599 2.6596851348876953
0.08345726132392883 2.276215076446533 0.7585321068763733
1.5409690141677856 -1.5805511474609375 -2.491400718688965
-1.0850191116333008 2.170548439025879 -2.660372257232666
0.8159189224243164 2.4516761302948 1.3431793451309204
0.4448586404323578 2.445619583129883 -0.31935760378837585
1.84568452835083 2.1447343826293945 -2.2959742546081543
0.6759411692619324 2.469454526901245 -1.777286171913147
-0.5677198171615601 2.4629228115081787 0.9505940079689026
0.72382652759552 2.2998783588409424 -0.345413476228714
1.2201701402664185 2.2606942653656006 1.6126463413238525
2.53354549407959 2.4037468433380127 0.5557398796081543
1.7378804683685303 2.4631853103637695 0.979153573513031
-1.4716426134109497 -1.4439444541931152 -2.614593982696533
0.0013585537672042847 1.7797436714172363 -2.559433937072754
-1.4200267791748047 -0.7347797155380249 2.5952281951904297
-1.3648134469985962 2.0025148391723633 2.1895806789398193
-1.6355406045913696 2.4869871139526367 -0.4907808005809784
1.9136710166931152 2.5272364616394043 -2.290989875793457
-0.11421950161457062 2.4734489917755127 -1.7593441009521484
-0.7765224575996399 2.4570374488830566 -1.2939189672470093
-1.6969053745269775 0.01791761815547943 -2.3624632358551025
1.7855043411254883 2.2680675983428955 -0.7580786943435669
-1.1299707889556885 2.456930637359619 2.240506649017334
-1.6170908212661743 2.2819535732269287 1.0601537227630615
-1.3637731075286865 -2.083271026611328 2.340949535369873
1.9097479581832886 2.463087797164917 0.15826521813869476
-0.7928584218025208 1.9963030815124512 -2.3379483222961426
-1.7787132263183594 1.4225914478302002 2.2570338249206543
1.3422532081604004 2.269500732421875 -0.9808512926101685
1.2963823080062866 2.1381094455718994 2.4452593326568604
0.055211812257766724 2.278010129928589 1.5127501487731934
0.18831902742385864 2.4609649181365967 1.1536794900894165
1.6530934572219849 -1.7080857753753662 -2.2982594966888428
1.1262458562850952 2.2706408500671387 -2.3698301315307617
1.593907117843628 -2.025350332260132 -2.604896306991577
-1.6743147373199463 -1.2818180322647095 -2.5922276973724365
1.336517095565796 2.24151611328125 -1.4451706409454346
2.329798460006714 2.282902240753174 0.6998865008354187
-0.8446791172027588 2.270315170288086 2.282052993774414
-0.4346264898777008 2.213942766189575 2.30696439743042
0.13087931275367737 2.190251588821411 -2.6620867252349854
1.5245180130004883 0.5224626064300537 -2.6745567321777344
1.9956122636795044 2.508884906768799 -1.0954322814941406
1.1700557470321655 2.241011142730713 -0.47749122977256775
0.40383973717689514 2.5318703651428223 2.7659521102905273
1.9629218578338623 -1.0956122875213623 2.5612010955810547
1.0132763385772705 2.4512534141540527 1.9528535604476929
-1.770623803138733 2.554210662841797 -2.226369619369507
1.7425938844680786 -0.08658120036125183 -2.2817466259002686
-0.31700825691223145 2.463514804840088 -0.9982272386550903
0.8017129898071289 2.4825589656829834 -2.3245880603790283
-1.8013964891433716 1.8677282333374023 2.363128662109375
1.1857998371124268 2.2588157653808594 -0.43848916888237
-0.02402651309967041 2.274030923843384 0.3331356644630432
-1.870359182357788 2.2945995330810547 -1.7746776342391968
1.8238246440887451 0.46989548206329346 -2.68192982673645
1.5729469060897827 0.7692874073982239 2.5946269035339355
1.9275062084197998 -1.2200391292572021 -2.6529383659362793
1.440852165222168 2.4614999294281006 0.45329126715660095
2.023068904876709 0.5035547614097595 2.6518442630767822
0.8281078934669495 2.4600820541381836 0.48550066351890564
-1.3706626892089844 1.9879010915756226 -2.2207000255584717
2.3602492809295654 2.2570512294769287 1.3637653589248657
1.8124667406082153 -1.8557158708572388 2.703119993209839
0.33914080262184143 2.274087905883789 2.166550397872925
-1.6568928956985474 2.282111406326294 0.07268483936786652
0.16170832514762878 2.4643588066101074 0.8874443769454956
1.560746669769287 -1.1653687953948975 2.616727590560913
0.6395402550697327 1.9443538188934326 2.672666072845459
-0.12030699849128723 2.282064199447632 -2.0439860820770264
1.725894570350647 1.135838270187378 2.681628704071045
1.2518366575241089 2.4602174758911133 0.8435837626457214
0.2905454635620117 1.9580934047698975 -2.7139639854431152
-1.6835689544677734 0.21668852865695953 -2.477975845336914
1.9294058084487915 -0.33108454942703247 2.2233970165252686
1.6854329109191895 2.1207334995269775 -2.7183094024658203
-2.0928897857666016 2.5184216499328613 -1.349237322807312
-1.1514288187026978 2.2904610633850098 -2.896420478820801
-1.34420645236969 -0.9144303202629089 -2.262450933456421
-0.6411328315734863 2.275834321975708 1.5855345726013184
0.41695261001586914 2.2853667736053467 1.0086262226104736
-1.892870545387268 2.558565616607666 0.19543379545211792
-1.57039213180542 2.277616500854492 -2.026226758956909
-1.480695128440857 1.641021966934204 -2.690702438354492
-0.5859594345092773 2.5277323722839355 -2.4237871170043945
2.4463765621185303 2.487184524536133 1.2133828401565552
-0.9432322978973389 2.271897077560425 -0.751649022102356
1.4701193571090698 2.5480053424835205 -2.585477828979492
-0.1984512060880661 2.2821738719940186 -0.5632616877555847
-1.1987534761428833 1.4582514762878418 -2.4168179035186768
-1.7637556791305542 2.186898708343506 2.451984405517578
-1.1377702951431274 2.2654097080230713 0.2212313562631607
-0.3059128522872925 2.272547483444214 -0.043285880237817764
-0.24863651394844055 2.2707200050354004 -1.3786333799362183
-2.1407289505004883 2.29988169670105 -1.5508105754852295
0.3856866657733917 2.1590871810913086 2.5935850143432617
1.5504357814788818 2.2747795581817627 1.1800432205200195
0.5787882208824158 2.457068920135498 -0.5108888745307922
-1.4157315492630005 1.643160104751587 -2.6950290203094482
-1.3139889240264893 2.2457268238067627 2.44718861579895
1.7859296798706055 2.2674448490142822 2.7597267627716064
-0.3935352861881256 2.2672295570373535 -0.8497141599655151
-1.2131003141403198 -0.5946581959724426 -2.2845964431762695
0.5946443676948547 2.2639875411987305 0.7811785936355591
-2.167088508605957 2.547163248062134 -1.950238823890686
2.035219669342041 0.6575899720191956 2.5884077548980713
0.7159254550933838 1.9741241931915283 2.423506259918213
-0.433789998292923 2.263489246368408 -1.984094500541687
2.1566286087036133 2.4899749755859375 1.007598876953125
-1.4748812913894653 1.9653818607330322 2.0472846031188965
0.3029831647872925 2.4631474018096924 -0.017476849257946014
0.11348152160644531 2.460866689682007 1.398025631904602
-1.854004144668579 2.282803773880005 -2.7319109439849854
-0.0707666277885437 2.457393169403076 2.275200843811035
-1.278713583946228 1.9181878566741943 2.3840484619140625
0.883499264717102 2.2742578983306885 -0.5818842649459839
-0.5902124643325806 2.2844552993774414 1.5790784358978271
1.8142423629760742 2.2529468536376953 -0.3907511532306671
1.7731821537017822 0.034370750188827515 2.7301125526428223
2.30137300491333 2.253401041030884 0.28272849321365356
-1.2423211336135864 0.8295551538467407 -2.694897174835205
1.9563509225845337 2.5373363494873047 -2.2780447006225586
-1.5689845085144043 2.276665449142456 -2.0065479278564453
2.318359375 2.5379414558410645 0.48408573865890503
-1.2814627885818481 -1.0007290840148926 -2.2701499462127686
-1.217483401298523 0.11524608731269836 -2.2560651302337646
1.5852949619293213 1.3777061700820923 2.5987744331359863
0.4921291470527649 2.456052780151367 -0.7812636494636536
2.514673948287964 2.327246904373169 -1.8539583683013916
1.7069542407989502 -1.4499244689941406 -2.281543254852295
-1.3735883235931396 2.1233255863189697 2.6280434131622314
1.7636640071868896 -2.07918381690979 -2.521165609359741
0.09130910038948059 2.270012140274048 -0.5529625415802002
-0.9254613518714905 2.471871852874756 1.2321051359176636
0.9281623363494873 2.1882431507110596 -2.7066898345947266
1.7196323871612549 2.4689230918884277 2.5540554523468018
-1.2004117965698242 1.079971194267273 -2.6272833347320557
2.084615468978882 -1.118759036064148 -2.609605550765991
2.5079898834228516 2.4619102478027344 -2.4081621170043945
-2.0526535511016846 2.579695224761963 2.1799285411834717
1.4062740802764893 2.277146100997925 -2.2731986045837402
1.592563509941101 1.695275068283081 2.659587860107422
-2.194042682647705 2.4606871604919434 -1.0738028287887573
0.45844849944114685 2.2621285915374756 1.3248436450958252
-0.20539787411689758 2.2763168811798096 -0.2883729040622711
0.07707065343856812 2.27162766456604 -2.0067853927612305
2.4384987354278564 2.28182315826416 -0.7803466320037842
-2.11734676361084 2.531397819519043 -0.5288979411125183
-1.4449883699417114 0.03525875508785248 -2.6463608741760254
1.888328194618225 1.5442157983779907 -2.7137539386749268
-1.3304568529129028 0.5465811491012573 2.4424946308135986
-1.879520058631897 2.4925806522369385 2.4696948528289795
1.5870308876037598 0.33726903796195984 2.1897032260894775
-0.4011670649051666 2.481264352798462 -2.330612897872925
1.7184585332870483 2.461251735687256 -2.058286666870117
-1.9682389497756958 2.2831008434295654 1.7379399538040161
1.038114070892334 2.2223715782165527 2.3545284271240234
2.0660290718078613 1.779687762260437 2.378514528274536
1.1766341924667358 2.2723820209503174 -2.0901851654052734
1.9938546419143677 1.823335886001587 -2.3064868450164795
2.193237781524658 2.6233859062194824 -2.6426596641540527
-0.06076665222644806 2.2531020641326904 -1.9330755472183228
2.4996514320373535 2.278017044067383 -0.39216771721839905
-2.038534164428711 2.280733823776245 1.6077995300292969
-0.3200204372406006 2.272301197052002 1.7549816370010376
0.12710508704185486 2.2205677032470703 2.6505603790283203
1.546730637550354 -1.0461965799331665 2.2681562900543213
-2.1274094581604004 2.5554940700531006 -2.5965938568115234
1.7575379610061646 -1.059828519821167 -2.672060251235962
1.5991952419281006 -0.040839239954948425 2.2170844078063965
1.9255815744400024 1.8840489387512207 -2.6663665771484375
-2.050499677658081 2.2875521183013916 0.9025057554244995
1.6989271640777588 -2.0154881477355957 2.700186252593994
1.7716827392578125 -0.901467502117157 2.206606388092041
-2.058222532272339 2.591554641723633 -0.4585455358028412
1.7868603467941284 2.2267372608184814 -2.739551067352295
-1.5081121921539307 0.10344361513853073 2.5921051502227783
-0.5478137135505676 2.4721767902374268 -1.288927435874939
-1.6716258525848389 2.284397840499878 0.1132979542016983
-1.1122231483459473 2.2772879600524902 -2.089273452758789
1.0137686729431152 2.2727348804473877 1.616452693939209
-1.6919454336166382 -1.5953516960144043 -2.5431885719299316
-0.002818197011947632 2.2730231285095215 -0.9797747731208801
1.7884159088134766 -0.007912740111351013 -2.6711220741271973
-0.30063727498054504 2.3875837326049805 -3.0049026012420654
2.027634620666504 0.28773799538612366 2.388645887374878
2.108982563018799 -1.5288358926773071 -2.4922597408294678
-0.9746677875518799 2.2718944549560547 0.6914879679679871
-1.6007171869277954 1.9914183616638184 -2.2426230907440186
-2.1612207889556885 2.289609670639038 2.5274546146392822
-1.4865549802780151 2.4560225009918213 -0.6600523591041565
-1.3775792121887207 -0.1595475673675537 2.143688917160034
-0.33133548498153687 2.2409582138061523 2.5787460803985596
1.695602536201477 2.1085166931152344 -2.3559837341308594
0.35484427213668823 2.4540624618530273 -0.19439391791820526
0.0030258558690547943 2.271757125854492 0.3518153429031372
-1.8607584238052368 2.2861335277557373 -1.079085350036621
2.3193726539611816 2.330430507659912 -2.456125497817993
0.37561631202697754 2.2625811100006104 -2.129584789276123
1.9007759094238281 2.4816901683807373 -1.0505515336990356
2.1255686283111572 1.236863136291504 -2.5709125995635986
1.8623331785202026 -0.08563759922981262 -2.274650812149048
-0.6300750970840454 2.4728281497955322 -0.257122665643692
1.8672205209732056 2.2488937377929688 1.0062693357467651
-1.9712804555892944 2.2639243602752686 -1.7695486545562744
1.8576397895812988 2.3015429973602295 -0.3590683937072754
-2.2363154888153076 2.2953991889953613 -2.274517774581909
-1.524069905281067 0.7762914896011353 2.126312494277954
-1.2233127355575562 -1.342113733291626 -2.5997493267059326
-1.542811632156372 0.6969324946403503 2.596489906311035
1.9360699653625488 0.9942754507064819 2.277148962020874
-1.207041621208191 -0.6020650267601013 -2.284275531768799
1.4477213621139526 0.08775271475315094 -2.3496646881103516
-1.6011348962783813 1.7689238786697388 2.084540843963623
1.6017435789108276 2.4825384616851807 -1.382895827293396
0.7452423572540283 1.7713972330093384 -2.704127311706543
-1.568311095237732 2.3242945671081543 2.7758655548095703
2.5677568912506104 2.3755595684051514 0.595516562461853
1.108858346939087 2.4562954902648926 2.4600839614868164
2.5962424278259277 2.4126501083374023 0.8524447679519653
1.8869105577468872 2.5109143257141113 0.7549239993095398
-1.8256880044937134 2.502667188644409 -2.9099743366241455
1.5026869773864746 2.3285698890686035 -2.8060600757598877
-1.3187175989151 -1.429751992225647 -2.241208553314209
1.898328185081482 -2.147657871246338 2.545339584350586
1.5681434869766235 -1.1044007539749146 2.2411224842071533
-2.070028781890869 2.269298553466797 -0.5671593546867371
-0.8472737073898315 2.4974968433380127 -2.9559333324432373
-1.3604182004928589 1.8497798442840576 2.148571729660034
-1.7551920413970947 1.8567209243774414 -2.5100951194763184
-1.7794216871261597 1.4002524614334106 2.4669928550720215
-1.9398272037506104 2.5219149589538574 -0.4759598970413208
-1.3489106893539429 0.8077342510223389 2.2076776027679443
0.1505616307258606 2.489867687225342 -2.3725786209106445
-1.8341090679168701 2.2763123512268066 -1.3647336959838867
-1.5577845573425293 -1.9490865468978882 -2.6271774768829346
-1.9171651601791382 2.538182258605957 0.7147805094718933
2.1972033977508545 2.524662494659424 -1.4769644737243652
-1.6811219453811646 2.1828718185424805 2.5207622051239014
-0.8084263801574707 2.260185956954956 -0.5561513900756836
0.775880753993988 1.9180246591567993 -2.782782554626465
-1.9404754638671875 2.2856979370117188 2.4426538944244385
1.8588128089904785 -0.4870098829269409 -2.6739706993103027
1.3835934400558472 2.4630351066589355 -1.1774181127548218
-1.2160096168518066 -1.2031185626983643 -2.4325029850006104
-1.2989048957824707 -0.7297288775444031 2.289599895477295
0.64445960521698 2.4563920497894287 2.5126590728759766
1.8880032300949097 -0.7638299465179443 -2.642465829849243
-1.2465535402297974 2.2904953956604004 -2.8476696014404297
-1.8167319297790527 0.7238297462463379 2.3588101863861084
0.8877108097076416 1.7944152355194092 -2.3138442039489746
0.901917040348053 2.4492928981781006 -0.6445441246032715
-0.6220822930335999 2.48540997505188 0.057469919323921204
-2.06764554977417 2.283860921859741 -2.616013765335083
0.40494197607040405 2.288888454437256 0.090586356818676
-0.02057076245546341 2.026871681213379 2.533801794052124
-1.4597973823547363 0.597740888595581 -2.660738945007324
1.0692081451416016 2.2909841537475586 -0.9396416544914246
1.7809985876083374 2.2800300121307373 1.4233332872390747
0.6277874708175659 2.4863505363464355 2.5239086151123047
-1.191377878189087 2.465996742248535 -0.2675841450691223
-1.0065590143203735 2.4679207801818848 0.2442701756954193
-0.20975074172019958 2.281888484954834 -0.893074095249176
1.2387124300003052 2.493314743041992 -1.9075349569320679
1.540666937828064 -1.2446366548538208 -2.496318817138672
-1.4966109991073608 1.827998399734497 -2.6818478107452393
-0.6908441781997681 2.262230157852173 1.3790496587753296
-0.3177311420440674 2.144904851913452 2.605452299118042
2.1613340377807617 2.4531021118164062 2.3730263710021973
-2.2366819381713867 2.5769050121307373 -2.6488242149353027
2.556567430496216 2.2980830669403076 -1.506256103515625
1.7166982889175415 -0.7630153298377991 -2.66857647895813
-0.6377067565917969 2.281552791595459 -2.896538019180298
-1.6897025108337402 -0.6722913980484009 -2.394451141357422
-0.08507899194955826 2.2707152366638184 -1.152133822441101
1.1557809114456177 2.4407436847686768 1.8742663860321045
0.5050101280212402 2.510219097137451 2.7176513671875
-2.1255111694335938 2.270918607711792 1.7664868831634521
-0.9042127132415771 2.265967845916748 -2.2429330348968506
1.7834875583648682 -1.7017239332199097 -2.667757749557495
0.6967118978500366 2.46909761428833 -1.8235589265823364
0.7104759216308594 2.4512016773223877 2.177929401397705
-1.542586326599121 2.310929298400879 2.765329599380493
2.5626747608184814 2.3204739093780518 -1.1639693975448608
1.1147305965423584 2.4771230220794678 -2.0807571411132812
-0.145847886800766 2.454916477203369 -0.40704092383384705
-2.1510677337646484 2.5189406871795654 -0.5997788906097412
-0.957629919052124 2.451186180114746 2.0335350036621094
2.5228993892669678 2.460613250732422 2.721201181411743
-0.1527191698551178 2.2360692024230957 -1.2742571830749512
-1.7808958292007446 -0.5866671204566956 2.3869378566741943
2.1082468032836914 1.687252402305603 -2.7006962299346924
-0.9597195386886597 2.478099822998047 -1.1096234321594238
-1.3883177042007446 1.4618629217147827 -2.265097141265869
1.7851581573486328 -1.767892837524414 2.6684799194335938
-0.5332599878311157 2.0495262145996094 -2.3452370166778564
2.3049163818359375 2.4966721534729004 -1.5431703329086304
1.1347291469573975 2.462315559387207 1.33937668800354
-0.11639298498630524 2.070112943649292 2.58803653717041
-1.9498364925384521 2.2838332653045654 2.1454885005950928
-1.809996247291565 2.5333664417266846 0.19480489194393158
2.030550956726074 0.9056386947631836 2.695441961288452
1.0191360712051392 2.457620859146118 -2.6485867500305176
-1.1574829816818237 2.4811081886291504 -1.9958559274673462
2.1463987827301025 0.5773149728775024 -2.5973544120788574
1.6152136325836182 -1.6445143222808838 -2.6306209564208984
0.05139848217368126 2.4508299827575684 0.7669399380683899
-1.7515170574188232 1.779829502105713 -2.3985207080841064
1.4922832250595093 -0.3461756110191345 -2.608731985092163
1.5348587036132812 -0.010603025555610657 -2.63175106048584
-1.6218081712722778 -0.8718713521957397 -2.272348165512085
-1.518955111503601 2.5012636184692383 1.3708699941635132
1.9396507740020752 1.2499244213104248 2.7136218547821045
-1.314978837966919 -1.0236947536468506 2.423790693283081
-0.4031117558479309 2.4679949283599854 -1.9115118980407715
-0.685592770576477 2.0161585807800293 -2.4341115951538086
1.2746013402938843 2.4756340980529785 -1.5992352962493896
1.9135220050811768 2.4491286277770996 0.9767203330993652
-0.14285218715667725 2.2711000442504883 -2.265047073364258
-1.3943732976913452 -0.7807650566101074 -2.6578447818756104
-1.5376479625701904 -1.469160556793213 -2.654796838760376
-1.4782929420471191 1.3752038478851318 2.5903847217559814
-1.2305786609649658 -0.3364730477333069 -2.5045299530029297
-1.7861614227294922 2.2736384868621826 2.319793224334717
1.5667469501495361 -1.3983478546142578 -2.346144437789917
-1.6809298992156982 1.9642887115478516 2.1555964946746826
1.8980940580368042 -0.04930777847766876 2.739879608154297
-1.568016767501831 0.3781958222389221 2.1276299953460693
2.0969479084014893 1.3563649654388428 2.595594882965088
-1.894901990890503 2.5875906944274902 -1.4737635850906372
1.5327467918395996 2.2315025329589844 2.603538990020752
0.21831297874450684 2.2480859756469727 0.185100719332695
1.3373380899429321 2.2500948905944824 -1.2926136255264282
1.4202380180358887 0.7375044226646423 -2.396198034286499
1.5436723232269287 -1.5263903141021729 2.51650071144104
-1.6392792463302612 1.8245084285736084 2.625723123550415
-1.8574984073638916 2.2791812419891357 -2.5866971015930176
-1.3217391967773438 0.27520692348480225 2.303408622741699
-0.1314515322446823 2.2724621295928955 1.40812349319458
1.6272622346878052 1.4687066078186035 2.28580379486084
-0.8672094345092773 2.4697484970092773 0.5323331356048584
0.30522483587265015 2.455531358718872 2.5487701892852783
-2.1949548721313477 2.4432284832000732 -1.2565778493881226
0.3171907961368561 2.467924118041992 2.5593953132629395
-1.940546989440918 2.2836310863494873 0.8324558138847351
-0.23132750391960144 2.449951648712158 -0.9461618065834045
1.555151343345642 0.6815434098243713 2.544163465499878
1.8530484437942505 2.2782647609710693 -1.8993406295776367
-1.672383427619934 0.10279311239719391 -2.5780065059661865
-1.7982103824615479 2.2705600261688232 0.8631693720817566
-1.4642881155014038 2.4732236862182617 0.952910840511322
2.015087127685547 2.1999471187591553 2.751856803894043
0.6203740239143372 2.273273229598999 -0.8570783734321594
-1.5995763540267944 1.4718738794326782 2.5933308601379395
1.980803370475769 1.5070412158966064 -2.720125436782837
1.9975605010986328 1.2046453952789307 -2.2693674564361572
1.452819585800171 1.9736331701278687 2.5628321170806885
-1.2862269878387451 2.0095882415771484 2.22302508354187
1.2061996459960938 2.229459524154663 2.7721846103668213
-0.009672313928604126 2.273068904876709 -1.1601871252059937
-0.3406483829021454 2.281759738922119 -0.0009885260369628668
-1.7567408084869385 2.112790822982788 2.4155020713806152
-1.352448582649231 -0.27951279282569885 2.5345563888549805
1.176859974861145 2.4572653770446777 1.598418951034546
2.18198561668396 2.267747163772583 0.5992429256439209
-1.8580577373504639 2.5695102214813232 -0.8196699023246765
-1.5291099548339844 0.28881531953811646 2.12261962890625
1.9627879858016968 0.9874199032783508 2.2274975776672363
-2.299191951751709 2.3683342933654785 1.067087173461914
-1.5917052030563354 0.8585819602012634 -2.2831478118896484
-1.3177062273025513 0.14113621413707733 2.453361988067627
1.8634037971496582 2.4910576343536377 -0.7554874420166016
-1.4951869249343872 1.5708829164505005 -2.240530490875244
0.06728076189756393 2.4599103927612305 -1.0687575340270996
0.5229960680007935 2.455054759979248 1.8205424547195435
0.5191774964332581 2.4603071212768555 -0.8568249344825745
0.9327415227890015 2.456268310546875 -1.0012942552566528
1.9563082456588745 2.2474265098571777 2.299089193344116
1.762726902961731 2.536432981491089 -2.3901240825653076
-1.4371100664138794 0.4565199017524719 2.1334352493286133
-1.482453465461731 2.2871956825256348 1.2570937871932983
0.8243940472602844 2.276339530944824 1.7543866634368896
0.3550412356853485 2.266390085220337 2.7605626583099365
2.1400322914123535 0.9866304397583008 -2.5954627990722656
1.5050621032714844 2.1482038497924805 2.3025460243225098
2.2893571853637695 2.525019884109497 -1.016161322593689
0.057271406054496765 2.2541377544403076 -0.03701792657375336
1.9846582412719727 1.8616623878479004 2.2842178344726562
-1.4496248960494995 0.6677306294441223 2.133186101913452
-0.7358067035675049 2.4604320526123047 -0.45574265718460083
2.108454465866089 -1.3031580448150635 -2.2936084270477295
1.8705536127090454 2.536436080932617 -2.2025256156921387
-0.48353084921836853 2.4675943851470947 0.02461056225001812
2.00058913230896 2.5270140171051025 -1.830198884010315
1.7519853115081787 2.458066940307617 1.7322702407836914
0.8494192957878113 2.2463738918304443 2.582179307937622
-0.014361884444952011 2.496213674545288 0.3861791491508484
-0.8681879043579102 2.273069381713867 2.6164896488189697
0.4018043279647827 2.273341655731201 0.4347720742225647
2.4752016067504883 2.475393056869507 -1.962024211883545
0.6274583339691162 2.2353525161743164 2.6877636909484863
1.5073034763336182 -1.0447635650634766 -2.368112087249756
-0.5252260565757751 2.27494215965271 2.012507915496826
-1.5331653356552124 2.4850761890411377 -0.43532663583755493
-2.2464182376861572 2.277308225631714 1.9541469812393188
1.7890739440917969 -1.9393961429595947 -2.667003870010376
0.6350715756416321 2.473736524581909 -1.882643222808838
-0.9170939922332764 1.985798716545105 2.461066961288452
-1.4614083766937256 2.2816524505615234 -0.4381212592124939
-1.352321982383728 0.25520437955856323 2.551485538482666
-0.11918557435274124 2.2762162685394287 -0.646191418170929
2.434368133544922 2.302216053009033 -2.116922616958618
-2.0230352878570557 2.3075876235961914 -1.4911853075027466
0.10884445160627365 2.260385274887085 -1.7877256870269775
-0.9193110466003418 2.2659835815429688 1.702371597290039
2.3979856967926025 2.275731086730957 2.097571849822998
-1.1381580829620361 2.2801928520202637 -2.1008822917938232
1.4251867532730103 2.2678585052490234 2.340115785598755
-2.2773170471191406 2.3504278659820557 -0.02514323964715004
-1.8644124269485474 2.2789580821990967 0.0320967473089695
2.1080172061920166 -0.9773156642913818 -2.3072633743286133
1.5501198768615723 0.6396896243095398 -2.28249192237854
0.6231243014335632 2.284485340118408 -1.7261700630187988
1.88563871383667 2.3835389614105225 -2.9063806533813477
1.0298269987106323 2.462519407272339 1.8950762748718262
-0.5692295432090759 2.2624106407165527 -0.11451570689678192
-1.5505809783935547 2.486881971359253 1.4919507503509521
0.8106904029846191 2.4569506645202637 1.2524101734161377
2.4960155487060547 2.437293767929077 -2.5858147144317627
-0.8182633519172668 2.2845826148986816 -0.893460214138031
1.7578587532043457 -1.068346381187439 2.708754777908325
0.5448228716850281 1.8750277757644653 -2.235450267791748
1.8231446743011475 2.4778523445129395 -1.9780833721160889
-1.660489559173584 -0.5937978029251099 -2.565385103225708
1.0201478004455566 2.4327609539031982 1.0428447723388672
2.0904552936553955 -1.6213868856430054 -2.2990541458129883
0.36349424719810486 2.4631941318511963 -1.0660128593444824
1.9487686157226562 -1.7943861484527588 2.276695966720581
-0.5266615748405457 2.4599525928497314 -0.9978700280189514
1.6148971319198608 0.5929976105690002 -2.6763510704040527
2.0932254791259766 2.058102607727051 -2.5512263774871826
-1.4035712480545044 1.395578384399414 2.078566074371338
1.5618863105773926 0.1354113221168518 2.4802708625793457
0.371943861246109 2.45707631111145 1.2354581356048584
0.31862765550613403 2.282956600189209 0.7594360113143921
-1.5607694387435913 -0.05509486794471741 -2.2537131309509277
0.6949243545532227 2.4602701663970947 1.3071317672729492
-1.6355739831924438 -1.9762294292449951 -2.2846245765686035
0.0881950706243515 2.2570748329162598 -1.620720386505127
2.2617990970611572 2.4550793170928955 0.6385899782180786
1.3604083061218262 2.4554383754730225 -0.9503657817840576
1.7847121953964233 1.766902208328247 2.71675968170166
1.990761637687683 -0.9061368703842163 2.5531444549560547
-1.9803221225738525 2.574712038040161 0.6134288907051086
2.037846326828003 2.2780041694641113 1.9345182180404663
2.3262746334075928 2.275005578994751 2.6847145557403564
-2.2983291149139404 2.3732616901397705 -2.5619864463806152
1.5468568801879883 -2.017099618911743 2.274844169616699
1.1280014514923096 2.4554672241210938 0.6669586300849915
0.37886330485343933 1.7836496829986572 -2.2724874019622803
-1.1202322244644165 2.2806572914123535 -0.8199805617332458
1.3872697353363037 2.4250898361206055 -0.7348532676696777
-1.672330379486084 2.2639408111572266 2.219092607498169
0.16545794904232025 2.480248212814331 -2.2309887409210205
2.002009153366089 2.280932664871216 1.9012094736099243
1.9440640211105347 -0.9189261794090271 -2.2720162868499756
-0.9313507676124573 2.2743003368377686 0.0891117975115776
1.79067063331604 -0.27616214752197266 -2.612683057785034
0.6807786226272583 2.516517162322998 -2.4717066287994385
-0.6030548214912415 2.2790980339050293 -1.6241695880889893
-2.129570245742798 2.2876811027526855 -1.0858633518218994
1.7651002407073975 -0.5332703590393066 -2.660921812057495
-0.9426867961883545 2.2803215980529785 0.5728325247764587
-2.061391592025757 2.5138511657714844 2.691455364227295
-0.17380093038082123 2.2681050300598145 1.1494929790496826
1.4548473358154297 2.279804229736328 -0.18154461681842804
0.9427065253257751 2.481724977493286 -1.8148494958877563
2.010702610015869 1.382767677307129 -2.2614994049072266
-2.1258420944213867 2.282339334487915 0.6402167081832886
1.3530802726745605 2.459585189819336 1.7606858015060425
1.879179835319519 1.7645796537399292 2.2362735271453857
1.9101059436798096 -0.7673345804214478 -2.2726144790649414
-1.537806749343872 0.7730859518051147 -2.6737029552459717
-0.7644936442375183 2.2748749256134033 0.7821817398071289
-0.48289185762405396 2.265787124633789 -1.7829924821853638
1.7863218784332275 2.389163017272949 -2.9214510917663574
-1.8778983354568481 2.5637011528015137 -1.0887452363967896
1.9201231002807617 -0.43072420358657837 -2.278053045272827
-1.4151568412780762 -0.9403606653213501 2.115140914916992
1.766968846321106 2.461714267730713 -0.29332074522972107
0.16354790329933167 2.093557119369507 -2.7130844593048096
0.7973231673240662 2.4627530574798584 1.0485284328460693
-1.4347779750823975 2.482717514038086 1.7355836629867554
2.1380884647369385 0.8603771328926086 -2.5499112606048584
2.5755670070648193 2.3014466762542725 -0.2169029414653778
1.2923020124435425 2.28985595703125 -0.8032612204551697
-1.6244316101074219 -0.556327760219574 2.1203513145446777
-0.30212777853012085 2.47871732711792 -1.9062238931655884
1.0481761693954468 1.966649055480957 2.419761896133423
1.8283917903900146 1.3622734546661377 2.246493101119995
2.067845582962036 0.6961930990219116 -2.264464855194092
2.1919848918914795 2.5575761795043945 0.3251084089279175
-1.6088837385177612 2.4743382930755615 2.568164587020874
0.018147185444831848 2.2835583686828613 0.11257115006446838
-1.7735270261764526 -0.814253568649292 2.3995845317840576
-0.931922197341919 2.2777867317199707 1.0620876550674438
-1.7922241687774658 -1.1304492950439453 2.217608690261841
-0.9225700497627258 2.0461490154266357 -2.3371124267578125
-1.4214859008789062 1.5642979145050049 2.1032402515411377
2.5480480194091797 2.3759984970092773 2.1714389324188232
-0.9906316995620728 2.2726738452911377 2.0248682498931885
1.9928075075149536 -1.3730220794677734 2.442880153656006
-1.2037861347198486 0.004360571503639221 -2.5388219356536865
2.003838300704956 -0.3144344687461853 2.630812168121338
0.7727043628692627 2.2736785411834717 -0.2613298296928406
-1.0354634523391724 2.26887845993042 -2.220771074295044
0.3899366855621338 2.280512809753418 1.3776153326034546
2.0448217391967773 2.0504541397094727 -2.246368169784546
0.10643325001001358 1.847121238708496 2.429860830307007
2.20487642288208 2.600975751876831 -0.5284054279327393
-1.5163654088974 -0.6830325126647949 2.1311538219451904
-0.9244905114173889 2.4626550674438477 2.0887672901153564
-2.063124895095825 2.577700614929199 2.186263084411621
-2.026766061782837 2.28029203414917 1.4029902219772339
1.5451362133026123 -0.5194404125213623 2.544654369354248
1.7399793863296509 -0.5244859457015991 -2.2813806533813477
2.104433536529541 2.588763952255249 -2.527514934539795
-1.499138593673706 2.269453763961792 -1.0235956907272339
2.486429214477539 2.465942144393921 1.3884321451187134
0.21606984734535217 1.813185453414917 -2.358081340789795
1.6805540323257446 1.8122990131378174 -2.280225992202759
-0.354942262172699 2.470665454864502 -0.14340630173683167
-0.7050303220748901 2.0359864234924316 2.3543877601623535
-1.455310583114624 0.5121460556983948 2.6006648540496826
-1.0611841678619385 2.2648158073425293 2.430943250656128
2.1042556762695312 -1.6346585750579834 -2.504958152770996
-1.3252050876617432 1.9401346445083618 2.161022663116455
-0.2547263205051422 2.2879748344421387 -2.9685492515563965
-0.9519785046577454 2.2703866958618164 1.6639409065246582
-1.5032743215560913 0.47877228260040283 -2.6696524620056152
-1.5607372522354126 2.2840943336486816 -0.6586840748786926
1.9978384971618652 -1.4747143983840942 2.4719772338867188
-0.3952219486236572 1.7919872999191284 -2.547743558883667
-2.0332398414611816 2.560930013656616 -1.7784414291381836
-1.5271371603012085 1.352116346359253 -2.6740667819976807
1.0748907327651978 2.294528007507324 -2.7560298442840576
-1.8347501754760742 2.19282865524292 2.323136806488037
0.6884765028953552 2.2684953212738037 2.1270999908447266
2.2813901901245117 2.510073661804199 0.6943797469139099
1.679199457168579 2.4586265087127686 1.4095056056976318
1.860363245010376 2.4621989727020264 1.2571691274642944
1.8359397649765015 2.270932912826538 -1.4306588172912598
1.6474331617355347 -0.5268087983131409 -2.2818186283111572
-0.29599106311798096 2.2726738452911377 1.6896626949310303
-0.8996047377586365 2.4765944480895996 -0.2956366240978241
0.7583363652229309 2.4298791885375977 -0.9593942761421204
1.5961146354675293 2.280705690383911 -1.9261974096298218
-0.4244403839111328 2.2763805389404297 -1.0979222059249878
-1.287762999534607 2.280569314956665 -1.5349022150039673
-0.40935251116752625 2.2609150409698486 -2.098548412322998
-1.5811138153076172 2.2784640789031982 -2.142662763595581
1.7927746772766113 -1.3451616764068604 -2.2846739292144775
-0.1652373969554901 2.45939040184021 2.0196828842163086
2.4544153213500977 2.273327350616455 0.5194672346115112
-1.3264232873916626 2.4748029708862305 -0.6116402745246887
0.708255410194397 2.296409845352173 0.710006833076477
-0.811928927898407 2.474496603012085 -0.4922856390476227
1.6106802225112915 1.151254653930664 2.62229061126709
1.67136812210083 -1.6159156560897827 -2.699289321899414
-0.015782758593559265 2.478060722351074 -2.176807403564453
2.547391414642334 2.432405471801758 -1.4536980390548706
0.7892869710922241 2.216259479522705 -2.503681182861328
0.5864732265472412 2.4648404121398926 -1.3070812225341797
-0.42572182416915894 2.5371363162994385 -2.5165839195251465
-0.7353066205978394 2.2779271602630615 -0.719618558883667
-2.2418839931488037 2.3095297813415527 -1.1340909004211426
2.031968832015991 0.6954984068870544 2.4752604961395264
-0.5835717916488647 1.7786948680877686 -2.6832141876220703
2.2568576335906982 2.2624688148498535 0.44970983266830444
-1.8546956777572632 2.289264678955078 -0.998058557510376
1.8634240627288818 -1.1800148487091064 2.7047128677368164
1.7390629053115845 2.256181001663208 0.13646282255649567
-2.069594144821167 2.580298662185669 -2.274108648300171
-1.2910698652267456 -0.8106940984725952 -2.6415891647338867
-1.345082402229309 -0.49014782905578613 -2.6659557819366455
-0.07742652297019958 2.467660903930664 1.1405149698257446
2.559765577316284 2.4421942234039307 -1.3727915287017822
0.5922268033027649 1.8989276885986328 2.667933464050293
1.8443125486373901 0.661925196647644 -2.7063167095184326
-0.2591787576675415 2.2532951831817627 -0.6965906023979187
1.5631083250045776 0.5117446780204773 -2.278198480606079
-1.6107381582260132 -2.023115873336792 2.1319773197174072
2.0738284587860107 2.0082952976226807 2.397780656814575
1.5046859979629517 2.2924840450286865 -2.2105603218078613
1.7487949132919312 2.4863221645355225 -1.9686018228530884
-0.22197763621807098 2.472393035888672 -1.9060672521591187
-1.5373271703720093 2.592787027359009 -2.5666534900665283
0.7278565764427185 2.2944884300231934 -2.7471773624420166
-0.567093014717102 2.4537484645843506 2.544534683227539
1.7539808750152588 -1.3155076503753662 2.6976497173309326
1.9334871768951416 0.5669857263565063 2.2294721603393555
2.12131667137146 2.2783010005950928 -0.0826992392539978
-0.5251803994178772 2.4619486331939697 2.0184600353240967
-0.7623451352119446 2.2743968963623047 1.5010452270507812
1.5609489679336548 -0.8454220294952393 2.4461510181427
-1.733719825744629 -1.472449779510498 2.151988983154297
0.8949602842330933 2.515127658843994 -2.9708127975463867
-0.7273766994476318 2.436722755432129 -1.1058175563812256
1.8600267171859741 2.4589905738830566 0.9844732880592346
-2.2493348121643066 2.283939838409424 -2.711763381958008
-2.0150156021118164 2.5192742347717285 -0.46352195739746094
0.31690990924835205 2.0074572563171387 -2.686124324798584
0.7243008017539978 2.278911828994751 0.027447015047073364
-1.0863707065582275 2.276806354522705 1.9155502319335938
2.273817539215088 2.2991042137145996 -0.004457635339349508
-1.3958691358566284 -0.1511860340833664 -2.6650707721710205
-2.07944655418396 2.2834081649780273 -1.8789466619491577
-0.7158639430999756 2.2717554569244385 1.9872543811798096
-0.4591776430606842 1.9792735576629639 2.522130250930786
-1.2528128623962402 0.9932380318641663 -2.275245189666748
0.2705696225166321 2.455615520477295 2.1866965293884277
-1.7706884145736694 -1.5052217245101929 2.364109992980957
1.833945870399475 1.0094772577285767 2.713890552520752
-1.734410047531128 -0.6602874994277954 2.165769100189209
-0.07175575196743011 2.468829870223999 -2.0776703357696533
2.0543346405029297 0.4832695424556732 -2.2502386569976807
-1.4209332466125488 2.458840847015381 -0.8247971534729004
1.2061554193496704 2.2469699382781982 -1.467114806175232
-1.6362531185150146 -0.2175833284854889 -2.284027099609375
1.7842899560928345 -0.5412195324897766 2.719663143157959
2.0810675621032715 -1.4304189682006836 -2.300976037979126
1.8052319288253784 -1.771164894104004 2.2149155139923096
-1.203284740447998 0.322732150554657 -2.244577169418335
0.44173121452331543 2.2776966094970703 0.3676087260246277
2.0080907344818115 -1.0180577039718628 -2.2772271633148193
1.5200726985931396 2.4316117763519287 -2.145639181137085
-1.1863782405853271 2.465224504470825 0.20689357817173004
-1.0921779870986938 2.2606396675109863 -2.6999144554138184
-1.8190009593963623 2.266326427459717 2.2990169525146484
2.329864501953125 2.550330400466919 0.37063294649124146
0.32659104466438293 2.282283306121826 0.4573577046394348
1.4107294082641602 2.264650344848633 -1.3671554327011108
-0.808987557888031 2.224027395248413 -2.6374218463897705
1.0998084545135498 2.462568759918213 -0.019089609384536743
-1.5374364852905273 2.502040386199951 -1.1950371265411377
-0.06834031641483307 2.2764124870300293 -1.9435076713562012
-0.531498908996582 1.782819390296936 -2.6766624450683594
-0.45222461223602295 2.4815142154693604 -2.954775333404541
-1.1714518070220947 2.25854229927063 -2.142413854598999
1.0902847051620483 2.467421054840088 1.435491681098938
2.0440449714660645 -1.4401462078094482 -2.2796785831451416
-1.4319777488708496 2.2299182415008545 -2.0635690689086914
2.0084726810455322 2.464853286743164 -0.2079489678144455
1.2452163696289062 2.300335168838501 -1.5326796770095825
-0.16838428378105164 2.5130560398101807 2.8277931213378906
-0.22910386323928833 2.460172176361084 1.0557172298431396
-0.36667293310165405 2.2864205837249756 -1.8336684703826904
-1.7990965843200684 2.2842752933502197 -1.5875307321548462
-2.033285140991211 2.5300614833831787 -1.9504626989364624
-2.0026233196258545 2.2925639152526855 -2.0479540824890137
-1.9088773727416992 2.286625623703003 -2.2071619033813477
1.3158849477767944 2.253195285797119 0.40575727820396423
0.1685921549797058 2.4603748321533203 -0.8214381337165833
1.5201680660247803 1.733697533607483 2.628716230392456
-1.3138595819473267 -1.0653661489486694 2.4054625034332275
2.2419891357421875 2.5085067749023438 1.883727788925171
1.9164454936981201 -2.073214054107666 2.4893195629119873
1.6088532209396362 2.2979938983917236 -2.0024349689483643
-1.2980164289474487 -1.250144600868225 -2.639195680618286
-0.4342588782310486 2.4580414295196533 1.6214125156402588
0.8376480937004089 2.4620392322540283 0.6120782494544983
-1.2794866561889648 2.338127613067627 -2.931842803955078
-0.29966700077056885 2.4609615802764893 0.919156551361084
1.6645418405532837 1.6540453433990479 -2.688048839569092
-0.15839305520057678 2.46441388130188 0.37152230739593506
1.3197813034057617 2.4777324199676514 0.9485760927200317
1.5504721403121948 -0.017520949244499207 2.297515392303467
1.0786807537078857 2.071394443511963 -2.6987359523773193
-1.4203280210494995 -0.8129585981369019 -2.660822868347168
-1.4897936582565308 2.235104560852051 -1.1406853199005127
1.852004885673523 2.4662601947784424 2.2132177352905273
-1.8365769386291504 2.610011339187622 -2.8496387004852295
1.4680895805358887 2.5067169666290283 -2.010528326034546
-1.17872154712677 -0.4569782018661499 -2.337176561355591
-1.304037094116211 -0.8875108957290649 -2.661299705505371
0.540221631526947 2.2666594982147217 0.6558710336685181
-1.2398236989974976 1.38222074508667 -2.318709373474121
-1.4335825443267822 1.6207808256149292 -2.2226014137268066
2.1683349609375 2.261305332183838 -0.9342049956321716
2.002523183822632 -1.1790238618850708 2.4451348781585693
1.6177436113357544 2.276026725769043 0.7868216037750244
1.9070430994033813 2.092343807220459 -2.260338544845581
-0.11074305325746536 2.4963152408599854 -2.3050835132598877
-1.1603660583496094 1.0632753372192383 -2.510876417160034
1.4901413917541504 -0.4019199013710022 -2.317192554473877
-1.568702220916748 2.5657126903533936 -2.4549880027770996
-1.0268809795379639 2.2597053050994873 -0.6120601892471313
-1.682969570159912 0.39599770307540894 2.574441432952881
-0.25755980610847473 2.469998598098755 2.399362087249756
-2.2890477180480957 2.39963960647583 -2.2243967056274414
1.3010892868041992 2.270998239517212 -0.4953867495059967
-0.47863563895225525 2.283421754837036 0.31752490997314453
1.9870707988739014 2.276604413986206 2.0243985652923584
0.03310342878103256 2.462362289428711 -0.8094627857208252
2.2374989986419678 2.4756922721862793 -1.482030987739563
1.9979227781295776 2.0504939556121826 -2.283108711242676
0.5692838430404663 2.273214101791382 -0.28083714842796326
1.9599320888519287 2.460466146469116 0.5872787237167358
-1.5210981369018555 2.242913246154785 -2.7887027263641357
-2.170719623565674 2.3004186153411865 -2.8296597003936768
0.13567060232162476 2.268357753753662 -1.925115704536438
0.7445183396339417 2.280480146408081 1.096045732498169
-1.6835606098175049 -0.5436468720436096 -2.5783681869506836
2.570007085800171 2.3177084922790527 0.6138778328895569
2.2395849227905273 2.2603275775909424 -0.02964043617248535
-1.3152269124984741 -1.1145823001861572 2.42269229888916
1.922747015953064 -0.1863585263490677 -2.6642439365386963
2.1298635005950928 0.6836807727813721 -2.3144032955169678
-0.7581285238265991 2.269296646118164 -2.229006052017212
-1.0250849723815918 2.28017520904541 -1.4405421018600464
2.001615285873413 1.282015085220337 -2.72998046875
-1.5404889583587646 -1.5967191457748413 -2.24979305267334
-0.1401766538619995 2.273937225341797 2.162868022918701
-1.9800244569778442 2.464642286300659 2.69364333152771
-0.05596306920051575 2.2656283378601074 1.5667595863342285
1.3122245073318481 2.2813382148742676 -1.295046091079712
-0.7177050113677979 2.4418232440948486 1.4335945844650269
-1.5671021938323975 -1.864552617073059 2.6534264087677
2.009949207305908 2.4838037490844727 -0.8293538093566895
-1.246820092201233 2.4731662273406982 -1.0141992568969727
-0.1829991340637207 2.458542823791504 -2.6774141788482666
1.5776218175888062 2.2600865364074707 2.298917055130005
-0.306173712015152 2.457232713699341 1.3990545272827148
0.7854785323143005 2.2486379146575928 -1.623538613319397
-1.6108454465866089 2.2846662998199463 -0.6688082814216614
2.46429181098938 2.2805521488189697 0.3873368501663208
-1.3109010457992554 -1.5062406063079834 2.4293150901794434
0.4588468372821808 1.9754425287246704 -2.308656930923462
1.2454633712768555 2.476863384246826 -2.944148302078247
-0.881959080696106 2.016984224319458 2.4459402561187744
0.16071373224258423 2.470357894897461 0.6059067845344543
1.6471829414367676 -1.490644097328186 -2.6880056858062744
-0.005387701094150543 2.4861443042755127 2.696359634399414
-1.683357834815979 -1.9459091424942017 -2.3408992290496826
-0.885401725769043 2.439678430557251 -0.5759657621383667
2.091782569885254 1.2371923923492432 -2.324237108230591
1.9385557174682617 -0.6279783248901367 -2.6635875701904297
1.5741623640060425 0.42212074995040894 2.3287408351898193
-1.0646082162857056 2.4696691036224365 -0.5460311770439148
1.4369648694992065 0.6788365840911865 -2.506636381149292
-1.7345911264419556 2.2793986797332764 0.5550670027732849
-0.6462548971176147 2.27782940864563 0.3657822608947754
-1.683825969696045 -0.674677848815918 -2.5866947174072266
1.7085639238357544 2.6036641597747803 -2.9438118934631348
1.9542691707611084 2.5513198375701904 -2.4549272060394287
-0.07188977301120758 2.27402400970459 -1.9461555480957031
1.527660608291626 2.513263702392578 -2.0434730052948
-1.177493929862976 2.3998565673828125 2.831137180328369
-1.5864053964614868 2.2340569496154785 1.991050362586975
1.47719144821167 2.5537819862365723 -2.694577932357788
1.2631115913391113 2.2475109100341797 2.746216058731079
-0.5384339690208435 2.1995043754577637 2.5229580402374268
2.059223175048828 2.467827558517456 1.0188438892364502
-0.22059500217437744 2.277909278869629 -0.19267870485782623
-0.10513761639595032 2.4646270275115967 -1.2777619361877441
0.3821601867675781 2.4659032821655273 -0.7934278845787048
1.9511784315109253 0.8527591824531555 2.2119739055633545
1.558624267578125 -2.0588793754577637 2.278313398361206
1.6902333498001099 1.2833409309387207 -2.2668263912200928
0.6885504722595215 2.0201098918914795 -2.3727126121520996
0.35185855627059937 1.949733018875122 -2.739713191986084
-1.395711064338684 2.4750728607177734 2.4195659160614014
-0.9210388660430908 2.272181987762451 -2.1845569610595703
1.5516117811203003 0.5451563596725464 2.4007413387298584
-1.7882248163223267 2.577197313308716 -1.8225609064102173
1.6023595333099365 1.0867140293121338 -2.5543394088745117
1.5528005361557007 1.6119515895843506 2.306812286376953
2.1920006275177 2.471369981765747 2.1030874252319336
2.0883448123931885 2.4323272705078125 2.8894267082214355
-0.3221361041069031 2.4563863277435303 0.005506605375558138
2.0309667587280273 0.6381455063819885 2.379340887069702
1.0693094730377197 2.4906582832336426 -2.215632915496826
1.8028751611709595 -1.2354151010513306 2.2162485122680664
1.6271382570266724 -1.4086824655532837 2.2119898796081543
1.6049638986587524 -1.1510798931121826 2.6573097705841064
-0.6915454268455505 2.253906488418579 -0.6520286202430725
1.1808942556381226 2.455117702484131 -0.2558262050151825
1.5965025424957275 2.4650070667266846 2.12158203125
0.6726662516593933 2.460282802581787 -0.021739348769187927
-1.3885884284973145 -1.9644759893417358 2.1423966884613037
-1.6704840660095215 -0.2811652719974518 -2.3340609073638916
-1.5892822742462158 2.491210699081421 -1.7826149463653564
0.07327884435653687 1.9726536273956299 -2.2896885871887207
-0.34117189049720764 2.453908920288086 -0.02194797992706299
-1.677916169166565 -0.19148166477680206 -2.535815954208374
-1.5463805198669434 -0.21672217547893524 2.1286063194274902
-2.0023653507232666 2.2705025672912598 -1.0707833766937256
2.1941447257995605 2.5383715629577637 -0.10552699863910675
-0.7627986669540405 2.273054838180542 -0.35434281826019287
-0.7340261936187744 2.4505972862243652 1.406733751296997
1.8740817308425903 2.4458982944488525 1.1467143297195435
-1.5143194198608398 1.709486961364746 2.6178383827209473
0.9744226932525635 2.2841832637786865 2.126728057861328
-1.188124418258667 0.3155364394187927 -2.535721778869629
-1.1792093515396118 -0.07976137101650238 -2.3252649307250977
-2.243920087814331 2.5459086894989014 -2.878072738647461
-1.1961512565612793 1.152105450630188 -2.400848627090454
-1.9070231914520264 2.2658421993255615 0.5132460594177246
0.9445102214813232 2.445768117904663 -0.4372996687889099
1.8258885145187378 0.7793794274330139 -2.67942214012146
1.7168216705322266 2.2697203159332275 -0.5875215530395508
-0.7030150890350342 2.477241277694702 2.870342254638672
-0.5932196378707886 2.4699673652648926 2.3991775512695312
2.2239632606506348 2.2561490535736084 1.6309757232666016
-1.7829501628875732 2.2761378288269043 1.8008452653884888
-0.9879047870635986 2.479498863220215 0.5490163564682007
2.152744770050049 -0.38749003410339355 -2.3414220809936523
0.6105647683143616 2.507497549057007 -2.7791695594787598
1.0413717031478882 2.270504951477051 -0.22541308403015137
-1.701082706451416 0.22679464519023895 -2.5584049224853516
-2.0899658203125 2.622814178466797 1.4945956468582153
-0.5596750974655151 2.2739250659942627 0.45404085516929626
1.1109951734542847 2.266355037689209 -1.362852931022644
-0.17389491200447083 2.4616897106170654 -1.411109447479248
1.5594453811645508 1.4897425174713135 2.4800989627838135
-0.11956906318664551 2.4632444381713867 -1.2937424182891846
1.8544551134109497 -0.19432121515274048 2.7175347805023193
-0.6291049718856812 2.463066339492798 -0.7127402424812317
1.93431556224823 1.5533441305160522 2.246769905090332
1.8493436574935913 2.4584765434265137 2.651559352874756
1.492889165878296 -0.9815917611122131 -2.545389413833618
-0.5811989903450012 2.4141314029693604 2.869563102722168
-1.556569218635559 1.674199104309082 2.1101815700531006
-1.7917273044586182 2.5371100902557373 -0.0012254714965820312
-1.6037262678146362 1.585769534111023 2.129711389541626
-1.3266770839691162 1.444677710533142 -2.281071424484253
-0.9804283976554871 2.284818649291992 1.7673492431640625
-1.4958915710449219 1.6854243278503418 2.632477045059204
-2.2190470695495605 2.2942471504211426 2.1373119354248047
2.047781467437744 2.5086843967437744 -1.4276624917984009
-1.2310599088668823 2.261698007583618 0.042915359139442444
-1.7627956867218018 0.39742645621299744 2.174025774002075
-2.3159127235412598 2.3037633895874023 1.398484230041504
0.5061596035957336 2.461491107940674 0.36129575967788696
0.29039400815963745 1.8791279792785645 -2.750847339630127
-0.18579044938087463 2.4585390090942383 1.56791090965271
2.3075480461120605 2.2373247146606445 1.2144267559051514
1.9402587413787842 0.5407503843307495 2.7002463340759277
-2.014442205429077 2.5498220920562744 -0.8553473353385925
-0.6877854466438293 2.461672782897949 2.6267330646514893
-0.09538266807794571 2.2772057056427 0.2733573317527771
0.02656625211238861 2.284987688064575 1.5919427871704102
-0.6143898963928223 2.466237783432007 2.378121852874756
-1.4891833066940308 -1.3960843086242676 -2.257249116897583
1.0885686874389648 1.9544774293899536 -2.6124212741851807
1.168451189994812 2.275279998779297 1.1994167566299438
1.4686659574508667 -0.3561307191848755 -2.330411672592163
-1.7976994514465332 2.5204787254333496 -0.5223068594932556
-1.2450178861618042 -1.0666102170944214 -2.26633882522583
-0.3228858411312103 2.2953689098358154 0.2267133593559265
2.2571866512298584 2.2707955837249756 2.5910263061523438
1.802582859992981 1.4482628107070923 -2.286306619644165
1.5878660678863525 -1.613657832145691 -2.633303642272949
1.750702977180481 1.335289478302002 -2.2677340507507324
-0.27759242057800293 1.9379870891571045 -2.751415729522705
2.059011936187744 1.8335316181182861 -2.6065030097961426
-0.507638692855835 2.277047634124756 -0.7992033362388611
-2.1000185012817383 2.300431251525879 -2.825380325317383
-0.37593328952789307 2.2706289291381836 0.37427058815956116
1.911227822303772 2.4646921157836914 -1.105043649673462
1.7294297218322754 0.784457802772522 2.217109441757202
-1.4605004787445068 -0.09625205397605896 -2.6640684604644775
-0.16277754306793213 2.4593265056610107 1.0060242414474487
-1.2276406288146973 2.312826156616211 0.7440606951713562
1.33473539352417 2.484204053878784 -2.0853872299194336
1.9579689502716064 2.4609360694885254 0.6296536922454834
0.4053386449813843 1.8149421215057373 -2.4652202129364014
2.302088737487793 2.26697039604187 1.2571839094161987
0.724075436592102 2.325329542160034 -2.8176097869873047
1.825223684310913 2.2314677238464355 0.5627589225769043
1.664037823677063 0.3603988587856293 -2.682706594467163
-0.43192094564437866 2.275533676147461 1.8030357360839844
-1.3323031663894653 0.8628861904144287 -2.2474589347839355
2.457048177719116 2.6202151775360107 -2.7919366359710693
-0.2516351640224457 1.9718525409698486 2.441718101501465
-1.0898938179016113 2.268216609954834 1.6954132318496704
-1.320456624031067 -0.6455517411231995 2.1768016815185547
1.960367202758789 -0.6826084852218628 2.6869821548461914
0.6075348854064941 2.2553393840789795 -1.2700836658477783
-1.4875223636627197 2.4431989192962646 2.115860939025879
-0.6409956216812134 2.4648826122283936 -0.30139127373695374
-1.6796984672546387 1.0837218761444092 -2.310250997543335
-1.1509207487106323 2.288066864013672 -0.9562309980392456
1.2146061658859253 2.45621395111084 0.253833144903183
1.9537336826324463 2.4999430179595947 -1.9317526817321777
1.8581029176712036 2.472491502761841 2.6601006984710693
-1.2944906949996948 -1.3830527067184448 2.3002514839172363
2.1488776206970215 -0.06343503296375275 -2.43912935256958
1.7904272079467773 -1.104114055633545 2.7076663970947266
-1.318660020828247 2.031538963317871 -2.236839532852173
-1.488638162612915 -0.10151872038841248 2.642451047897339
0.7455275058746338 2.0236034393310547 2.552574634552002
0.18559613823890686 2.2678661346435547 -0.8258285522460938
-1.0009467601776123 2.2843985557556152 0.9649721384048462
2.277573347091675 2.465492010116577 0.28337201476097107
-1.2892307043075562 1.6186152696609497 2.3039467334747314
-1.0144445896148682 2.4690706729888916 2.668745279312134
2.0088038444519043 -0.3730005621910095 2.3770673274993896
-1.186912178993225 -0.6007122993469238 -2.5016045570373535
-2.2764267921447754 2.4261951446533203 0.5128600597381592
-0.6343804001808167 2.278884172439575 -1.2244840860366821
0.921239972114563 2.2814979553222656 1.371900200843811
1.9706975221633911 1.487487554550171 2.263134479522705
2.038365602493286 1.6237094402313232 -2.7128326892852783
-1.6644848585128784 0.9887643456459045 2.119018793106079
-1.7609796524047852 2.509697914123535 1.7562289237976074
-1.6551792621612549 1.3996394872665405 -2.628574848175049
1.468956470489502 2.2829601764678955 1.673358678817749
0.20397773385047913 2.2813565731048584 -0.9281718134880066
-0.10205849260091782 2.450990915298462 -0.7335625290870667
-1.6288385391235352 -0.8846123814582825 -2.2791378498077393
-1.5099200010299683 0.9229460954666138 -2.242936372756958
-1.646965503692627 2.487053155899048 1.7591469287872314
0.26948851346969604 2.4674112796783447 -0.22427470982074738
1.9848718643188477 0.7007978558540344 -2.697848320007324
1.854431390762329 -1.6644418239593506 2.2206242084503174
1.7142318487167358 2.447187900543213 1.8097161054611206
0.9282999038696289 2.27191162109375 1.9658018350601196
-0.9673388600349426 2.4578030109405518 2.3886375427246094
0.6978854537010193 2.271054983139038 -2.30731463432312
1.9669724702835083 -2.1143546104431152 2.302263021469116
1.989461064338684 -0.8717597723007202 2.50083327293396
-1.5090340375900269 0.8269246220588684 -2.470343828201294
-1.825307011604309 -0.049102529883384705 2.3371500968933105
-1.890207290649414 2.265352249145508 2.06714129447937
-0.8167468905448914 2.4786295890808105 -2.175135850906372
1.6239415407180786 -1.573673129081726 2.6782243251800537
-0.9155426621437073 2.2465732097625732 2.279149055480957
0.6545479893684387 2.4560494422912598 -0.058340128511190414
-1.5076491832733154 2.291588068008423 -2.8943777084350586
1.8947705030441284 0.1604357808828354 2.715871810913086
-1.226785659790039 2.4866418838500977 -1.5716572999954224
2.1748504638671875 2.215888738632202 2.6209187507629395
-0.09042051434516907 2.2860023975372314 -0.4304232895374298
-1.621376395225525 1.5168367624282837 -2.247344732284546
2.067237377166748 1.9135997295379639 -2.269404649734497
2.1987075805664062 2.5308871269226074 -0.12630367279052734
1.875972867012024 2.271937847137451 1.6266604661941528
2.174539804458618 2.2799978256225586 1.0078315734863281
0.5065884590148926 2.2776777744293213 -2.23166561126709
-1.5519955158233643 -2.0779757499694824 -2.6488468647003174
1.8465155363082886 1.65091872215271 -2.288243055343628
-1.2672851085662842 1.963931679725647 2.5572288036346436
2.188415288925171 2.271096706390381 -1.6790380477905273
1.824446678161621 -1.0218214988708496 -2.659168243408203
0.3723244369029999 2.2632579803466797 1.2792654037475586
2.155128240585327 2.268285036087036 -0.9154021739959717
-1.4695419073104858 0.4517025649547577 -2.6575756072998047
2.0994114875793457 -1.8988072872161865 -2.363062620162964
-1.6974513530731201 -1.4166157245635986 -2.2990646362304688
1.5876981019973755 2.25982666015625 1.440977931022644
0.8873946666717529 2.291440963745117 0.8487771153450012
1.5693714618682861 1.5082154273986816 2.441551923751831
-1.2777754068374634 -1.3287957906723022 2.193561553955078
1.808870553970337 -0.39950957894325256 2.718017339706421
1.8479498624801636 0.34353068470954895 -2.6679494380950928
-0.38922545313835144 2.4621384143829346 0.189423605799675
2.4655449390411377 2.613828420639038 -2.693678617477417
0.17975395917892456 2.4590938091278076 -1.2481472492218018
-1.3933888673782349 2.2832350730895996 -1.1855823993682861
1.9533765316009521 -1.786176323890686 2.611729145050049
-1.4625329971313477 -1.19521164894104 -2.666607141494751
2.116443395614624 2.2555015087127686 -1.3406397104263306
-1.7879019975662231 -0.4023464322090149 2.20326828956604
-0.06405449658632278 1.9536876678466797 2.3760714530944824
2.030618667602539 1.5217318534851074 2.6960368156433105
0.2550124228000641 2.2638163566589355 0.25013023614883423
0.7468010187149048 2.459439992904663 0.5682044625282288
-1.3128548860549927 1.9587692022323608 -2.2932369709014893
0.600653350353241 2.459212064743042 0.12582358717918396
-0.5409987568855286 2.292698860168457 2.7533042430877686
-1.906349778175354 2.549185276031494 0.08049072325229645
-1.1854075193405151 0.6536779403686523 -2.303496837615967
1.4165642261505127 1.7761057615280151 -2.286626100540161
-1.5649787187576294 2.283466100692749 0.615023136138916
-0.2099074125289917 2.0631520748138428 -2.791651964187622
2.226325750350952 2.521702527999878 0.2646658718585968
-0.5386252999305725 2.4819748401641846 -1.7480549812316895
1.9202591180801392 1.793102741241455 -2.7060766220092773
2.12494158744812 2.4540865421295166 1.025282382965088
-2.018219470977783 2.2845776081085205 -2.6044445037841797
-1.468827724456787 0.26068079471588135 2.134939432144165
1.5242273807525635 -1.182953119277954 -2.459688425064087
-0.3331511616706848 2.4584414958953857 1.3850089311599731
0.2529553771018982 2.271658420562744 -0.8124675154685974
1.9761303663253784 2.4898324012756348 2.6334376335144043
1.4490454196929932 1.6487715244293213 -2.283860206604004
-0.5308613777160645 2.2480204105377197 2.65109920501709
1.6437731981277466 2.4518818855285645 2.0027623176574707
1.3030881881713867 2.4634435176849365 0.42142030596733093
0.465950071811676 2.4710030555725098 -1.3941105604171753
-2.0943942070007324 2.2781481742858887 1.8047980070114136
-1.7823277711868286 2.265821933746338 2.121349334716797
1.0711185932159424 2.458491325378418 2.2922370433807373
1.9660024642944336 2.283484935760498 -0.7234996557235718
1.2873507738113403 2.2777414321899414 -2.140937089920044
2.4001522064208984 2.262627601623535 0.9740909934043884
1.932887077331543 2.534759998321533 0.7627714276313782
1.441380262374878 1.9881737232208252 -2.668243169784546
-0.12947377562522888 1.9332281351089478 2.469128131866455
-1.4234880208969116 2.542401075363159 -2.8719053268432617
0.826472282409668 2.5403687953948975 -2.727484941482544
-0.6679063439369202 2.478673219680786 -1.8060461282730103
2.1048662662506104 0.7591969966888428 -2.667783737182617
2.078403949737549 1.9951366186141968 -2.3059070110321045
2.3043367862701416 2.539592981338501 1.3550784587860107
-1.3624814748764038 1.564887285232544 2.4067165851593018
-1.1259841918945312 2.275050163269043 -1.7271151542663574
1.588273525238037 1.3997067213058472 2.407546281814575
-0.6754025220870972 2.275130271911621 -0.17413415014743805
2.156698226928711 0.7330224514007568 -2.4051930904388428
1.1629881858825684 2.47983717918396 0.8611584305763245
0.41050899028778076 2.4463961124420166 1.0759907960891724
-0.3285359740257263 2.2805912494659424 0.09701196849346161
-1.196999192237854 -1.5159354209899902 -2.3996987342834473
1.3995091915130615 2.4553983211517334 1.7516882419586182
-1.8116765022277832 2.2026233673095703 -0.26696163415908813
0.06362134963274002 2.451965808868408 1.9013313055038452
2.421577215194702 2.483243465423584 0.09887582808732986
-1.586618185043335 0.9769387245178223 2.1231911182403564
-0.306835412979126 2.4527742862701416 2.5850324630737305
-1.6132597923278809 2.280535936355591 -1.917134404182434
2.376514196395874 2.289205551147461 2.3052496910095215
-0.1765652298927307 2.2784016132354736 1.309541940689087
0.4809134900569916 2.4617679119110107 1.0442439317703247
-1.2629364728927612 -1.2064265012741089 -2.6322872638702393
-1.474956750869751 1.4921338558197021 -2.6885337829589844
0.7982587814331055 2.262798309326172 1.939151406288147
0.34758350253105164 2.253408908843994 2.0574467182159424
2.4294114112854004 2.5400233268737793 -1.8237422704696655
-1.4328927993774414 0.659691333770752 -2.679476261138916
1.935863733291626 -1.634069561958313 -2.276942729949951
0.834986686706543 2.2705440521240234 -0.4854778051376343
-0.19846992194652557 2.480674982070923 -1.5250513553619385
-1.7460999488830566 1.5747005939483643 2.5239968299865723
1.9834957122802734 -1.3110475540161133 2.4710960388183594
2.0656261444091797 1.6962206363677979 2.363560914993286
-1.1516534090042114 0.6163719892501831 -2.3539116382598877
2.4970107078552246 2.423811197280884 2.4577229022979736
1.9869403839111328 -1.9583321809768677 2.3796157836914062
-2.2119054794311523 2.297173023223877 -0.25970447063446045
-0.3416314721107483 2.4550821781158447 0.908431351184845
-1.3315424919128418 -1.091109275817871 -2.2542104721069336
2.128521203994751 2.5341665744781494 1.2514647245407104
1.6641448736190796 -0.06335467100143433 2.197814702987671
-1.308676838874817 -0.17580156028270721 2.3380093574523926
-0.03509748727083206 2.4554526805877686 1.635266661643982
-1.671399474143982 2.488910436630249 1.8302851915359497
-0.25445348024368286 2.275726318359375 1.0383601188659668
1.564347505569458 2.2633795738220215 0.3636060357093811
-1.7597399950027466 -1.3717941045761108 2.277207612991333
-1.3077008724212646 -0.907916784286499 2.1880757808685303
1.3756449222564697 2.257880926132202 0.24998052418231964
-0.3289128541946411 2.2716362476348877 1.7123222351074219
1.914203405380249 -1.7878284454345703 2.6242446899414062
0.3201097548007965 2.280782461166382 1.8079890012741089
2.1173861026763916 2.467636823654175 0.6190511584281921
-2.0496840476989746 2.282989978790283 0.5743587017059326
-0.4959489703178406 2.45536732673645 1.9003928899765015
-0.1781867891550064 1.8226256370544434 -2.364987850189209
1.1165024042129517 2.3028652667999268 -2.782399892807007
-1.8160549402236938 2.5842325687408447 -2.4253387451171875
-1.8067482709884644 2.021057367324829 2.415531873703003
-1.8114062547683716 2.566838026046753 -0.36230605840682983
-1.1914536952972412 -1.4122991561889648 -2.346576690673828
-2.210675001144409 2.509718179702759 -2.080165386199951
-1.5075562000274658 -1.3730769157409668 -2.2511065006256104
2.2596006393432617 2.490291118621826 -1.7658934593200684
-2.146584987640381 2.293062210083008 -2.601010799407959
-1.8873707056045532 2.5497612953186035 -1.1449062824249268
-2.2741498947143555 2.3971498012542725 0.827828049659729
2.0235238075256348 2.39314866065979 1.6429381370544434
2.012238025665283 1.7643935680389404 2.7213118076324463
-1.3188773393630981 2.1273820400238037 2.2041285037994385
1.7274867296218872 2.4590489864349365 0.2827698588371277
-1.764192819595337 2.1474432945251465 2.2407681941986084
-2.006957530975342 2.580942392349243 -2.8846218585968018
-0.22539152204990387 2.2736144065856934 -1.8712173700332642
1.1078741550445557 2.4605181217193604 0.739109456539154
0.1025528833270073 2.4721837043762207 -0.09517009556293488
1.3904449939727783 2.5126829147338867 -2.551117181777954
-0.2628370225429535 2.2790513038635254 -0.03727351501584053
-0.2652013301849365 2.462766647338867 -0.30090463161468506
1.7215677499771118 2.2512660026550293 1.3366254568099976
1.693769931793213 2.278066873550415 -1.6232348680496216
-1.0897186994552612 2.4693002700805664 -0.7608867287635803
-1.591335415840149 0.02414947748184204 2.132077217102051
1.0055038928985596 2.4582576751708984 1.1042635440826416
1.9168165922164917 2.24212646484375 1.1810133457183838
-0.7385371923446655 2.4600021839141846 -0.30233055353164673
-2.0066137313842773 2.657773017883301 1.4237456321716309
0.5500137805938721 2.2858541011810303 -1.088632345199585
1.5435091257095337 -0.9564799666404724 2.2913098335266113
-1.7136540412902832 0.2588788866996765 2.565192222595215
1.4544317722320557 2.295258045196533 -0.22223666310310364
0.6960844993591309 2.45853328704834 1.6848119497299194
2.513469934463501 2.4289886951446533 1.2503900527954102
0.6215578317642212 2.2676234245300293 -2.022512912750244
-1.4439072608947754 2.475905179977417 -0.9760559797286987
-1.6870402097702026 1.91289484500885 2.6530921459198
1.8192341327667236 -0.2747318148612976 2.206469774246216
-1.3090105056762695 1.8470911979675293 2.216745138168335
-1.3184808492660522 -0.4620458781719208 2.374691963195801
1.5793248414993286 -0.6031524538993835 2.682499408721924
0.9786602854728699 2.2985990047454834 1.272788166999817
1.786379337310791 -0.4306998550891876 2.7201943397521973
-1.561008334159851 2.2746946811676025 -1.3681584596633911
2.1565117835998535 0.394623339176178 -2.4512481689453125
0.4666207730770111 2.2680320739746094 1.3939464092254639
-0.10546354949474335 2.238131046295166 -1.1080409288406372
-1.7282460927963257 2.2725772857666016 -1.528915286064148
1.4549765586853027 0.6684106588363647 -2.639634370803833
-0.8617812395095825 2.463391065597534 -0.374672532081604
-0.34348064661026 2.27701735496521 1.058392882347107
2.148397445678711 1.1064444780349731 -2.5928046703338623
1.975844383239746 2.46653151512146 -0.2752227187156677
-1.4101779460906982 2.4827497005462646 1.4417942762374878
1.5507960319519043 -1.9732078313827515 2.2852859497070312
1.840379238128662 1.148188591003418 -2.6971540451049805
2.1393685340881348 -0.3793378472328186 -2.533259630203247
2.0368359088897705 -2.0667617321014404 -2.546858787536621
1.8149919509887695 1.5091975927352905 -2.7112221717834473
-1.690263032913208 -0.6288793087005615 2.1475164890289307
1.3588879108428955 2.5202882289886475 -2.578998327255249
-0.08040620386600494 2.28000545501709 -0.12392953038215637
1.687099575996399 0.44798627495765686 2.698962926864624
2.123640298843384 -0.07859361171722412 -2.6053359508514404
-1.8130056858062744 -0.40162795782089233 2.3751444816589355
1.8266180753707886 1.6152572631835938 -2.6983401775360107
1.5777438879013062 -1.1161006689071655 2.6484038829803467
2.255854845046997 2.2651419639587402 -0.1908254772424698
-0.1844111979007721 2.445784330368042 0.33887550234794617
-1.213465690612793 -1.2927768230438232 -2.590827226638794
-1.811455488204956 2.2717649936676025 2.2321813106536865
0.7449082732200623 2.2633137702941895 0.21155692636966705
-0.09869544208049774 2.2778475284576416 -2.703338384628296
1.2131593227386475 2.2602200508117676 -0.6232491135597229
-1.4422792196273804 -1.756562352180481 -2.2414464950561523
2.2927401065826416 2.398789405822754 -2.8672118186950684
2.0346755981445312 2.556407928466797 -2.460767984390259
-0.6747924089431763 1.931246280670166 2.455984115600586
-1.5893579721450806 -1.0593817234039307 -2.6420860290527344
-0.9297574758529663 2.514600992202759 2.755801200866699
1.1280250549316406 2.163895845413208 2.4714229106903076
2.147367477416992 2.2819395065307617 -1.3102269172668457
-1.631143569946289 -1.9676530361175537 -2.537410020828247
2.5145018100738525 2.4932045936584473 -0.5983909964561462
1.9624931812286377 0.5355101823806763 2.241980791091919
1.9065120220184326 2.28460955619812 -1.5719212293624878
-1.7609766721725464 -1.2603073120117188 2.180288791656494
-1.4531543254852295 0.2573226988315582 2.611074924468994
-0.6911653280258179 2.2752034664154053 0.1402483731508255
-1.6833701133728027 2.0860342979431152 2.580293655395508
-1.3920751810073853 2.2596724033355713 -2.2924184799194336
2.0190536975860596 -1.003442406654358 -2.2761173248291016
0.1906614750623703 2.0379292964935303 2.539469003677368
1.6023313999176025 1.3384219408035278 2.6108202934265137
-1.5735074281692505 0.04060770571231842 -2.633514881134033
0.41346463561058044 2.2725627422332764 1.8340177536010742
0.3928668200969696 2.271439790725708 1.0024219751358032
-0.6013115048408508 2.470386028289795 -1.9125277996063232
-2.2472245693206787 2.34373140335083 -1.522376298904419
-1.2592624425888062 0.9161080121994019 -2.643350124359131
-2.2158937454223633 2.2888715267181396 -0.07475987076759338
0.7107875347137451 2.5151312351226807 -2.549044370651245
-1.624607801437378 2.4889512062072754 1.6626096963882446
-1.2975847721099854 1.6766680479049683 -2.7044475078582764
1.8082104921340942 1.537724494934082 -2.6976585388183594
0.39072197675704956 2.316343069076538 2.8220648765563965
0.7741200923919678 2.4553050994873047 1.8093163967132568
-1.3163667917251587 2.4759600162506104 -0.8604496717453003
1.8833714723587036 2.2880868911743164 0.854840874671936
-2.1600091457366943 2.5667200088500977 2.2977724075317383
2.168412446975708 2.4568116664886475 1.6527284383773804
-1.5496773719787598 2.275399684906006 -1.4949709177017212
-1.4560413360595703 2.47921085357666 1.2032079696655273
0.7409203052520752 2.4449703693389893 0.518686830997467
1.1387214660644531 1.6655237674713135 -2.3218514919281006
0.5220786333084106 2.4662365913391113 -1.8685764074325562
-0.4324144124984741 2.4456872940063477 -2.0580878257751465
-1.110313057899475 2.4940860271453857 2.8531222343444824
1.3789905309677124 2.4608352184295654 1.030127763748169
0.19733759760856628 2.2641758918762207 -0.855981171131134
1.9582301378250122 2.495481252670288 -0.6518560647964478
1.9645642042160034 2.456308364868164 2.38240122795105
1.4719544649124146 2.2302732467651367 -0.20189587771892548
1.1652891635894775 2.236266851425171 0.5232181549072266
-2.230827569961548 2.379729747772217 -1.6367241144180298
-0.3714079260826111 2.270395040512085 -2.006844997406006
-1.2487868070602417 2.2811484336853027 -0.6717358231544495
-1.190683126449585 -0.7715675234794617 -2.359670400619507
-1.494884729385376 2.4788901805877686 2.511756181716919
-2.2975637912750244 2.3694839477539062 -0.174974724650383
0.05965070798993111 2.26841139793396 1.3889864683151245
1.8257954120635986 0.28390222787857056 2.204890251159668
-1.4496703147888184 2.26285982131958 -0.9580228328704834
-0.14299890398979187 2.453258514404297 2.241156578063965
-1.417027235031128 0.9332563877105713 -2.6601221561431885
-1.4954795837402344 1.0117665529251099 -2.245915412902832
1.0884826183319092 2.2694172859191895 1.4195621013641357
1.467147946357727 -0.5432792901992798 -2.5238566398620605
1.9813158512115479 2.4647319316864014 -0.06866615265607834
2.12762188911438 -0.9966867566108704 -2.3171093463897705
0.32782626152038574 1.7963266372680664 -2.5784752368927
2.19142746925354 2.2967803478240967 -2.0841336250305176
1.7712613344192505 0.9180059432983398 2.221855878829956
-0.13001033663749695 2.227436065673828 2.7301840782165527
0.9784092903137207 1.9660385847091675 2.6682941913604736
-0.9212630391120911 2.2793290615081787 1.585824966430664
1.8659906387329102 -0.12830425798892975 2.709458351135254
1.6782832145690918 2.482897996902466 -1.2874284982681274
2.132967233657837 2.2317798137664795 -1.2741897106170654
0.9842336773872375 2.4889895915985107 -2.029628038406372
1.9538170099258423 -0.4212510585784912 -2.6285207271575928
2.477674722671509 2.5042426586151123 2.330047369003296
-1.6647001504898071 2.4786949157714844 0.7956450581550598
-1.693828821182251 0.495078980922699 2.5920217037200928
2.161059617996216 -0.5601732730865479 -2.3451411724090576
-1.7742623090744019 -1.5663704872131348 2.223083972930908
0.4874630868434906 2.2598025798797607 1.8435691595077515
2.206712245941162 2.296523332595825 -2.59236741065979
0.1526036560535431 2.4609084129333496 -0.705634355545044
0.9464108943939209 2.255037307739258 2.4409022331237793
1.5204201936721802 2.4673664569854736 -0.9405152201652527
1.6126776933670044 2.4636640548706055 1.3375402688980103
0.8487749099731445 2.4591758251190186 1.0702711343765259
-1.494736671447754 -0.4816185235977173 2.575269937515259
-1.7456411123275757 1.9657052755355835 -2.3276350498199463
-1.725557565689087 2.5305163860321045 -0.7346183657646179
2.341073751449585 2.528648853302002 1.201139211654663
1.530500888824463 2.4638590812683105 -0.46236035227775574
1.9900180101394653 0.757063627243042 2.713745594024658
1.4980319738388062 2.4512546062469482 2.1700551509857178
1.1722025871276855 2.510960102081299 -2.4728386402130127
1.9857218265533447 -1.0141773223876953 2.3297078609466553
0.4053609073162079 1.9174026250839233 -2.7363147735595703
2.3131558895111084 2.289858818054199 1.5535215139389038
0.692564845085144 2.4560415744781494 0.7497314810752869
1.9849426746368408 -1.1235264539718628 -2.662834882736206
1.5178815126419067 2.371239185333252 -2.9104883670806885
0.4474342465400696 2.461803913116455 -0.2814904451370239
0.37912189960479736 2.263315439224243 -2.1024646759033203
-1.4493175745010376 -1.2760463953018188 -2.250460147857666
-0.17547796666622162 2.2789485454559326 -1.3861883878707886
-1.7909471988677979 2.6489295959472656 -1.6810976266860962
-0.9973369836807251 2.253586530685425 -1.0373502969741821
-1.942468285560608 2.625173568725586 -2.817904233932495
0.4599325358867645 2.248953104019165 0.5720985531806946
-1.684306025505066 2.5126266479492188 0.33418384194374084
0.47525185346603394 2.460170269012451 -0.687670886516571
0.11911848187446594 2.275426149368286 0.8581120371818542
0.4472433030605316 2.2658607959747314 1.9275145530700684
-1.944199800491333 2.2775509357452393 0.9395291209220886
0.5454941987991333 2.4470889568328857 -0.418442040681839
2.25427508354187 2.2662551403045654 0.7122442722320557
-2.2860641479492188 2.346787452697754 0.5539694428443909
-1.6772186756134033 -0.3883668780326843 2.141052722930908
1.8745204210281372 0.593329131603241 -2.6782588958740234
1.9191159009933472 1.8063527345657349 -2.683145761489868
-1.5963048934936523 2.569939136505127 -2.70656156539917
1.5513633489608765 0.25752389430999756 2.4510388374328613
-1.344292402267456 -1.1888679265975952 -2.265383005142212
0.32492944598197937 2.5098488330841064 -2.706740617752075
2.058426856994629 2.0560097694396973 -2.7451188564300537
0.12657684087753296 2.4564380645751953 0.013475350104272366
-1.9392054080963135 2.5887973308563232 -0.4001363217830658
2.1182329654693604 -0.02434718608856201 -2.5962655544281006
2.5531535148620605 2.382467031478882 0.8512331247329712
1.8694688081741333 -2.1063761711120605 2.2392773628234863
1.7386423349380493 1.1205599308013916 -2.696725368499756
-1.590087890625 1.2792799472808838 -2.248180627822876
-1.5164223909378052 -0.9207945466041565 2.1080987453460693
-1.7088819742202759 -1.520095705986023 -2.554908514022827
1.7874222993850708 0.44563448429107666 2.2055253982543945
-1.610510230064392 2.2894246578216553 1.013211727142334
1.9835838079452515 2.4545047283172607 1.5428251028060913
2.133474588394165 0.6502817869186401 -2.634742021560669
-0.46762776374816895 2.267465591430664 2.238237142562866
-1.4133174419403076 2.490887403488159 2.5141193866729736
2.0852749347686768 1.8471789360046387 2.4722750186920166
-1.4555436372756958 1.6797367334365845 -2.69189715385437
0.03301214426755905 2.27022123336792 1.4794044494628906
-1.6084836721420288 -0.9859845042228699 -2.630678653717041
-2.1298608779907227 2.6240482330322266 1.0416442155838013
2.165430784225464 2.5062272548675537 1.6577608585357666
-1.5540672540664673 2.447026014328003 0.03908369690179825
0.6009558439254761 1.924904465675354 2.529144048690796
-1.7033880949020386 2.59352970123291 -1.9747185707092285
1.9277324676513672 2.4538636207580566 -0.20849433541297913
-1.4187875986099243 1.3600023984909058 -2.2399322986602783
0.5857207179069519 2.4633734226226807 -0.9700088500976562
-1.4307706356048584 2.2786333560943604 1.3057352304458618
0.3709494173526764 2.280900716781616 -0.4574825167655945
-1.753684639930725 -1.0820746421813965 2.4120004177093506
-1.7271955013275146 2.491913080215454 1.793310284614563
2.181220054626465 2.3173680305480957 -2.4486706256866455
-0.14345839619636536 2.1680374145507812 -2.2879438400268555
-1.6253200769424438 -0.15638485550880432 -2.6368677616119385
-1.300228238105774 -1.800236463546753 2.360751152038574
1.5198030471801758 -2.0014405250549316 -2.481076240539551
0.15545403957366943 2.449039936065674 2.193108081817627
0.7217455506324768 1.7978527545928955 -2.6949288845062256
1.179602026939392 2.2768335342407227 1.8021053075790405
-0.861601710319519 2.467499017715454 -1.3887921571731567
1.886688470840454 -0.2108185589313507 -2.2811365127563477
2.054323673248291 2.463400363922119 1.1819839477539062
0.9096015095710754 2.4609310626983643 0.27287814021110535
1.4920244216918945 2.2910797595977783 0.3583545982837677
-1.3265684843063354 0.3779398202896118 2.3966572284698486
2.1733968257904053 2.5048317909240723 1.978232502937317
1.927582025527954 2.4630229473114014 0.4549815058708191
1.9942618608474731 -0.9562956094741821 2.3815317153930664
-2.2505574226379395 2.4838154315948486 0.7789480090141296
1.9797813892364502 -0.21903589367866516 2.6930835247039795
-1.8578505516052246 2.515418767929077 -1.3626102209091187
-1.3691916465759277 -1.2506959438323975 2.1243369579315186
1.8592019081115723 0.8116112351417542 2.7170279026031494
1.3068400621414185 2.4648895263671875 0.7339568734169006
0.5695254802703857 2.4736368656158447 -2.10568904876709
1.757418155670166 2.465491533279419 0.27286863327026367
0.554613471031189 2.283874034881592 1.9038236141204834
-1.8001896142959595 0.6047530770301819 2.496962547302246
2.519270896911621 2.473538875579834 -1.7193108797073364
-2.2754299640655518 2.394542932510376 0.5459626913070679
-2.197697401046753 2.2887368202209473 -1.574378252029419
2.1335740089416504 2.489314317703247 -1.2593467235565186
1.0893951654434204 2.4584856033325195 -0.9900844097137451
0.9711724519729614 2.459447145462036 2.0964467525482178
0.5036673545837402 1.9470598697662354 2.4869210720062256
1.5990958213806152 1.3071644306182861 2.561030387878418
1.9680160284042358 -0.11479616165161133 2.2342758178710938
-1.8072408437728882 1.0911457538604736 2.3863003253936768
1.7044744491577148 -0.04888850450515747 2.2025046348571777
0.1747015416622162 2.287816047668457 0.22798068821430206
0.1073993444442749 2.4632043838500977 0.9000561833381653
-1.4793202877044678 0.5893020629882812 2.590583086013794
-1.351492166519165 2.0000147819519043 -2.174736738204956
1.543917179107666 -1.7329570055007935 2.2844529151916504
-1.5546220541000366 2.2891499996185303 0.3288876414299011
1.7627789974212646 -0.5527335405349731 2.7195982933044434
2.28607439994812 2.5507729053497314 1.9623045921325684
-0.7056648135185242 2.291179895401001 -0.3207830488681793
-1.4837350845336914 2.4647369384765625 -0.1518109291791916
2.031184196472168 -0.9704711437225342 -2.278461217880249
-2.110422372817993 2.283708095550537 0.2840043008327484
-0.12053579092025757 2.3557910919189453 2.357868194580078
-1.3887385129928589 1.6486082077026367 2.1322052478790283
0.08337762951850891 2.4790353775024414 -2.1530561447143555
0.6964820623397827 2.2742769718170166 -1.4030771255493164
-1.6634690761566162 -0.23514333367347717 -2.3284969329833984
0.010044727474451065 2.234424591064453 -0.8830274343490601
1.1103976964950562 1.8443794250488281 -2.3671116828918457
-0.7667012214660645 2.46484375 2.88976788520813
-1.6751021146774292 0.463515967130661 -2.462535858154297
1.5647858381271362 -0.8596411943435669 2.2268311977386475
-1.302720546722412 -1.5269402265548706 2.381601333618164
-1.4459266662597656 1.6945462226867676 2.55708384513855
-1.36870539188385 2.277794599533081 -0.9195529818534851
-0.10288771241903305 2.5181093215942383 2.833677053451538
-1.4531461000442505 0.9943507313728333 -2.2476916313171387
0.17856596410274506 2.455136775970459 -0.37686753273010254
-1.3809762001037598 1.4558978080749512 2.123586893081665
0.7957956790924072 2.245685338973999 -1.5794893503189087
-1.1527669429779053 2.2761900424957275 -1.9759775400161743
1.561653971672058 0.8788667917251587 -2.672717332839966
1.0148332118988037 1.9345744848251343 -2.6962931156158447
-0.8577185273170471 2.6269311904907227 2.743195056915283
-2.1650185585021973 2.4961049556732178 -1.1314551830291748
-1.7126890420913696 1.4210405349731445 -2.4973769187927246
2.4083714485168457 2.493293285369873 0.8383461236953735
-1.5163215398788452 2.2663893699645996 -0.3941841423511505
-1.2643179893493652 2.5180888175964355 -2.50585675239563
-1.9187238216400146 2.309535026550293 -2.8441648483276367
-1.7201552391052246 2.145549774169922 -2.5922954082489014
1.5780298709869385 1.8512829542160034 2.6485164165496826
2.027859687805176 1.2800981998443604 2.683135986328125
-1.7699778079986572 1.1313884258270264 2.519171714782715
-1.7975642681121826 2.5346198081970215 -1.3490114212036133
-0.3327888250350952 2.291841506958008 1.5869654417037964
1.4300379753112793 0.32106101512908936 -2.3415379524230957
0.5507676601409912 2.3062427043914795 -2.772495985031128
0.24166423082351685 2.443612813949585 -0.4185112416744232
2.2730631828308105 2.4646785259246826 0.20976868271827698
-0.571364164352417 2.4720094203948975 -1.7107670307159424
0.5161435008049011 2.4460642337799072 1.5182905197143555
2.1264760494232178 2.1114721298217773 2.5901081562042236
0.9589173197746277 2.482065200805664 2.60774302482605
2.24657940864563 2.524622678756714 -1.6228525638580322
-1.4059685468673706 2.309999942779541 0.3073631227016449
1.2072248458862305 2.285841226577759 -2.750671625137329
-1.8420758247375488 2.259763717651367 -2.03092098236084
-1.2915371656417847 2.461123466491699 1.6740236282348633
-1.7526378631591797 1.9651901721954346 2.2848856449127197
-1.189178228378296 -0.3624882698059082 -2.4915409088134766
1.6412886381149292 0.3116055727005005 2.1957833766937256
-0.7155770063400269 2.4645862579345703 -1.6129096746444702
-1.3431789875030518 -0.3288825750350952 2.553711414337158
1.3512393236160278 2.4606711864471436 -0.7392852902412415
0.6300358176231384 2.2536566257476807 1.3087295293807983
1.2392001152038574 2.4696528911590576 -1.6336333751678467
-2.0086755752563477 2.5436458587646484 0.26153212785720825
-1.613317608833313 -1.4734386205673218 2.115483283996582
-1.7768967151641846 -1.8854246139526367 2.4962966442108154
-1.631629228591919 -0.252096951007843 -2.622751474380493
-0.8928828239440918 2.4478073120117188 1.9038935899734497
-0.6291962265968323 2.278345823287964 0.24424663186073303
1.6448767185211182 2.264726161956787 -0.5586673021316528
0.2736467123031616 2.454746961593628 1.2688838243484497
0.6644019484519958 2.27455735206604 0.7811185717582703
0.27306491136550903 2.4585628509521484 -0.9142047762870789
-1.712558627128601 2.5367963314056396 -1.2871953248977661
-1.279625415802002 0.3569338321685791 -2.248471736907959
0.6974816918373108 2.4559152126312256 2.0693514347076416
-1.9748643636703491 2.279572010040283 -1.5328445434570312
-2.0260369777679443 2.5849409103393555 -0.631699800491333
1.5642616748809814 2.4626224040985107 0.3962863087654114
1.5232524871826172 2.4585318565368652 -0.0015484888572245836
-1.5930066108703613 2.48762583732605 -1.6429506540298462
1.0914710760116577 2.2479701042175293 -1.0679372549057007
-0.9781002402305603 2.4648873805999756 0.6365517377853394
-0.18449366092681885 2.4508273601531982 1.2895997762680054
-1.3000718355178833 2.459836721420288 -1.6619714498519897
-1.4113214015960693 1.6561784744262695 -2.237394332885742
0.10247698426246643 2.273829221725464 0.7587015628814697
1.8329745531082153 0.21973469853401184 2.7133164405822754
-0.897066056728363 2.2684285640716553 1.069845199584961
1.7972848415374756 0.3687916100025177 2.2010090351104736
1.4914500713348389 2.269085168838501 -0.8752334713935852
-1.7415491342544556 2.1653640270233154 2.371269464492798
1.8533779382705688 2.28662109375 -2.1871962547302246
-1.8765219449996948 2.440765142440796 -2.8885366916656494
0.06713688373565674 2.100264549255371 -2.7202625274658203
2.11714243888855 2.3526430130004883 2.8525869846343994
-0.4455875754356384 2.2967066764831543 1.6800577640533447
1.206082820892334 2.308605432510376 -2.790376663208008
-1.4443912506103516 -1.722969889640808 -2.2581605911254883
1.9299684762954712 2.4586453437805176 2.3399055004119873
-1.5765578746795654 1.7768938541412354 -2.2113661766052246
-1.3072161674499512 2.201080799102783 2.53505277633667
-1.141853928565979 2.2710273265838623 -1.5817534923553467
0.6070069670677185 1.8321421146392822 2.551407814025879
2.0660042762756348 2.4962899684906006 0.8545709848403931
1.0924158096313477 2.271139621734619 -1.5883575677871704
-2.0833327770233154 2.278615713119507 1.8597643375396729
-2.0289626121520996 2.278764247894287 0.7682504653930664
-0.2010444700717926 2.196248769760132 -2.3220810890197754
1.4700182676315308 2.461395263671875 0.8827434182167053
-0.7411559820175171 2.3742001056671143 2.8559651374816895
2.1244685649871826 -1.1083441972732544 -2.3607213497161865
0.4946082830429077 2.4446256160736084 2.3064465522766113
1.9881595373153687 -0.8336615562438965 2.630509376525879
2.178149461746216 2.03855037689209 -2.3472776412963867
-0.48245638608932495 1.7960082292556763 -2.4519128799438477
-2.205815553665161 2.279836654663086 -0.8248247504234314
0.44416192173957825 2.4733927249908447 -1.1997873783111572
-1.362038493156433 2.251011848449707 -0.26648491621017456
1.9265456199645996 2.2319185733795166 1.2357776165008545
-1.1190099716186523 1.7175770998001099 -2.5144612789154053
1.050465703010559 2.4793038368225098 -2.111298084259033
-1.4198859930038452 -0.8562694787979126 -2.2543468475341797
0.864810049533844 2.0892815589904785 -2.654043197631836
-1.2689049243927002 2.459041118621826 0.555564820766449
-0.06982491910457611 2.500837802886963 -2.9163007736206055
1.474196195602417 2.213172197341919 -2.405914306640625
0.8766995072364807 2.4378035068511963 -0.28012076020240784
2.143827199935913 2.3106186389923096 -2.267552375793457
