ply
format ascii 1.0
element vertex 2048
property float x
property float y
property float z
end_header
-1.2732232809066772 1.6377789974212646 -1.5382438898086548
-2.522224187850952 1.4201569557189941 -1.1262083053588867
1.2715585231781006 1.4879964590072632 2.8039515018463135
0.6435415148735046 1.5106143951416016 -1.3458607196807861
1.9263901710510254 1.3881193399429321 0.8725161552429199
-1.5407695770263672 0.9714618921279907 1.6834487915039062
0.2370002269744873 1.4957787990570068 -2.2110109329223633
-1.576102375984192 1.5138731002807617 1.0610591173171997
-0.5325280427932739 0.22350528836250305 1.0972938537597656
-2.3063650131225586 1.478468656539917 -1.2898470163345337
1.9068944454193115 1.5131028890609741 1.4420851469039917
-0.44923168420791626 1.649106740951538 1.2804672718048096
-1.8832345008850098 1.5301657915115356 1.078668475151062
0.4853500425815582 1.6427111625671387 -1.8625050783157349
1.2122173309326172 1.5021923780441284 -1.8385106325149536
-2.0131773948669434 1.6065630912780762 -1.8656784296035767
-0.8310456871986389 1.5237576961517334 -2.443772554397583
-2.332887649536133 1.5644992589950562 -1.3041226863861084
-1.6352025270462036 1.6347393989562988 2.120150566101074
-0.1387491226196289 1.6417311429977417 -2.554823398590088
-0.10410891473293304 1.5033917427062988 -0.8919417858123779
-0.035537175834178925 1.5025463104248047 -2.742375612258911
1.04131281375885 1.5086636543273926 -0.26536545157432556
0.2138834446668625 1.6097055673599243 2.006751775741577
1.495749831199646 -0.3851081132888794 -1.4550710916519165
-1.3878505229949951 1.50388503074646 -1.8976784944534302
1.7754848003387451 1.5253996849060059 0.6358393430709839
0.8482992649078369 1.6191799640655518 -2.318547010421753
1.1566202640533447 1.6040574312210083 2.219122886657715
-2.605959177017212 1.4833399057388306 0.32612645626068115
-1.7085539102554321 1.4962931871414185 -1.9428606033325195
-0.6012537479400635 1.6323034763336182 -2.065185785293579
0.588878870010376 0.44751492142677307 0.6049055457115173
2.0998308658599854 1.5000672340393066 2.125826358795166
-2.721309185028076 1.4460539817810059 -0.49919283390045166
-1.0212595462799072 1.5224974155426025 -1.111462116241455
1.6921812295913696 1.6278712749481201 -1.3963295221328735
2.7424845695495605 1.4696900844573975 1.572466254234314
-1.4517207145690918 1.5131430625915527 -1.5737088918685913
1.8640106916427612 1.3997066020965576 1.1274917125701904
0.6665084362030029 1.5230598449707031 1.1588538885116577
-1.616317629814148 1.6116664409637451 -1.900905728340149
2.2571308612823486 1.3891655206680298 -1.9181045293807983
1.3876831531524658 1.427087664604187 0.37530258297920227
-0.789402186870575 1.6326179504394531 0.8401042222976685
-0.8521044850349426 1.525388479232788 0.6055057048797607
-2.1189377307891846 1.568690538406372 -1.0568965673446655
0.26213228702545166 1.4735374450683594 2.715637445449829
-0.9116533994674683 0.03227721154689789 -1.3997825384140015
1.683803915977478 1.5813475847244263 -2.106661558151245
-0.20695698261260986 1.5095934867858887 2.4037017822265625
0.8881404399871826 0.3076607584953308 -1.1477819681167603
1.1364760398864746 1.5218894481658936 -2.603336811065674
-1.3460888862609863 1.6350362300872803 -1.4379446506500244
1.6272327899932861 1.5443329811096191 0.6190451383590698
2.172886610031128 1.5850239992141724 -1.9162683486938477
-1.523978352546692 0.5749093890190125 1.673761010169983
-0.2993209958076477 1.6266655921936035 0.6357343792915344
2.4486379623413086 1.5948182344436646 -0.4360083043575287
1.8917135000228882 1.5368961095809937 -2.13642954826355
0.1888318508863449 1.6360833644866943 -1.4840435981750488
-0.07109342515468597 1.5186213254928589 -1.0429422855377197
0.3209225535392761 1.5220777988433838 0.68057781457901
2.979193687438965 1.4920114278793335 0.6581765413284302
0.5488355159759521 1.6429427862167358 -0.58230060338974
0.175362229347229 1.639237642288208 -2.027520179748535
-1.6269898414611816 1.6248036623001099 -1.4889243841171265
-0.8488218188285828 -0.11505560576915741 1.295548677444458
-0.38660281896591187 1.4756195545196533 -0.4775474965572357
-1.6166430711746216 1.6120213270187378 -1.297367811203003
2.864572048187256 1.5047821998596191 0.5607972741127014
-0.08072676509618759 1.5140888690948486 -2.134629249572754
2.5992558002471924 1.5925546884536743 -1.317379355430603
0.36725300550460815 1.5190505981445312 0.12026648968458176
-2.1550440788269043 1.626749038696289 0.16849954426288605
0.7029657363891602 1.512987732887268 1.4696916341781616
-1.4753135442733765 -0.5675861239433289 -1.6729612350463867
-0.8111438751220703 1.5237047672271729 -2.3466198444366455
-0.16662167012691498 1.6453118324279785 2.4103102684020996
-2.0265543460845947 1.5897260904312134 -1.7520467042922974
-2.1221964359283447 1.6007431745529175 -0.4792236089706421
-0.20603850483894348 0.33029842376708984 -0.601962685585022
-0.0665665864944458 1.5170918703079224 1.8854840993881226
1.5896100997924805 1.646345615386963 -0.7450199723243713
1.3129596710205078 -0.22062812745571136 -1.3113982677459717
0.16413149237632751 1.6283336877822876 2.4588613510131836
-2.1688449382781982 1.4302806854248047 -1.2488617897033691
-0.05840018391609192 1.6447700262069702 1.2825157642364502
0.735990047454834 1.6358704566955566 0.10540899634361267
-1.7166492938995361 1.592728853225708 2.108628749847412
-2.330641508102417 1.5765329599380493 -0.5481722950935364
0.9897913932800293 1.6208372116088867 -2.3465073108673096
2.6418044567108154 1.4710721969604492 1.6696394681930542
0.6074000000953674 1.4960558414459229 2.2628321647644043
0.05027823895215988 1.4888558387756348 0.3151152729988098
-0.980337917804718 1.5826637744903564 -0.3058765232563019
0.7437431812286377 1.6170881986618042 1.7194920778274536
0.579632580280304 1.6336359977722168 0.5455479025840759
-1.170405626296997 -0.3639521598815918 1.5987975597381592
-2.4211807250976562 1.6136949062347412 0.8822824954986572
1.2575640678405762 1.4883856773376465 -1.8265414237976074
-1.4067699909210205 -1.0027520656585693 1.8026487827301025
1.0829325914382935 1.6282771825790405 -1.3051891326904297
-1.5655748844146729 1.600896954536438 -0.06300690770149231
-0.5279174447059631 1.5154614448547363 -0.8925361633300781
1.639710545539856 1.434777021408081 2.5677027702331543
0.43131065368652344 1.4906527996063232 2.323176860809326
-2.5772488117218018 1.48263418674469 0.6685474514961243
0.5247114896774292 1.6439123153686523 0.9528805613517761
-1.6932525634765625 1.6024415493011475 -0.544359564781189
2.2890706062316895 1.5045632123947144 1.8989871740341187
2.9620790481567383 1.4372020959854126 -0.13187791407108307
2.097848653793335 1.3708014488220215 0.9715781211853027
0.9259026646614075 1.6209667921066284 2.2216179370880127
2.7588272094726562 1.5262837409973145 0.30076900124549866
2.1405763626098633 1.4505935907363892 -2.1126105785369873
0.3705413043498993 1.533922553062439 -2.1032841205596924
-0.2751026749610901 1.6366122961044312 0.7178640961647034
1.5412583351135254 1.4828307628631592 -0.2769016623497009
-0.2443399429321289 1.535515308380127 -1.2942225933074951
-0.3153013288974762 1.637142300605774 -2.2902934551239014
2.379563093185425 1.4599947929382324 -0.7064164280891418
-1.4885954856872559 1.6244516372680664 -0.08318942785263062
-1.4279263019561768 1.523245930671692 2.3582358360290527
1.596137285232544 -0.6880908608436584 -1.7047284841537476
2.512861728668213 1.4726414680480957 1.8857207298278809
-0.8474189639091492 1.6426445245742798 1.5564923286437988
-0.2898739278316498 1.6340761184692383 -2.5284502506256104
0.05310555547475815 0.5001592636108398 -0.3079182505607605
-0.2759399116039276 1.6304845809936523 1.8703055381774902
0.7698187232017517 0.22998979687690735 0.8174285888671875
1.9207144975662231 1.4989855289459229 0.9782556891441345
-0.48823076486587524 0.3740711212158203 -0.8627292513847351
-1.9009087085723877 1.476135492324829 -1.4500596523284912
-0.46214690804481506 1.6182384490966797 0.04337339848279953
1.6591778993606567 1.44584059715271 -0.27645179629325867
1.3391990661621094 1.4995537996292114 1.7854068279266357
-1.084153175354004 -0.3692460060119629 1.561755657196045
1.111712098121643 1.6047836542129517 2.0911335945129395
2.0322954654693604 -0.9338036775588989 -1.5608596801757812
-0.13861677050590515 1.4926855564117432 1.817763328552246
0.42627739906311035 1.640623688697815 -0.341797411441803
0.024210412055253983 1.4682477712631226 -0.5130156874656677
0.13945239782333374 0.560499906539917 0.4235919117927551
-1.204991340637207 -0.5624257922172546 1.5309152603149414
2.5308053493499756 1.4304733276367188 0.05192631483078003
-0.1724320352077484 1.5076665878295898 -1.5111135244369507
0.10168489813804626 1.6168330907821655 -2.7313313484191895
0.0417516715824604 0.331398069858551 -0.4830850064754486
-2.485747814178467 1.6411399841308594 0.6105173826217651
2.8968617916107178 1.5663343667984009 -0.5723413228988647
2.628183603286743 1.5041412115097046 0.514005184173584
-1.9922164678573608 1.4954242706298828 1.6107381582260132
1.0972933769226074 1.4917230606079102 1.740919828414917
-0.3158207833766937 1.5053629875183105 -0.0668664500117302
-0.3552699387073517 0.2618379592895508 -0.7204423546791077
-0.6628687977790833 1.4886729717254639 0.017774738371372223
-0.3883461356163025 1.4828126430511475 -1.1048369407653809
-2.625929355621338 1.5817514657974243 0.7696827054023743
1.7652077674865723 1.5231186151504517 0.666724443435669
0.8583030700683594 1.6148872375488281 -0.03143805265426636
1.5842689275741577 -0.7429291605949402 -1.5532821416854858
0.9434918761253357 1.6177873611450195 1.5037386417388916
-1.9821006059646606 1.590869426727295 -1.3731330633163452
0.8172582983970642 1.5272926092147827 0.13758690655231476
-0.609321653842926 1.497549057006836 -2.6662065982818604
1.9287410974502563 1.4480438232421875 -0.2432626187801361
1.2538363933563232 1.4748945236206055 0.8642037510871887
1.3917341232299805 1.4690457582473755 2.726621150970459
2.985835075378418 1.5001081228256226 -0.6968685388565063
1.8024508953094482 1.4250686168670654 -2.5110185146331787
-1.6989805698394775 1.5669255256652832 -0.8278034925460815
-0.5071167945861816 1.5216922760009766 -1.6415287256240845
2.55026912689209 1.385193109512329 0.4023578464984894
-0.37820369005203247 1.4696626663208008 0.8211833238601685
0.15544727444648743 1.6343039274215698 1.716125726699829
-1.7126526832580566 1.6484005451202393 0.7262513041496277
1.889574408531189 1.5929393768310547 0.24366433918476105
-1.3012945652008057 1.6392602920532227 1.0171620845794678
-1.2703454494476318 1.5158610343933105 0.19275712966918945
0.6621196269989014 0.3283069431781769 -0.9197763800621033
1.177944302558899 1.4925222396850586 -2.236176013946533
0.2429039478302002 1.6317899227142334 0.6443632245063782
-0.26001209020614624 1.5008596181869507 -0.37633341550827026
-1.5187761783599854 -1.2734103202819824 -1.829504132270813
0.28240644931793213 1.6345380544662476 -2.323483943939209
0.7925994396209717 1.4969955682754517 0.8181172609329224
-1.0891209840774536 1.5097107887268066 -2.538445234298706
1.3810491561889648 1.5789016485214233 -2.3640482425689697
-0.6013345122337341 1.5027118921279907 -1.8660444021224976
0.7524242401123047 0.20460852980613708 -1.0479830503463745
-1.4888975620269775 -1.027359127998352 -1.708944320678711
0.799096941947937 0.3987879157066345 -0.8907343745231628
2.1395246982574463 1.452072024345398 -1.5406516790390015
2.6443355083465576 1.5955734252929688 -0.8815315365791321
-2.170379400253296 1.5663399696350098 -1.0937607288360596
-0.5743634700775146 1.4755961894989014 -1.8485901355743408
0.7924162149429321 0.41895633935928345 0.7240383625030518
-1.8301981687545776 1.6004056930541992 -0.5016279220581055
1.0055737495422363 1.4393647909164429 -2.7320351600646973
-2.1248788833618164 1.5162605047225952 0.5802446007728577
-0.8795880079269409 1.6287109851837158 -0.2881583869457245
-0.1582222580909729 1.6375963687896729 -0.807752788066864
-0.21889623999595642 1.4838846921920776 -0.06332602351903915
1.2346707582473755 1.5536861419677734 -2.731995105743408
2.4540915489196777 1.4918729066848755 1.7843154668807983
-0.4054511785507202 1.5198757648468018 1.5757250785827637
1.2570042610168457 1.451053261756897 -1.9618288278579712
-1.958417296409607 1.6009869575500488 -1.5791254043579102
1.7573775053024292 1.4530234336853027 -0.08146870136260986
0.8596001863479614 1.619629979133606 1.149748682975769
-1.4537087678909302 0.1750117987394333 1.7683528661727905
2.0175364017486572 1.468315601348877 -1.4699771404266357
-2.0143306255340576 1.4542241096496582 -1.281667947769165
0.19381174445152283 1.5105663537979126 0.3628235459327698
2.3441646099090576 1.586915373802185 -1.529964566230774
2.567666530609131 1.4285931587219238 -0.8073922991752625
1.1537522077560425 1.6078994274139404 0.9271341562271118
-2.0251197814941406 1.6045199632644653 -0.15135923027992249
1.330297589302063 1.4519776105880737 0.8629811406135559
1.1640844345092773 1.6341732740402222 -1.143907070159912
-1.2429064512252808 1.6319069862365723 -2.147754430770874
-1.505728840827942 0.451973021030426 1.6750785112380981
1.6559520959854126 -0.5844569206237793 -1.485617756843567
1.7964431047439575 1.4407305717468262 -2.519956588745117
0.9158195853233337 1.5142158269882202 0.12488123029470444
1.528678059577942 1.4508920907974243 2.112279176712036
1.7939646244049072 1.5131794214248657 0.9691768288612366
-0.2158607542514801 1.5003509521484375 1.4715354442596436
1.4377942085266113 1.5267748832702637 -0.7419249415397644
0.6015506386756897 1.4847004413604736 -0.7773868441581726
0.017503350973129272 1.6333487033843994 0.0508868582546711
0.8346578478813171 1.5064473152160645 -2.0778496265411377
-1.966867208480835 1.5043506622314453 1.1105176210403442
2.3370187282562256 1.3555766344070435 1.6632107496261597
0.8417340517044067 1.576474905014038 -2.7738754749298096
1.6887056827545166 1.5349619388580322 -0.8774035573005676
1.3557456731796265 1.598223090171814 1.679165005683899
1.5003116130828857 1.445878028869629 0.24246343970298767
-0.6967188715934753 1.4946668148040771 0.349537193775177
1.690431833267212 -0.7192772626876831 1.5045284032821655
2.2742919921875 1.602893352508545 -0.7000517845153809
1.4979068040847778 1.6395872831344604 -1.3423423767089844
1.8386088609695435 -1.0370385646820068 -1.5754755735397339
1.9027705192565918 1.4128947257995605 1.6964068412780762
2.145461320877075 1.4613603353500366 2.295172691345215
0.08162307739257812 1.6461143493652344 2.5906686782836914
-0.03639165312051773 1.6458452939987183 2.648031711578369
2.136719226837158 1.495662808418274 1.9541823863983154
-0.8057152628898621 1.6413300037384033 1.8637970685958862
0.39281991124153137 1.5212721824645996 -2.1367688179016113
-0.9191034436225891 1.5070425271987915 0.3476698100566864
1.4906573295593262 1.5519427061080933 0.6784806251525879
1.819949984550476 1.381808876991272 -1.8765934705734253
-0.7404491305351257 1.6381936073303223 -2.3822569847106934
-0.27639636397361755 1.6299813985824585 0.4922267198562622
-1.908205270767212 1.635276436805725 0.8042647242546082
-0.2968459725379944 1.4923548698425293 2.7035973072052
1.1967319250106812 0.022214263677597046 -1.274297833442688
2.3166563510894775 1.4437175989151 -1.6382163763046265
-2.1003644466400146 1.5895990133285522 -0.6005764603614807
-0.10376627743244171 1.479628562927246 2.0684282779693604
-0.8121509552001953 1.4911324977874756 0.1488083153963089
-1.3548877239227295 -0.9305020570755005 1.6906236410140991
1.1294053792953491 1.4842034578323364 0.012588364072144032
0.743499755859375 1.6448020935058594 0.27677473425865173
1.4759182929992676 1.6168899536132812 0.08568152040243149
-0.7636204957962036 1.5152757167816162 -1.2625973224639893
2.113199234008789 1.4749400615692139 -0.61444491147995
-0.11809448897838593 1.4923503398895264 -2.7136712074279785
1.366718053817749 1.4483927488327026 0.5356127023696899
1.4209805727005005 -0.5755523443222046 -1.548722505569458
2.8553760051727295 1.4382672309875488 0.06425876915454865
-0.1560528725385666 1.506880283355713 -1.6729466915130615
-1.4252090454101562 -0.8506379127502441 -1.874492883682251
2.5953187942504883 1.4676003456115723 1.7574694156646729
0.09504939615726471 1.6320040225982666 -1.5087677240371704
0.981864869594574 1.6460394859313965 -0.41699790954589844
0.8082994818687439 1.5193920135498047 -1.7138476371765137
1.7643544673919678 1.497728705406189 2.507643938064575
1.733046293258667 1.5521912574768066 0.5163472294807434
0.6816722750663757 1.5356416702270508 1.3591607809066772
-2.403982162475586 1.4785351753234863 1.18475341796875
-1.5559381246566772 1.6269177198410034 2.24509596824646
1.118510127067566 1.6217687129974365 0.5602749586105347
-0.808724045753479 1.598629355430603 0.9602172374725342
-2.3052003383636475 1.660552740097046 1.033462643623352
0.3669990301132202 1.4953641891479492 1.4652193784713745
0.8361101746559143 1.5143089294433594 1.4756219387054443
2.365297555923462 1.4604980945587158 0.7888718247413635
1.9123711585998535 -0.942057192325592 -1.4836753606796265
1.1082022190093994 -0.1689271181821823 -1.3109935522079468
-1.1950783729553223 -0.3056472837924957 1.3678492307662964
-0.8174160718917847 1.506098747253418 -1.416866421699524
0.11857888102531433 0.2644859552383423 -0.05616743490099907
1.9022891521453857 1.4959697723388672 -1.0436609983444214
-0.7873154282569885 1.630094289779663 -1.3738751411437988
2.1166763305664062 1.441245675086975 -0.32352250814437866
0.11296609789133072 1.4770368337631226 -0.8366063237190247
2.2178244590759277 1.6113736629486084 -1.4460176229476929
-0.8565914034843445 1.6356269121170044 -2.301626682281494
1.5964033603668213 1.4159408807754517 2.34061861038208
2.559948444366455 1.3526525497436523 0.9509768486022949
1.609786033630371 -0.4286034107208252 1.2817221879959106
0.24218305945396423 1.4552619457244873 -2.255676746368408
3.078331232070923 1.418874979019165 0.1046305000782013
0.7045832872390747 1.5211008787155151 1.1341915130615234
2.755716323852539 1.4813250303268433 -1.4455289840698242
2.00393009185791 1.50339674949646 2.167635917663574
-0.25223472714424133 1.6412895917892456 1.218969702720642
-1.1809865236282349 1.3973568677902222 1.5889917612075806
2.0385022163391113 1.4248583316802979 -0.12707796692848206
-1.4221681356430054 0.5183000564575195 1.7750849723815918
-1.1292874813079834 1.5150104761123657 2.5113143920898438
1.093510627746582 1.4890955686569214 -1.8265469074249268
-0.38367676734924316 1.6353470087051392 1.5413546562194824
3.0990819931030273 1.3993841409683228 0.8187848329544067
1.176289677619934 1.5665180683135986 -2.6088438034057617
1.2231744527816772 -0.1269199401140213 1.1564706563949585
1.532086968421936 1.5802046060562134 -2.3148012161254883
1.4565041065216064 1.5697382688522339 1.1376118659973145
2.1939878463745117 1.350059151649475 1.9319802522659302
-0.5894793272018433 1.5028029680252075 -1.7248932123184204
0.8500189185142517 1.512751579284668 -0.9688339233398438
-0.11714828014373779 1.5496723651885986 -2.763702630996704
-1.2264145612716675 -0.6712796092033386 1.7184470891952515
-1.5583102703094482 1.479927659034729 -0.6837261915206909
-0.7806551456451416 1.5071344375610352 -0.6577504873275757
-0.33596768975257874 1.6364916563034058 1.672605276107788
1.9271883964538574 1.4684083461761475 -1.5108048915863037
2.2128233909606934 1.3880436420440674 0.498936265707016
-0.3428232669830322 1.496672511100769 -2.7092487812042236
1.6353505849838257 1.5239894390106201 -0.7717581987380981
0.857295572757721 1.5006531476974487 1.875413417816162
2.1850626468658447 1.397655725479126 -0.06191852688789368
1.6939369440078735 -0.3875834345817566 1.3742085695266724
-1.3606688976287842 1.6421997547149658 -1.864113688468933
-0.7476812601089478 1.5217256546020508 2.6208977699279785
-0.19449353218078613 1.4871211051940918 -0.5221090912818909
1.636562705039978 1.633845567703247 -1.1985960006713867
-0.9184268116950989 0.07909101247787476 -1.2743017673492432
-1.5942745208740234 1.5153353214263916 0.8885314464569092
-0.056262433528900146 1.6419676542282104 2.7976882457733154
0.2957468628883362 1.52208411693573 1.7691681385040283
-1.2081646919250488 1.6382814645767212 0.651282548904419
-1.5632829666137695 1.5022392272949219 -1.4623364210128784
-1.5184311866760254 1.4754117727279663 -0.3258845806121826
1.8524303436279297 1.4290213584899902 1.5974047183990479
1.4027881622314453 1.6180510520935059 -0.1260286271572113
-1.9646985530853271 1.649719476699829 1.2748496532440186
1.6106297969818115 1.568150520324707 2.0945374965667725
-0.5509458780288696 1.5033906698226929 0.04512496665120125
-2.646756887435913 1.455301284790039 0.3246000409126282
-1.2092043161392212 1.4903080463409424 -1.652593970298767
1.1841824054718018 1.5165936946868896 -0.6368432641029358
0.5738680362701416 1.4994937181472778 -0.25716525316238403
0.921801745891571 1.5490204095840454 2.9493420124053955
1.4373620748519897 1.5054652690887451 -0.05383620783686638
-1.6980223655700684 1.5154573917388916 0.830206036567688
-0.13117608428001404 1.647511601448059 1.3512533903121948
-0.17387628555297852 1.528818964958191 0.43931490182876587
-1.5623098611831665 1.5951720476150513 -0.731166422367096
-0.4889216721057892 1.6423858404159546 1.1140713691711426
2.5381343364715576 1.5842652320861816 -0.7881807088851929
0.5929754972457886 1.6230275630950928 2.133419990539551
1.5067698955535889 1.5024808645248413 -0.9546817541122437
1.8713626861572266 1.57057523727417 -1.8895866870880127
0.08354122936725616 1.627651572227478 -1.7231982946395874
-2.07694149017334 1.6407173871994019 0.8127759695053101
-1.9447014331817627 1.5938584804534912 -0.965000569820404
0.8349398374557495 1.6300007104873657 0.7654314041137695
-0.27715003490448 1.5047578811645508 -0.015516306273639202
1.454958200454712 1.5703980922698975 2.1463022232055664
-1.5405932664871216 -1.3118176460266113 -1.8276616334915161
-0.47543978691101074 1.5133538246154785 0.5527428388595581
0.03589852899312973 1.5173747539520264 1.9674285650253296
-0.38593190908432007 1.4668548107147217 -1.9440556764602661
2.77763032913208 1.4505038261413574 1.6395891904830933
0.555751383304596 1.5129282474517822 -1.604150652885437
-0.350001722574234 1.5211974382400513 -2.433163642883301
-1.972901701927185 1.486689567565918 -1.7935444116592407
1.347028136253357 1.6318868398666382 0.09379203617572784
-1.9795724153518677 1.596092939376831 -0.7523962259292603
-0.6158283352851868 1.6323833465576172 1.8883923292160034
2.8862392902374268 1.5603082180023193 -1.0124454498291016
0.5581830739974976 1.6414835453033447 -1.6596335172653198
-1.3271229267120361 1.636096477508545 2.344412088394165
1.9006640911102295 1.6140708923339844 -1.3183708190917969
-2.3306291103363037 1.5646227598190308 -0.8526227474212646
-0.7647533416748047 0.05663798004388809 1.285569190979004
1.2829153537750244 1.5122143030166626 -1.4316794872283936
0.33645620942115784 1.5107917785644531 -0.14221200346946716
1.4199525117874146 -0.5646345615386963 -1.4641000032424927
-1.8844174146652222 1.6297621726989746 1.6451927423477173
-1.1642460823059082 1.6215966939926147 -0.24842721223831177
2.294118881225586 1.3921042680740356 0.3388572335243225
1.98199462890625 -1.0196423530578613 1.5874019861221313
0.4859822690486908 1.494096040725708 0.36616232991218567
0.05902950465679169 0.9900273680686951 -0.15355685353279114
0.542792797088623 1.6344037055969238 1.8904019594192505
-0.6071081757545471 1.5240014791488647 -2.1634809970855713
-2.108991861343384 1.4603002071380615 -0.21343228220939636
0.698559045791626 1.5235214233398438 0.9464434385299683
0.962132453918457 1.567971110343933 -2.6913349628448486
-2.2236175537109375 1.5973048210144043 -0.9861442446708679
0.13027198612689972 1.4959394931793213 2.2986910343170166
-0.7092742323875427 1.5012236833572388 -0.5539105534553528
-0.25103670358657837 1.6304956674575806 0.42458635568618774
0.0919681191444397 1.0468974113464355 -0.018589146435260773
0.3707880973815918 1.6257494688034058 -0.5193400382995605
-1.5222666263580322 1.5014654397964478 1.8126258850097656
-1.9827666282653809 1.60471773147583 -0.35163170099258423
-1.5713322162628174 1.6284804344177246 0.4699974060058594
-1.1981111764907837 1.6304818391799927 -1.3102445602416992
-0.15087643265724182 1.482202410697937 -0.3661191165447235
0.3370656371116638 1.5065866708755493 0.330434650182724
-1.1706738471984863 1.5113749504089355 -0.20880857110023499
-2.3868942260742188 1.508521556854248 1.0981477499008179
1.0810450315475464 1.615571141242981 1.405252456665039
0.8076499104499817 1.6243780851364136 0.6498589515686035
0.6694434881210327 1.6418631076812744 0.8653694987297058
-1.0828043222427368 1.517674446105957 1.4210947751998901
-2.614072322845459 1.4763457775115967 0.42506733536720276
-0.6011919975280762 1.5135396718978882 -1.2853970527648926
-1.5074981451034546 1.520626425743103 1.069908618927002
-2.1059939861297607 1.4597779512405396 0.4845147132873535
0.255916953086853 0.5378667116165161 0.34605884552001953
-0.971185028553009 0.28029605746269226 -1.2444745302200317
2.461616039276123 1.4757200479507446 1.2231377363204956
0.9084272980690002 1.4930920600891113 1.2820197343826294
0.5367956161499023 1.5408555269241333 2.9722275733947754
-2.3866915702819824 1.4924237728118896 0.2555229663848877
2.1398911476135254 1.5362496376037598 -2.2008349895477295
-1.4751081466674805 -1.2280895709991455 -1.7420449256896973
1.7206050157546997 -0.5376786589622498 1.561092495918274
-1.4186749458312988 1.4998211860656738 -2.2101361751556396
2.21991229057312 1.3764352798461914 1.0663402080535889
0.07109865546226501 1.6367791891098022 -2.1400668621063232
0.4047357439994812 0.40195131301879883 0.15880189836025238
1.7647596597671509 1.4301503896713257 -2.518291473388672
1.4370532035827637 1.5561587810516357 1.961289405822754
1.6631578207015991 1.5960043668746948 0.22754523158073425
0.019690562039613724 0.5265202522277832 -0.09336426854133606
1.8944816589355469 1.632176399230957 -0.4087950885295868
-1.656948208808899 1.6200007200241089 0.22699974477291107
-1.5351974964141846 -0.6312716007232666 -1.8684931993484497
0.07648506760597229 1.6007202863693237 0.7696565389633179
-0.4766620099544525 1.5289723873138428 1.482432246208191
1.777071475982666 1.4452261924743652 1.600611925125122
2.036611318588257 1.359059453010559 2.0728890895843506
-2.372631072998047 1.5662415027618408 -0.8660196661949158
-0.9259631633758545 1.6475104093551636 -1.4641984701156616
1.951782464981079 1.526793122291565 0.7057937979698181
-0.7564572095870972 1.5466243028640747 2.7887234687805176
1.6613903045654297 1.6319983005523682 -1.4284594058990479
-1.4102482795715332 1.5286402702331543 1.2933928966522217
-0.0723300501704216 1.6285194158554077 1.625003695487976
1.6491286754608154 -0.5318682193756104 -1.4530348777770996
0.5617750883102417 0.4961940050125122 0.46799197793006897
1.5884661674499512 1.542781114578247 0.6780600547790527
2.423844337463379 1.5800166130065918 -0.025254998356103897
1.5667352676391602 1.5511341094970703 2.1229259967803955
-0.8368120193481445 1.6390641927719116 -1.3165202140808105
1.311477541923523 1.5094990730285645 -0.27557098865509033
3.118892192840576 1.4767850637435913 -0.03490971773862839
-0.9812395572662354 1.5135457515716553 -0.8763545155525208
-1.6679095029830933 1.6076674461364746 -1.0486301183700562
-0.2809465825557709 1.519829511642456 1.6916615962982178
0.10992002487182617 0.3233611583709717 -0.5303181409835815
-0.42273303866386414 1.6112961769104004 -0.7619770765304565
-0.38762491941452026 1.5150163173675537 2.6638853549957275
0.568621039390564 1.5156433582305908 1.6911863088607788
-0.4350019097328186 0.3715139627456665 -0.825401246547699
0.4735011160373688 1.5879154205322266 -2.1519622802734375
1.9657727479934692 1.5041682720184326 -0.9532604813575745
-2.1125917434692383 1.4701772928237915 -0.5853047370910645
0.7470028400421143 1.6356794834136963 0.4112296998500824
2.370082378387451 1.550163745880127 0.23897424340248108
2.644810199737549 1.425323247909546 -0.17038850486278534
-1.7429299354553223 1.4676190614700317 -2.2616682052612305
0.38601216673851013 0.29496142268180847 -0.46650880575180054
2.824113607406616 1.5005500316619873 0.9100264310836792
1.5413682460784912 -0.5644473433494568 -1.6750468015670776
-0.6468715667724609 1.5143208503723145 -1.0407263040542603
1.5391775369644165 -0.4570944011211395 1.47283136844635
0.5155145525932312 1.4771347045898438 1.3407365083694458
-1.0352970361709595 1.4912731647491455 0.512341320514679
0.41285085678100586 1.622361660003662 -2.6982603073120117
1.9252063035964966 1.579270362854004 -1.852139949798584
-0.31952035427093506 0.39746201038360596 -0.7187341451644897
2.8469886779785156 1.4902746677398682 0.5479772090911865
-1.0699254274368286 1.6228549480438232 -2.6180193424224854
-2.3876945972442627 1.572782278060913 -1.4084529876708984
0.3564687967300415 1.6377537250518799 0.28973492980003357
0.892650842666626 1.509358286857605 2.05743145942688
1.6662538051605225 1.4885767698287964 2.6098086833953857
-0.7153276801109314 1.4964871406555176 0.2807404100894928
-0.2510198950767517 1.6365330219268799 -1.3158373832702637
2.50028657913208 1.4830838441848755 1.801958441734314
-1.5748672485351562 -1.0266892910003662 1.8131723403930664
1.7920289039611816 1.4754679203033447 -0.2537257969379425
0.40318289399147034 1.6344671249389648 -0.6520715951919556
0.2794204354286194 1.6228444576263428 -0.28729942440986633
2.260950803756714 1.510635256767273 1.9041246175765991
2.332183837890625 1.6031179428100586 -1.0224580764770508
-0.1884305626153946 1.472787857055664 0.8497578501701355
2.9066803455352783 1.485932469367981 -1.1411337852478027
2.8260254859924316 1.4318909645080566 -0.18187890946865082
0.8200283050537109 0.16270732879638672 1.1479874849319458
0.08454134315252304 1.6404478549957275 0.9743835926055908
0.5557200908660889 1.5276166200637817 2.0482871532440186
-1.3307965993881226 1.5105875730514526 2.0543570518493652
-2.0736753940582275 1.5062310695648193 1.8358362913131714
0.6568500399589539 1.5049898624420166 2.805255651473999
-0.17890673875808716 1.6420155763626099 0.8821164965629578
0.3675656020641327 1.5213725566864014 0.6928114295005798
0.2957659363746643 1.632535696029663 -0.7847208976745605
-0.5229513049125671 1.628318190574646 -0.422158807516098
-1.4606901407241821 1.5181516408920288 1.4109760522842407
2.1598236560821533 1.5984182357788086 -0.28216758370399475
-2.4917399883270264 1.4815577268600464 0.34812048077583313
0.5110894441604614 1.6314613819122314 1.5702635049819946
1.8204350471496582 -0.8849948048591614 -1.5239338874816895
1.7728554010391235 1.6314806938171387 -1.1502000093460083
0.5889557003974915 0.2121482789516449 -0.7620347738265991
-1.654672622680664 1.4780855178833008 -0.4836033880710602
-0.05653839558362961 1.6251018047332764 1.9218833446502686
-2.5929954051971436 1.4994213581085205 0.42408648133277893
-1.2999244928359985 1.5116463899612427 -1.0293492078781128
0.09127476066350937 0.959476113319397 -0.10331875085830688
0.34618037939071655 1.5147716999053955 1.273809552192688
0.7151559591293335 1.624832034111023 -2.3800554275512695
0.7096017003059387 1.6464862823486328 -1.7552411556243896
2.052659749984741 1.5291955471038818 1.57430100440979
1.7086163759231567 1.4893866777420044 2.5566346645355225
-1.7214847803115845 1.50022554397583 0.00793986115604639
1.7000279426574707 1.4089128971099854 2.193338394165039
0.3492825925350189 1.5409324169158936 1.41519033908844
0.688180148601532 1.5281411409378052 -0.26780959963798523
0.05401819944381714 1.617691993713379 -2.8297078609466553
1.5834460258483887 1.586012840270996 -2.2532434463500977
0.5627672076225281 1.6431821584701538 1.2563165426254272
2.615078926086426 1.4334062337875366 -0.9032662510871887
-0.1105412170290947 1.63300359249115 1.900124192237854
-2.3471717834472656 1.5306349992752075 1.2889869213104248
0.6353011727333069 1.517759084701538 -1.7157179117202759
-0.14017102122306824 1.6381498575210571 1.724729299545288
-1.4684293270111084 1.6286327838897705 -2.0142228603363037
-0.37548503279685974 1.6417064666748047 1.2204684019088745
1.7190676927566528 1.5941697359085083 -2.2089834213256836
0.11350759863853455 1.5073072910308838 -2.65779709815979
0.21132338047027588 0.33822113275527954 -0.40574634075164795
-1.7059202194213867 1.6052286624908447 -0.8959656953811646
-1.1961158514022827 1.6093116998672485 -2.5498054027557373
-0.41221898794174194 1.6240794658660889 -1.6921510696411133
0.3704237937927246 1.610842227935791 1.8647288084030151
-1.4474623203277588 1.6062042713165283 -0.9721792340278625
1.4924668073654175 1.6189191341400146 -1.7921720743179321
0.6623428463935852 1.6273730993270874 -0.39137864112854004
0.49489346146583557 1.6462188959121704 0.5670785307884216
2.420217752456665 1.4715430736541748 -0.8798726797103882
0.2971537411212921 0.2829994559288025 0.0804324820637703
-0.08505271375179291 1.6430773735046387 1.3808344602584839
0.42227280139923096 1.6285219192504883 2.858342409133911
0.7029937505722046 1.6282145977020264 -0.9645695686340332
-0.12403664737939835 1.481431484222412 -0.35628271102905273
2.5040395259857178 1.5816311836242676 -0.6078844666481018
-0.560662567615509 1.5082809925079346 1.7362689971923828
0.7375004291534424 1.512080192565918 -0.5907744765281677
1.157909631729126 1.6090848445892334 0.8010287284851074
1.1409921646118164 1.6465110778808594 -1.637552261352539
0.8680326342582703 1.5229214429855347 -1.6916887760162354
-1.5794497728347778 0.6181958913803101 1.7742164134979248
2.0766406059265137 1.562463402748108 -2.132328510284424
-2.5908257961273193 1.5982770919799805 -0.0919441282749176
-1.8966439962387085 1.4578216075897217 -0.5594223141670227
2.2139906883239746 1.6113089323043823 -0.8139903545379639
1.7566386461257935 -0.6248310804367065 1.335821270942688
-1.10891592502594 1.506899118423462 -0.4553353190422058
-0.8051881790161133 1.4951286315917969 0.7886890769004822
-0.5829815864562988 1.519858717918396 -1.4619543552398682
-0.6429304480552673 0.11621841043233871 1.0957392454147339
1.6950112581253052 1.5373554229736328 2.255969524383545
0.9417191743850708 1.6366690397262573 0.1424819380044937
0.5602200031280518 1.6178653240203857 -1.0837340354919434
0.1378486603498459 1.6392565965652466 2.6085922718048096
1.6101382970809937 1.5088486671447754 -0.9854273200035095
-0.41372421383857727 1.6188503503799438 -0.9845413565635681
-0.20628196001052856 1.5038162469863892 -0.46212154626846313
-1.4162787199020386 0.4764808714389801 1.721883773803711
1.8566073179244995 1.4423567056655884 -1.5253130197525024
1.934372067451477 1.63704252243042 -0.6779837608337402
0.8304735422134399 1.5137498378753662 0.39111751317977905
1.3633511066436768 1.6307774782180786 -0.22025680541992188
2.5111653804779053 1.5026240348815918 1.5327074527740479
-0.8045530319213867 1.4963593482971191 -2.395069122314453
2.222076892852783 1.459259033203125 -0.4282732307910919
0.7171322703361511 0.3842895030975342 0.5768125057220459
2.817164421081543 1.424259901046753 -0.5175892114639282
-0.8754394054412842 1.5112866163253784 -1.6534579992294312
2.866468667984009 1.4669933319091797 1.2112997770309448
-1.4879841804504395 -0.8331175446510315 -1.8795840740203857
-1.813694715499878 1.5337903499603271 0.7720509171485901
-1.615471601486206 1.615829586982727 -1.2480777502059937
0.6424612998962402 1.6025609970092773 -2.550602436065674
-1.7728441953659058 1.6081801652908325 -0.16430027782917023
1.6775214672088623 1.6041381359100342 -1.7576583623886108
0.9225143194198608 0.3508436679840088 -1.0029668807983398
2.1212685108184814 1.3165137767791748 0.857516348361969
1.5093880891799927 1.5197854042053223 -0.8839840292930603
1.8511817455291748 1.419110894203186 -2.083508014678955
1.0215874910354614 1.4660159349441528 2.7465810775756836
-2.0479371547698975 1.6366920471191406 1.3562825918197632
-2.516206741333008 1.4531009197235107 -0.8160479664802551
2.5681633949279785 1.4808733463287354 0.7456235885620117
-2.3526976108551025 1.5364015102386475 1.3954060077667236
-0.5009977221488953 1.494147539138794 -2.0995922088623047
-2.2627179622650146 1.4385228157043457 -0.10238121449947357
-1.359312653541565 1.6427795886993408 0.7523865699768066
-0.02233540266752243 1.506518006324768 1.865281105041504
1.252625823020935 1.5069212913513184 -1.2850024700164795
-0.6165200471878052 1.5588533878326416 2.8238961696624756
-0.23159022629261017 1.6449623107910156 2.4169185161590576
0.33507251739501953 1.419083833694458 -2.6981823444366455
-2.551194429397583 1.5099151134490967 0.30984318256378174
-0.5486193895339966 1.6336387395858765 -1.2913507223129272
0.3562840521335602 1.4963293075561523 -0.41067469120025635
2.2997584342956543 1.3566946983337402 1.4492419958114624
0.8997788429260254 1.5176341533660889 2.49257230758667
-1.8413465023040771 1.4479291439056396 -1.0945240259170532
0.3645883798599243 1.6432757377624512 2.3616435527801514
1.8684194087982178 1.5006762742996216 0.8469249606132507
0.37927380204200745 1.6323020458221436 -0.3956862688064575
-0.2174081951379776 1.508740782737732 -2.6827187538146973
1.110476016998291 1.6216163635253906 1.6871585845947266
-2.0770347118377686 1.595643162727356 -0.5475292205810547
-1.19419264793396 1.5080605745315552 0.21185976266860962
2.3969314098358154 1.4089765548706055 -0.9900023937225342
-0.2414206862449646 1.4717705249786377 -2.559852361679077
-0.49413061141967773 1.5253034830093384 1.301927924156189
2.097043991088867 1.6160789728164673 -0.8936519026756287
0.1880752146244049 1.2543866634368896 -0.15246480703353882
0.3423815965652466 1.5440373420715332 0.9370911717414856
-1.0313458442687988 0.20155858993530273 -1.3962392807006836
1.2905761003494263 1.5980135202407837 1.7947102785110474
1.6164525747299194 1.4539982080459595 -1.0641705989837646
-0.31866732239723206 1.502854824066162 1.4028291702270508
-1.320322036743164 1.4909539222717285 -0.5890944600105286
1.3341825008392334 1.5182673931121826 -1.0061758756637573
0.13025912642478943 1.6417081356048584 2.5712952613830566
0.7080995440483093 0.28015783429145813 0.8498294949531555
1.3892488479614258 1.497606873512268 -1.6106667518615723
-0.45440301299095154 1.6308904886245728 -2.458876848220825
-1.4989259243011475 1.631438136100769 -1.6117455959320068
-0.7037477493286133 1.523451805114746 2.7741525173187256
0.4961097240447998 1.514700174331665 -1.7350035905838013
0.5696778297424316 1.62781822681427 2.0074570178985596
0.2717844247817993 0.4722887873649597 0.06190590560436249
-0.4573761820793152 1.626283884048462 -0.09737285226583481
1.3279345035552979 1.5165865421295166 -0.8905773758888245
-2.05727219581604 1.6331241130828857 1.5491414070129395
2.989299774169922 1.47105872631073 -0.1317019760608673
2.0394399166107178 1.3638532161712646 1.8977872133255005
1.797226905822754 1.528200387954712 -2.530860185623169
-1.676990270614624 1.5142146348953247 1.3995764255523682
1.592309594154358 1.6214449405670166 -0.42247459292411804
1.4212652444839478 1.4312779903411865 0.4973519444465637
0.06267178803682327 0.3079352378845215 -0.33633169531822205
-1.2899760007858276 1.507000207901001 -1.7005630731582642
0.5758694410324097 0.36381661891937256 -0.7980485558509827
1.6840273141860962 -0.461797833442688 1.5532677173614502
-2.5055339336395264 1.6240603923797607 0.8441483378410339
-1.8639360666275024 1.5387799739837646 -2.186753511428833
1.2615001201629639 1.5001256465911865 -0.8734621405601501
-0.002437431365251541 1.6265958547592163 1.8162157535552979
-0.9252092242240906 -0.32306092977523804 1.3687182664871216
2.1899328231811523 1.5096237659454346 1.8662415742874146
-2.568851947784424 1.6092853546142578 0.8208712339401245
1.6524672508239746 -0.41644078493118286 1.2933599948883057
-0.9558326005935669 1.525363802909851 -2.7597548961639404
-0.06897594779729843 1.632568359375 -0.8171727061271667
0.33241915702819824 1.5007785558700562 -1.8025280237197876
0.5600540041923523 1.5107372999191284 -1.5377120971679688
-1.0014265775680542 1.6287271976470947 -0.8230440616607666
0.6006377339363098 1.522099256515503 -1.6321289539337158
-0.19986844062805176 1.5654253959655762 -0.7992269396781921
0.23089706897735596 1.6447341442108154 2.3377485275268555
-0.6549485921859741 1.5190584659576416 2.244874954223633
-1.1609641313552856 1.6257456541061401 -2.429553508758545
0.6870349049568176 1.4667255878448486 2.5291748046875
-1.3774935007095337 1.4849492311477661 -2.0602540969848633
-1.1716606616973877 1.514885663986206 0.21069353818893433
2.4916634559631348 1.402080774307251 0.07500815391540527
-1.447623610496521 0.20003995299339294 1.6775323152542114
1.3994755744934082 -0.09705141186714172 1.1223423480987549
1.8917324542999268 1.3906631469726562 0.5969101190567017
0.1006694808602333 1.6468364000320435 1.4760103225708008
-1.6637969017028809 1.4976493120193481 -0.8833951354026794
0.6144463419914246 1.6211832761764526 0.22806619107723236
-0.057525359094142914 1.4916906356811523 0.6153500080108643
1.0606025457382202 1.6445958614349365 -1.3498800992965698
-1.0148959159851074 1.6297885179519653 -2.3526387214660645
2.7020061016082764 1.3645517826080322 1.6845048666000366
-1.4110921621322632 -0.5776290893554688 -1.8785799741744995
-1.112202525138855 -0.5321505665779114 1.5583423376083374
1.473772406578064 1.4542794227600098 2.6775596141815186
-1.5352604389190674 1.6211801767349243 -1.449196457862854
0.7582730650901794 1.5812268257141113 2.940218210220337
0.3146476447582245 1.5013172626495361 1.0341262817382812
-2.0345516204833984 1.4353795051574707 -1.4109452962875366
-0.4536551535129547 1.620692253112793 -2.777951717376709
2.658416271209717 1.4230635166168213 -1.3236697912216187
2.3524835109710693 1.492817997932434 1.9607503414154053
2.0423831939697266 1.4873337745666504 -1.2714300155639648
-1.2275876998901367 1.4915831089019775 -1.4521293640136719
1.1519088745117188 1.6176222562789917 1.1880741119384766
-0.6170984506607056 1.6099003553390503 2.8169984817504883
0.48195019364356995 1.6384013891220093 -0.8980519771575928
0.7165751457214355 1.5000300407409668 0.5330750942230225
-1.6954078674316406 -1.3377115726470947 -1.7442680597305298
-0.029476366937160492 1.4234222173690796 -0.8292438387870789
1.0784492492675781 1.6311720609664917 -1.1706640720367432
-2.068087577819824 1.5201516151428223 0.7271101474761963
1.713597297668457 1.5248932838439941 2.2347073554992676
2.599730968475342 1.5790255069732666 -1.082574725151062
0.8005861639976501 1.6299198865890503 0.6475933790206909
-0.7052959203720093 1.5118646621704102 -0.34198838472366333
-0.8070712089538574 1.5191245079040527 2.0077385902404785
-0.9498969316482544 1.6343984603881836 0.8664231896400452
0.5235023498535156 1.5053825378417969 -1.7453060150146484
1.637410044670105 1.4733860492706299 -1.3701153993606567
0.9781309366226196 1.5958008766174316 2.8047990798950195
2.1819698810577393 1.4949034452438354 1.8999159336090088
-1.9395264387130737 1.507209062576294 0.23859427869319916
0.09304538369178772 1.4657453298568726 -0.14394912123680115
0.1552908718585968 1.485749363899231 -1.6347901821136475
-2.145789384841919 1.4921127557754517 0.8011640906333923
-1.0324236154556274 1.5107539892196655 -0.13168057799339294
-1.4151723384857178 1.6427252292633057 1.957735538482666
1.3936372995376587 1.5867785215377808 1.3249824047088623
0.6541277170181274 1.5119513273239136 -0.32777485251426697
-1.5995491743087769 1.4903230667114258 -0.6998035907745361
0.9396401643753052 1.6484438180923462 -1.610426425933838
-1.5915758609771729 -1.1690196990966797 1.7913461923599243
-0.9201741814613342 -0.28891581296920776 1.2662763595581055
-1.8825371265411377 1.472866177558899 -1.2608882188796997
-2.3982129096984863 1.4846110343933105 -1.4923064708709717
-0.5157846808433533 1.5044573545455933 0.36400309205055237
0.8224932551383972 1.6122958660125732 -2.4242026805877686
2.8164303302764893 1.5587260723114014 -0.18957653641700745
0.10920144617557526 0.3604764938354492 -0.3088664710521698
2.4583346843719482 1.552778959274292 -1.7736780643463135
0.11802931129932404 1.6276772022247314 -1.0994200706481934
2.218395233154297 1.4137548208236694 2.2586395740509033
2.158616781234741 1.4540629386901855 0.3750343322753906
1.3629356622695923 -0.25525397062301636 -1.3503453731536865
0.3009844422340393 1.5283138751983643 2.2635231018066406
-0.06517504155635834 1.6349819898605347 0.4089149832725525
0.47350025177001953 1.6081511974334717 -2.781709909439087
-1.97743558883667 1.518209457397461 0.8567859530448914
0.6641961336135864 1.474666714668274 1.8858582973480225
1.9886817932128906 -1.2529325485229492 1.6817618608474731
-0.8325648307800293 1.5082440376281738 2.3824830055236816
0.39317163825035095 1.6361414194107056 2.379034996032715
0.8957049250602722 1.5216484069824219 2.6738836765289307
0.9588288068771362 1.513951301574707 -0.7220885753631592
1.6932801008224487 -0.519485354423523 1.2984932661056519
1.5443341732025146 1.4405303001403809 0.3766113221645355
0.015207059681415558 1.4893180131912231 -1.1989794969558716
-2.1132116317749023 1.6377298831939697 0.34637004137039185
2.5819263458251953 1.4682667255401611 -1.6190820932388306
-1.4985661506652832 1.5105366706848145 1.4452883005142212
1.4679728746414185 1.5070792436599731 -2.67936110496521
0.6039255261421204 1.6498570442199707 -1.9428435564041138
0.37302160263061523 1.638071060180664 -1.8752105236053467
-1.400679111480713 1.634832501411438 1.235021948814392
-1.744729995727539 1.5111124515533447 0.6255471706390381
1.238100528717041 1.5001330375671387 1.3265196084976196
-2.115459442138672 1.631347417831421 0.37999027967453003
1.7071685791015625 1.4201942682266235 1.3565309047698975
0.8661338090896606 0.3610283434391022 -1.0814322233200073
-1.6779072284698486 -1.3570915460586548 -1.7782634496688843
-0.3007393479347229 1.6306816339492798 0.07589466124773026
0.9815885424613953 1.5063719749450684 -1.069894790649414
1.3883074522018433 1.546492099761963 2.412663221359253
0.9671907424926758 1.4759924411773682 -2.8735175132751465
0.3425482213497162 1.6292157173156738 1.7936668395996094
-1.3617147207260132 -0.2512668967247009 -1.7293511629104614
-1.1815011501312256 1.6487246751785278 1.096825122833252
0.8620482683181763 1.515108585357666 1.263999342918396
-0.786213755607605 1.4566068649291992 -0.0836324393749237
0.37715914845466614 1.6348763704299927 -1.6630539894104004
-0.49218297004699707 1.49680757522583 -0.8339194059371948
-0.5955641269683838 1.5111236572265625 -0.16948175430297852
2.218356132507324 1.5882817506790161 -0.050774816423654556
-1.5493756532669067 1.4993023872375488 -1.7760862112045288
1.1142851114273071 1.5031213760375977 -0.4541533589363098
-1.8958759307861328 1.613822340965271 -1.6028269529342651
-0.33587682247161865 1.4869751930236816 0.7435105443000793
-0.5697686672210693 1.4814412593841553 2.3373682498931885
1.3153741359710693 1.523537278175354 2.779383659362793
0.9690585732460022 1.5125175714492798 1.9883716106414795
-2.6997039318084717 1.5252785682678223 0.13907966017723083
2.749614953994751 1.5892888307571411 -0.4905116558074951
-0.6747856140136719 1.6246600151062012 -0.5571267604827881
0.6521663069725037 1.6252938508987427 1.8209526538848877
1.9013155698776245 1.481440782546997 1.14272940158844
-1.057861328125 1.5219875574111938 1.2972700595855713
1.6494941711425781 -0.6869550347328186 1.557342767715454
0.7868282198905945 0.2228197455406189 1.1186329126358032
2.2379493713378906 1.3458324670791626 1.2350273132324219
0.23615111410617828 1.538128137588501 -1.064658284187317
-1.2556564807891846 1.5100739002227783 -0.018231511116027832
2.915010452270508 1.5668147802352905 -0.6654824614524841
-0.4406687021255493 1.505446434020996 0.5455998778343201
0.7100502848625183 1.4551270008087158 -2.823648452758789
1.468441367149353 -0.412184476852417 1.3303515911102295
-0.15096032619476318 0.317746639251709 -0.6562186479568481
0.37611857056617737 1.62758469581604 0.9518126845359802
1.6456289291381836 -0.7694418430328369 1.5220468044281006
0.7311971783638 0.26302236318588257 0.8877981305122375
0.5433565378189087 1.5183942317962646 1.7403734922409058
-2.0483334064483643 1.5076394081115723 1.6420087814331055
1.6255828142166138 -0.40673381090164185 1.3313302993774414
1.5752556324005127 -0.7092963457107544 -1.611340045928955
2.1034345626831055 1.3606570959091187 1.7835205793380737
-0.8393898606300354 1.631933569908142 1.807687759399414
1.0365989208221436 1.4578804969787598 -2.194411277770996
1.2388439178466797 1.6111012697219849 1.5348076820373535
-0.8368737697601318 1.5001235008239746 -0.6458364725112915
-1.5264341831207275 1.503084421157837 0.13938139379024506
1.9129747152328491 1.6207938194274902 -1.2895766496658325
0.30939313769340515 0.2695213854312897 0.17115597426891327
-1.1998796463012695 1.5108059644699097 2.411925792694092
2.253502368927002 1.448462963104248 -1.3534237146377563
-0.7051198482513428 1.5225297212600708 1.191247582435608
1.3751623630523682 1.4905991554260254 -0.09855944663286209
2.9183661937713623 1.4642767906188965 -1.0578444004058838
0.3608850836753845 1.519933819770813 -1.5061697959899902
1.2132569551467896 1.5193042755126953 -0.757038414478302
-2.342048168182373 1.4401739835739136 -0.7970479726791382
1.4806336164474487 -0.36858516931533813 1.4446437358856201
1.1001002788543701 -0.051876842975616455 -1.4339326620101929
-2.5377936363220215 1.6159498691558838 0.15047909319400787
2.1699256896972656 1.599463939666748 -1.2777756452560425
2.944211959838867 1.4189949035644531 0.09877941757440567
2.6073641777038574 1.4389841556549072 -0.2476923167705536
1.9850789308547974 1.5848112106323242 -1.9526468515396118
-2.1438167095184326 1.4606016874313354 -1.4370442628860474
1.7477432489395142 -1.0419450998306274 1.493056297302246
0.05940982699394226 1.511539340019226 1.1007581949234009
-1.4732756614685059 1.6433738470077515 1.7477092742919922
1.0837008953094482 1.616339921951294 0.9769927263259888
2.1398656368255615 1.4140280485153198 0.2178928703069687
0.4571444094181061 1.644692301750183 1.0897862911224365
-0.506549060344696 1.5067213773727417 -2.43129825592041
-2.3282470703125 1.4508556127548218 -0.9720273613929749
-0.19998995959758759 1.4926961660385132 0.2647044360637665
0.6646764874458313 1.554473638534546 -2.922131061553955
-0.1608705222606659 0.26410865783691406 -0.5490024089813232
-1.0529981851577759 1.6150201559066772 -2.6507608890533447
-0.6957350969314575 1.6336147785186768 -2.5339763164520264
0.2545335590839386 1.5264091491699219 -1.7601561546325684
-0.46282055974006653 1.5138111114501953 -1.6005336046218872
2.231518268585205 1.5968339443206787 -0.4940086901187897
1.6920994520187378 1.5177868604660034 2.251589775085449
-1.9081244468688965 1.6367051601409912 1.7455253601074219
0.9410127997398376 1.6435881853103638 -1.7786979675292969
1.4941083192825317 1.6491501331329346 -0.8878273963928223
1.6962229013442993 1.4471368789672852 2.1879525184631348
-2.070950508117676 1.616429090499878 -0.030228476971387863
1.6840693950653076 1.513670563697815 -1.2418466806411743
-1.5410349369049072 1.1122071743011475 1.7042250633239746
2.574612855911255 1.4261417388916016 1.1276721954345703
-0.8896225690841675 -0.3009849786758423 1.3425053358078003
-2.606109857559204 1.5224535465240479 0.9284010529518127
1.367872714996338 -0.2905946969985962 1.3095283508300781
-1.282932996749878 1.6168791055679321 2.3996734619140625
0.7020490169525146 1.5310264825820923 1.5861384868621826
-1.366546392440796 1.5136148929595947 0.5250257253646851
0.9827355146408081 1.4970864057540894 -0.7686514258384705
0.7957286834716797 1.5104084014892578 -0.9534448385238647
1.208986759185791 1.4552006721496582 1.1361244916915894
0.00626242533326149 1.64291512966156 -1.882955551147461
0.6605177521705627 1.6153761148452759 1.8825486898422241
-0.672626256942749 1.526500940322876 1.2355231046676636
0.8873412609100342 1.5101643800735474 -1.8344876766204834
-1.4771959781646729 1.529850959777832 0.35272157192230225
-0.5856388211250305 1.6393320560455322 -1.9925200939178467
-1.5878229141235352 1.4936628341674805 -2.044966459274292
-2.6684823036193848 1.5075994729995728 0.33755508065223694
-0.8532045483589172 0.18408648669719696 -1.4700688123703003
-1.0830609798431396 -0.1595047116279602 1.3015482425689697
-0.10280588269233704 1.6245850324630737 1.4300891160964966
-1.0839366912841797 1.6293611526489258 2.089336395263672
-0.6262078881263733 1.6436001062393188 1.4329395294189453
0.7527391910552979 0.37513670325279236 -0.9654263257980347
1.910098910331726 -0.7583628296852112 -1.591078281402588
-0.014131657779216766 1.5120275020599365 2.3320436477661133
1.164153814315796 1.4782629013061523 -1.7387864589691162
-0.06158000975847244 1.6348168849945068 0.7023173570632935
-1.153195858001709 -0.05285240709781647 -1.509340763092041
-1.8747811317443848 1.4614770412445068 -0.9977877736091614
2.9389872550964355 1.4495830535888672 1.2838624715805054
2.369851589202881 1.4427595138549805 -0.7263587117195129
0.3170931339263916 1.4738507270812988 0.669795572757721
-1.1330509185791016 1.5150222778320312 2.3572638034820557
-1.8770173788070679 1.6109893321990967 -0.46047019958496094
-2.5540714263916016 1.4605404138565063 -0.2910456359386444
0.9042283296585083 1.6447597742080688 -1.9513133764266968
-1.0236833095550537 1.6195536851882935 0.5604780316352844
1.7483704090118408 1.4374163150787354 1.3102936744689941
1.261979103088379 1.506541132926941 -0.5026300549507141
-1.7296655178070068 1.6373519897460938 1.9726885557174683
-0.6156277656555176 1.514345407485962 -0.863933265209198
1.847543478012085 1.3573817014694214 -2.370194435119629
-0.32008734345436096 1.5210678577423096 1.1094324588775635
-0.8411829471588135 1.5207064151763916 -1.2197834253311157
-0.297123521566391 0.43541818857192993 0.7054716944694519
-0.6340818405151367 1.5079652070999146 -2.4958510398864746
2.1234776973724365 1.3475327491760254 2.0726428031921387
-0.4740354120731354 1.6173408031463623 -1.3694370985031128
0.9999443888664246 1.5159296989440918 -0.8296228647232056
-0.8001576066017151 1.5087213516235352 -1.1171672344207764
-0.0691375657916069 0.4213632345199585 -0.3849773108959198
1.6322965621948242 1.4207066297531128 2.534891128540039
-0.07977970689535141 1.4546706676483154 0.5748993754386902
-1.211138129234314 1.628678798675537 -0.7685729265213013
-0.266060471534729 1.637816071510315 1.3774381875991821
1.4374711513519287 -0.3313288688659668 1.3356437683105469
-1.0647979974746704 1.6382596492767334 2.1131751537323
1.286454439163208 -0.20029789209365845 1.3627450466156006
0.3374983072280884 1.641269564628601 0.9995734691619873
-1.3268767595291138 -0.24853834509849548 -1.7379119396209717
0.9480276107788086 1.5957871675491333 2.455817699432373
0.42068761587142944 1.606188178062439 -2.8710567951202393
-0.6683831810951233 1.511587381362915 -2.764174699783325
0.4048360288143158 1.6357975006103516 2.6941580772399902
-0.2903316617012024 1.4895472526550293 1.7698888778686523
1.4753501415252686 1.4676635265350342 -1.6969707012176514
-1.2899246215820312 1.495883822441101 -1.5307374000549316
2.474848985671997 1.3973212242126465 0.297348290681839
0.035569094121456146 1.3083842992782593 -0.41083788871765137
-0.19061945378780365 1.6342263221740723 1.7269999980926514
2.284668207168579 1.4361029863357544 -1.0067529678344727
2.045225143432617 1.4257510900497437 0.029502123594284058
1.2504627704620361 1.477104663848877 2.4460740089416504
-0.9323335886001587 1.6442559957504272 2.3804931640625
0.7347198724746704 1.577843189239502 2.949558973312378
-2.5683112144470215 1.5027997493743896 0.9801062941551208
-0.7077233791351318 1.6370640993118286 -2.324537515640259
0.6508463621139526 1.6075514554977417 -2.839083194732666
0.22192825376987457 1.6310347318649292 0.9749676585197449
1.3886562585830688 -0.2625848054885864 -1.3657641410827637
1.2601122856140137 -0.2946147620677948 -1.5257405042648315
0.8476965427398682 1.5147271156311035 -1.7457149028778076
1.3015860319137573 1.4467668533325195 0.416113942861557
0.07418069988489151 1.6314175128936768 -1.6087125539779663
-0.4598711133003235 1.620948076248169 0.4041634202003479
1.6893266439437866 -0.4760141670703888 1.5397452116012573
-0.6801707148551941 1.5375938415527344 1.088422417640686
0.64885413646698 1.5195738077163696 0.884945809841156
-1.7159342765808105 1.5185489654541016 2.187337875366211
-0.0904410257935524 0.5891550183296204 0.32648220658302307
-0.364688515663147 1.5077122449874878 0.8024131059646606
1.1175920963287354 1.4774534702301025 0.4957852363586426
0.5905929803848267 1.600914716720581 -1.6769232749938965
-0.99655681848526 1.6439571380615234 2.4090397357940674
-0.5463621020317078 1.5162758827209473 -2.7837889194488525
1.2911574840545654 1.4606430530548096 -1.2374221086502075
-0.7023704648017883 1.4792520999908447 0.5329410433769226
-1.728492259979248 1.6035118103027344 -0.9707902073860168
2.4373421669006348 1.4273419380187988 0.01803121715784073
0.5686426162719727 1.642441987991333 -0.6505144238471985
-0.10925163328647614 1.6339367628097534 -2.059276580810547
0.7081710696220398 1.6467057466506958 -1.1743069887161255
-1.7032322883605957 1.5633845329284668 -0.4104599952697754
1.7157288789749146 1.503468632698059 0.9213058352470398
0.6583328247070312 1.5117591619491577 0.813895046710968
-0.37325382232666016 1.487825632095337 -0.5678120255470276
1.1742271184921265 1.6475967168807983 -0.76614910364151
-0.6815829277038574 1.5122418403625488 -0.7813276052474976
0.9694766402244568 0.0423053503036499 -1.2220999002456665
1.205125093460083 1.456985592842102 -2.3225033283233643
-0.37791040539741516 1.5757452249526978 -2.897078037261963
-0.8518667221069336 1.6373218297958374 2.630380153656006
-2.3683574199676514 1.567075252532959 -0.735325813293457
-0.3825766444206238 0.4209733009338379 0.7746831178665161
-0.4563663601875305 1.5062909126281738 -0.6185240745544434
1.3749369382858276 1.6373605728149414 -0.906628429889679
1.6336807012557983 1.5664728879928589 1.3622244596481323
0.5013630390167236 1.499582290649414 1.74213707447052
2.6010568141937256 1.5948137044906616 -1.0530270338058472
-2.475001335144043 1.6244287490844727 0.8758400678634644
1.2728056907653809 -0.19593524932861328 -1.2947328090667725
0.8104078769683838 1.5154987573623657 0.6861944198608398
2.628741502761841 1.4234797954559326 -0.680697500705719
-0.2790733575820923 1.5078189373016357 -2.3718042373657227
-0.47213101387023926 1.5337507724761963 -2.954367160797119
0.6725082397460938 1.6133710145950317 0.8449355959892273
1.2770106792449951 1.4990284442901611 1.1974303722381592
-1.0830591917037964 1.6211682558059692 -1.3573284149169922
1.9705640077590942 1.4840292930603027 -1.0102081298828125
-2.6743903160095215 1.4808077812194824 -0.7935081124305725
-0.41991710662841797 1.4720293283462524 -1.0195010900497437
1.141437292098999 1.5037480592727661 -1.830033540725708
0.33601486682891846 1.6284458637237549 1.7879306077957153
-0.27959364652633667 1.5179452896118164 1.462000846862793
1.872282862663269 1.6004745960235596 -1.5324046611785889
-0.9044535160064697 1.503179669380188 -2.631378412246704
1.003125548362732 1.438706636428833 -2.563718557357788
1.9434751272201538 1.4294052124023438 -1.8426073789596558
0.9647448658943176 1.47654128074646 -1.9735699892044067
-0.08747712522745132 1.5154978036880493 -1.984999418258667
-1.570621371269226 0.8097997903823853 1.6861913204193115
2.0391461849212646 -0.9849026203155518 -1.5736898183822632
2.8201513290405273 1.4836910963058472 -1.3085767030715942
-0.5540542602539062 1.5022931098937988 -0.8273809552192688
-2.6266467571258545 1.4977613687515259 0.31918880343437195
0.9408299326896667 1.4946824312210083 2.5907797813415527
0.22639834880828857 1.628798007965088 2.259662389755249
-1.802057147026062 1.5086721181869507 1.7115429639816284
2.084927797317505 1.4871819019317627 0.9115096926689148
-2.401715040206909 1.4769744873046875 -1.4650020599365234
-1.6218249797821045 -0.917880117893219 -1.8675744533538818
2.7715258598327637 1.5240802764892578 -1.313226580619812
1.8716487884521484 1.3876278400421143 1.3105230331420898
2.892059564590454 1.5633045434951782 -0.9711001515388489
-0.2438761591911316 1.6283830404281616 -1.8999215364456177
1.346339464187622 1.6416226625442505 -0.8759295344352722
1.4519373178482056 1.6450153589248657 -0.9626296758651733
-0.3582172095775604 1.6343183517456055 -1.2677311897277832
2.503626823425293 1.597724199295044 -1.1414793729782104
-1.8333395719528198 1.4700086116790771 -1.5635195970535278
1.5577806234359741 1.425383448600769 0.4716009497642517
-1.0629041194915771 1.5158507823944092 -1.8711875677108765
-1.532418131828308 0.7317982316017151 1.8039766550064087
2.1114163398742676 1.3778728246688843 1.4991322755813599
-0.6731984615325928 1.515681505203247 -1.3607815504074097
1.6817091703414917 1.452093482017517 2.591831922531128
-2.3990542888641357 1.532596230506897 1.2972729206085205
0.6867586970329285 0.3588525354862213 -0.8707498908042908
0.6472775936126709 1.6196209192276 1.7377753257751465
-2.6923961639404297 1.5269209146499634 -0.6096135377883911
-1.5773595571517944 1.5730723142623901 0.08195777982473373
-1.7241263389587402 1.4806077480316162 1.8065203428268433
-1.7052361965179443 1.540157675743103 -2.3095548152923584
0.20902971923351288 1.6406735181808472 -0.43534836173057556
-1.1211484670639038 1.508223056793213 -1.9827344417572021
-0.7485603094100952 1.5107743740081787 2.13952374458313
-2.4046847820281982 1.4662604331970215 -1.302997350692749
1.8184683322906494 1.5107265710830688 0.9631438851356506
1.830709457397461 -0.9448690414428711 1.4384260177612305
-0.8832705616950989 0.2958889901638031 -1.3748700618743896
-1.9455153942108154 1.638824462890625 0.5214290618896484
2.506328582763672 1.4473462104797363 -0.5362557172775269
0.8450251817703247 1.6352719068527222 0.5363215208053589
-2.174791097640991 1.6186962127685547 1.087341547012329
-2.1544125080108643 1.4594125747680664 0.9459447264671326
2.3414969444274902 1.5840283632278442 -1.379931926727295
-2.1101670265197754 1.5733845233917236 -1.291817545890808
-0.6247137784957886 1.4994808435440063 -2.7837986946105957
0.5104785561561584 1.6165155172348022 -2.724006414413452
1.6900601387023926 -0.6965742111206055 -1.7292197942733765
-2.6760942935943604 1.5276260375976562 0.4503912627696991
-1.670837640762329 1.5207629203796387 1.0143911838531494
1.6706104278564453 -0.5922443270683289 1.5614007711410522
2.461121082305908 1.408635139465332 0.21125662326812744
0.9636012315750122 1.497093677520752 2.3251118659973145
0.062425367534160614 1.5320948362350464 1.189887523651123
1.7065579891204834 1.458927035331726 -0.04045780375599861
1.8464442491531372 1.62455153465271 -0.4457693099975586
1.6050633192062378 -0.582917332649231 1.5118637084960938
1.4471619129180908 1.4498111009597778 1.830352783203125
-0.1051253154873848 0.3036922812461853 -0.5150009989738464
-0.6810216307640076 1.4903442859649658 -0.09366318583488464
-1.6045676469802856 0.9828909635543823 1.7747948169708252
-0.8051751852035522 1.5277750492095947 2.751361846923828
2.439915657043457 1.3148572444915771 1.730761170387268
-1.025627613067627 1.6343269348144531 -1.16065514087677
-1.1572296619415283 1.632165551185608 0.6034577488899231
-0.7661992311477661 1.6178762912750244 -2.7828209400177
0.023694608360528946 1.6379203796386719 2.254525661468506
1.6127970218658447 1.3510127067565918 2.4646241664886475
0.5404820442199707 1.499290943145752 1.8915741443634033
1.2438867092132568 1.5997380018234253 1.3189353942871094
1.3612210750579834e-05 1.5495038032531738 -0.2284831553697586
1.1758712530136108 1.6195573806762695 1.4640990495681763
-1.6686811447143555 1.4787921905517578 -1.438542127609253
1.0336480140686035 1.5032603740692139 1.63483726978302
-1.8781163692474365 1.6315035820007324 1.1781055927276611
-0.4168720841407776 1.6384592056274414 -0.4974004030227661
1.2529428005218506 1.6409062147140503 -1.4363385438919067
-0.03631989285349846 1.4944576025009155 0.433485209941864
-1.3647583723068237 1.5944273471832275 0.9136973023414612
-0.9752725958824158 -0.08272385597229004 -1.6893501281738281
1.8250750303268433 -1.0920720100402832 1.4344512224197388
-1.3571367263793945 1.5883080959320068 -1.9724681377410889
-1.2130953073501587 1.5083701610565186 -1.1662598848342896
2.122880220413208 1.3515784740447998 2.1035373210906982
0.47461622953414917 0.516952395439148 0.5529252886772156
-0.1400904357433319 1.497157335281372 -2.6569838523864746
-0.5946285724639893 1.6313937902450562 0.5413884520530701
-1.5257203578948975 1.4780166149139404 1.5336283445358276
-0.11354625225067139 1.4286515712738037 -2.6801023483276367
0.936164140701294 1.4904344081878662 1.428696632385254
1.3844014406204224 1.5210506916046143 -0.9532025456428528
-1.1635172367095947 1.501711130142212 2.217306613922119
1.8494579792022705 1.47811758518219 -0.24793900549411774
0.322765588760376 1.6333270072937012 1.758028268814087
2.1017558574676514 1.362910509109497 0.6644786596298218
1.5938407182693481 -0.366302490234375 1.2366652488708496
2.8348770141601562 1.5879364013671875 -0.49617427587509155
0.46318796277046204 1.6346213817596436 -1.3149183988571167
-0.5945825576782227 1.5386027097702026 -1.7385449409484863
2.2745563983917236 1.5363291501998901 -2.0306661128997803
2.4721736907958984 1.5839331150054932 -0.26272568106651306
-1.1675413846969604 1.4968135356903076 2.105666160583496
-1.443274736404419 1.6381340026855469 -1.5359991788864136
0.041806790977716446 0.5024966597557068 0.32902994751930237
-1.1467034816741943 1.6329259872436523 0.6200025677680969
1.697777271270752 1.507028341293335 2.525773763656616
-0.5686202645301819 1.641162395477295 1.5063841342926025
2.58835506439209 1.3977365493774414 -0.03704157844185829
1.2248494625091553 1.4731669425964355 0.5536625385284424
-0.121884286403656 1.4810874462127686 -2.5598156452178955
0.16551420092582703 0.485158771276474 -0.16376249492168427
0.6639675498008728 1.632235050201416 -2.313767671585083
1.822611927986145 1.5140925645828247 2.2670273780822754
-0.07281392812728882 1.6355273723602295 1.0650224685668945
1.772947072982788 1.5226328372955322 0.7333168387413025
-1.6080354452133179 1.5023274421691895 0.628325879573822
0.37601202726364136 1.5958380699157715 -2.9108753204345703
0.11691242456436157 0.2784659266471863 -0.10199346393346786
-1.042073369026184 1.5134508609771729 -1.570347547531128
-1.7649341821670532 1.4399926662445068 -1.6045058965682983
0.3128877282142639 1.439609408378601 -0.0990062952041626
0.8229180574417114 0.20359550416469574 -1.0756908655166626
0.5589756965637207 1.5217682123184204 -2.9508888721466064
-1.3519132137298584 1.5029913187026978 -1.9124635457992554
0.7047427296638489 1.5218515396118164 -1.145009160041809
-1.4703731536865234 1.597059965133667 -1.3965532779693604
-1.671709418296814 1.608137607574463 -0.6841756701469421
1.6634021997451782 -0.7385565042495728 1.3686397075653076
-1.1067224740982056 1.6360310316085815 0.6824581027030945
1.4575934410095215 1.5836721658706665 1.3872512578964233
2.056236505508423 1.4219207763671875 2.089561700820923
0.605879545211792 1.47117280960083 -2.3604393005371094
-0.19209080934524536 1.6353514194488525 1.9325650930404663
-1.751759648323059 1.4874799251556396 -0.7600962519645691
-0.9011456966400146 0.018232956528663635 -1.4247026443481445
1.7061063051223755 1.5458619594573975 0.5009022355079651
1.7117842435836792 -0.37149518728256226 1.5257463455200195
2.636617660522461 1.4514274597167969 -1.0287702083587646
1.4206066131591797 1.6312379837036133 -0.10039754956960678
-0.5834500193595886 1.6225827932357788 0.3342040181159973
1.3900530338287354 -0.492367148399353 -1.5849473476409912
0.51949542760849 1.6429961919784546 -1.2055883407592773
0.718833863735199 1.6074098348617554 -2.4973461627960205
-0.6910886764526367 1.4928901195526123 2.453313112258911
-0.23620837926864624 0.30423450469970703 -0.5597529411315918
0.28447791934013367 1.537487268447876 1.1993372440338135
1.1344265937805176 1.5092294216156006 -2.867288589477539
1.9721568822860718 1.605936884880066 -0.0008291369304060936
1.9718647003173828 1.5972857475280762 -1.6103706359863281
-0.01764090359210968 0.5733938217163086 0.3475567400455475
0.48358219861984253 1.636734962463379 0.0613514706492424
2.289031505584717 1.5451328754425049 0.3286321759223938
-0.1439722776412964 1.6430310010910034 1.1656038761138916
-2.2281410694122314 1.438331961631775 -0.7482059001922607
-2.653080701828003 1.5440818071365356 0.6074182391166687
0.7636352777481079 0.21046000719070435 -0.9989810585975647
-0.24815550446510315 0.46520572900772095 0.6508079171180725
-1.8606153726577759 1.4660401344299316 0.40311405062675476
1.38678777217865 1.4552642107009888 2.334890842437744
-0.872859001159668 0.1337001919746399 -1.1758036613464355
0.47816842794418335 1.6477469205856323 -1.5683202743530273
1.3861597776412964 1.449519395828247 0.6547777056694031
1.4771616458892822 1.4935137033462524 -1.7416253089904785
-1.251146912574768 -0.4867710769176483 1.4586611986160278
2.2653706073760986 1.3622469902038574 1.3028450012207031
-1.296976923942566 -0.5758006572723389 1.5557187795639038
1.9159735441207886 1.4816712141036987 -0.3353126347064972
-0.2566838562488556 1.515498161315918 -0.04560752585530281
-0.6529556512832642 1.479170799255371 -1.5487066507339478
0.48265525698661804 1.6389024257659912 -1.9772388935089111
1.6881635189056396 1.6374951601028442 -1.1285549402236938
2.4355552196502686 1.582243800163269 -0.21527054905891418
0.18842190504074097 1.3581011295318604 -0.13189011812210083
-0.624450147151947 1.622676968574524 -2.741544723510742
0.03475073724985123 0.526516318321228 -0.17349088191986084
-1.1871379613876343 1.6437102556228638 1.382595419883728
-1.6993097066879272 1.6352028846740723 0.6110372543334961
0.011205654591321945 1.646314263343811 0.6073030829429626
-1.5477427244186401 -0.46720314025878906 -1.7955069541931152
-0.9245585203170776 1.6402215957641602 -1.2127735614776611
-2.2286789417266846 1.6049377918243408 -0.2338528335094452
-0.6439599990844727 1.6376482248306274 -2.4378113746643066
1.322556972503662 1.4706952571868896 1.8014708757400513
2.1042327880859375 1.575724482536316 0.1484372615814209
-0.8859851360321045 0.27315399050712585 -1.1276123523712158
-2.0200276374816895 1.5164375305175781 1.3969345092773438
-0.9902006387710571 1.4557890892028809 1.1472991704940796
-1.9512572288513184 1.4596402645111084 -0.9530518054962158
-2.304791212081909 1.6028990745544434 0.001384085975587368
-0.07381748408079147 1.513667106628418 2.819121837615967
-1.1860308647155762 1.518619179725647 -0.45756492018699646
1.1711738109588623 1.4951850175857544 1.5001205205917358
-2.534886598587036 1.4985531568527222 -1.246706247329712
1.9414032697677612 1.4662660360336304 -1.486472725868225
1.2897908687591553 1.6211912631988525 -1.856200933456421
-0.13375842571258545 1.6347498893737793 2.3688085079193115
1.6943532228469849 1.4152928590774536 1.0090970993041992
-1.531710147857666 1.4997940063476562 0.40615084767341614
0.21218165755271912 1.6434165239334106 0.9214354753494263
2.790602684020996 1.569396734237671 -1.2118123769760132
1.9636592864990234 1.5114998817443848 -1.0382299423217773
2.5756149291992188 1.4712637662887573 -1.6315807104110718
-0.7367947101593018 1.5029613971710205 1.7730989456176758
1.1871675252914429 0.018859155476093292 -1.400262475013733
-1.6009912490844727 1.4848294258117676 -0.8091050982475281
1.2984085083007812 1.581228256225586 0.6556993126869202
-0.8559043407440186 1.5064969062805176 1.4366453886032104
-0.8758983612060547 1.5015039443969727 1.1898880004882812
-2.6489527225494385 1.5259819030761719 0.6603226661682129
0.5201096534729004 1.5044379234313965 -2.5003859996795654
2.5121936798095703 1.5188688039779663 0.375662624835968
0.8717091679573059 1.5256586074829102 -1.4773768186569214
-0.22599926590919495 1.489065408706665 -0.9105778932571411
-1.8180055618286133 1.5257704257965088 -2.2478747367858887
2.383714199066162 1.3413523435592651 1.9555938243865967
1.5657905340194702 1.4953460693359375 -0.8698964715003967
1.598363995552063 -0.6160159111022949 1.5263582468032837
2.1680405139923096 1.6177022457122803 -1.2361730337142944
0.4167160391807556 1.639461874961853 -0.44776129722595215
-1.9383776187896729 1.6431517601013184 1.1886725425720215
-2.044419527053833 1.5202021598815918 1.205453634262085
1.09868323802948 1.4805908203125 2.6070361137390137
2.8374907970428467 1.3982120752334595 0.28746238350868225
2.206627368927002 1.4924657344818115 0.6599209308624268
0.1683548241853714 1.638953447341919 -1.9712942838668823
1.5626386404037476 -0.6316852569580078 -1.6866247653961182
-1.8231245279312134 1.5880136489868164 -1.9071866273880005
-1.2310264110565186 -0.40868526697158813 -1.7332892417907715
-1.185567855834961 1.5128823518753052 2.064164876937866
1.19414484500885 1.37897789478302 -2.562601327896118
3.069338083267212 1.4471544027328491 -0.18254879117012024
0.5661158561706543 1.5030558109283447 2.123965263366699
1.3026224374771118 -0.2288782000541687 1.3168489933013916
-0.6377484202384949 1.6324026584625244 -1.7139586210250854
0.7567676901817322 1.6526485681533813 -1.4986305236816406
0.2529836595058441 1.5103912353515625 1.0515165328979492
1.720619559288025 1.5534212589263916 1.82231867313385
-1.4567070007324219 1.6333608627319336 -1.2025339603424072
1.439848780632019 -0.3734281361103058 -1.4878513813018799
-2.1830973625183105 1.608703374862671 -0.040626272559165955
-0.9479883313179016 1.6450334787368774 2.2922511100769043
1.3337500095367432 1.4619457721710205 2.3919599056243896
-2.192790985107422 1.4712156057357788 -1.4445321559906006
-1.5417193174362183 1.5005948543548584 1.658123254776001
1.4393208026885986 -0.353107213973999 -1.4122121334075928
3.0985124111175537 1.4766528606414795 -0.1339847445487976
0.5163792967796326 1.6502488851547241 0.23830661177635193
-2.2834980487823486 1.54408597946167 -1.0501071214675903
1.9691554307937622 1.4098002910614014 0.20458737015724182
-2.6092464923858643 1.4718337059020996 0.5388085842132568
-2.2431445121765137 1.500856876373291 0.6991112232208252
-2.15181827545166 1.5992882251739502 -0.45164477825164795
1.0846545696258545 1.6078341007232666 1.2698355913162231
0.24492409825325012 0.513096034526825 -0.131440207362175
1.0091699361801147 0.012766644358634949 0.9325496554374695
1.7713741064071655 1.5033150911331177 -0.918241560459137
-2.1274170875549316 1.591828465461731 -0.5463484525680542
-1.3939083814620972 1.5097098350524902 -2.1785287857055664
1.0718191862106323 1.5153207778930664 -1.721968412399292
0.6635118722915649 1.5070362091064453 -0.033552248030900955
2.7098424434661865 1.5914790630340576 -1.1332660913467407
-0.6747395992279053 1.5211284160614014 1.0812032222747803
0.3788604140281677 1.4999871253967285 0.08354606479406357
0.8973609209060669 1.6133228540420532 2.2702412605285645
0.0035879649221897125 1.526764154434204 2.194037437438965
-2.6114208698272705 1.6073715686798096 0.6202128529548645
2.03045654296875 1.4665857553482056 -1.3399527072906494
2.8666372299194336 1.4873484373092651 0.6432904005050659
1.0855828523635864 1.5110468864440918 -1.171188235282898
0.6672824621200562 1.6451183557510376 -0.8869901895523071
1.8655540943145752 1.5140011310577393 2.1051907539367676
2.35387921333313 1.6014653444290161 -0.9333138465881348
2.5018460750579834 1.4393941164016724 -0.05564143508672714
-1.8156566619873047 1.4911279678344727 -1.9786946773529053
-0.2065792828798294 1.5148943662643433 1.2563868761062622
1.736343502998352 1.5923233032226562 -2.3253636360168457
0.6784937381744385 1.5225067138671875 -1.3841851949691772
-1.5029009580612183 1.6412211656570435 1.5109394788742065
-1.304457426071167 1.5128977298736572 -1.5345439910888672
1.8769415616989136 1.541617751121521 0.442927747964859
0.0006892979145050049 1.5878194570541382 0.6161693334579468
1.3934837579727173 1.492276906967163 -1.4695388078689575
2.670966386795044 1.5134621858596802 0.628800094127655
2.1283702850341797 1.6174697875976562 -1.1137089729309082
1.2710641622543335 1.6296547651290894 -1.9329719543457031
1.554587960243225 1.4611002206802368 -1.8189817667007446
-1.382270097732544 -0.2880758047103882 -1.6663140058517456
1.0567781925201416 1.525062084197998 -0.7426022291183472
1.046364665031433 1.4810142517089844 1.485050082206726
-0.9835686683654785 1.4996857643127441 -1.461692452430725
1.4865509271621704 1.5309683084487915 -2.666027069091797
1.5639064311981201 1.4610995054244995 1.5170085430145264
2.2110390663146973 1.4834665060043335 2.168457508087158
2.7006421089172363 1.3456060886383057 1.5107972621917725
0.7983198761940002 1.5200837850570679 -0.9911187887191772
1.0285236835479736 1.4932140111923218 -0.39763540029525757
0.03916970640420914 0.3030755817890167 0.07958968728780746
0.7236309051513672 1.6379963159561157 -0.9011418223381042
1.2913603782653809 1.5906641483306885 -2.238121509552002
0.9353775978088379 1.5071635246276855 2.128572702407837
0.023811187595129013 1.4989073276519775 1.9190585613250732
0.020539116114377975 1.5289112329483032 -1.805517554283142
-1.0538368225097656 0.18819385766983032 -1.431250810623169
-0.27403056621551514 1.4929733276367188 -2.66232967376709
1.4644441604614258 1.5506153106689453 0.8943233489990234
2.793003559112549 1.3860198259353638 1.5283664464950562
1.050938606262207 0.18252205848693848 1.019970178604126
-1.7693030834197998 1.6143327951431274 0.10990631580352783
-1.002535343170166 1.6392618417739868 2.545884370803833
1.1214518547058105 1.4897875785827637 1.063075304031372
-1.1298846006393433 1.5182996988296509 2.099461555480957
-0.7612118124961853 1.62050461769104 -0.1554330736398697
0.1603728085756302 0.310741662979126 -0.32937124371528625
0.5937111377716064 0.33939558267593384 0.649211585521698
-0.40552476048469543 1.5140080451965332 -1.4671400785446167
-0.26332539319992065 1.6269336938858032 -1.475587248802185
-2.409123182296753 1.6186288595199585 0.15926875174045563
2.0210611820220947 1.563767910003662 0.17094601690769196
-0.380603164434433 1.5058146715164185 0.7878324389457703
-0.840985894203186 1.6362961530685425 0.931790828704834
1.8138045072555542 1.4740808010101318 -1.4568121433258057
-1.4548795223236084 -1.0563850402832031 -1.861401081085205
-0.5620681643486023 0.37524449825286865 -0.9023065567016602
1.9091227054595947 -0.7443163990974426 1.583136796951294
-0.06861521303653717 1.6253161430358887 -1.4435420036315918
-1.3395329713821411 1.5102061033248901 2.368208646774292
2.2286410331726074 1.6106610298156738 -0.8995842933654785
-2.41452693939209 1.6251906156539917 0.5882416367530823
-1.31241774559021 1.4529120922088623 1.7126317024230957
-2.481381416320801 1.644008994102478 -0.2712801396846771
2.0935521125793457 1.3682453632354736 1.8705860376358032
1.1808158159255981 -0.09798884391784668 1.3304567337036133
-1.6965949535369873 1.6239904165267944 2.018756151199341
2.6905627250671387 1.5951333045959473 -0.5716142058372498
0.43974173069000244 1.6161725521087646 -2.7568421363830566
0.43289053440093994 1.6368870735168457 0.18962101638317108
-0.45418858528137207 1.502569317817688 0.7598304152488708
1.2787889242172241 -0.2245825082063675 1.3405441045761108
2.331315517425537 1.3647143840789795 0.023241862654685974
-2.711787223815918 1.4790699481964111 -0.23000600934028625
-0.5312595367431641 1.6443878412246704 -1.0153189897537231
1.637171983718872 -0.5745827555656433 1.554406762123108
2.4644253253936768 1.4607768058776855 -1.0657017230987549
2.396125316619873 1.4377559423446655 2.0306146144866943
2.268594264984131 1.4756805896759033 1.576381802558899
1.9149267673492432 1.4733984470367432 -0.44077765941619873
1.4974381923675537 1.4747986793518066 -1.853164553642273
0.025249935686588287 1.6368094682693481 0.9081778526306152
1.9574490785598755 -0.8916586637496948 -1.5132838487625122
-1.1683485507965088 1.495861291885376 -0.521815836429596
0.015368033200502396 1.6371445655822754 2.2570064067840576
-0.9041638374328613 1.6472575664520264 2.3903605937957764
1.932570219039917 1.5217211246490479 1.3560148477554321
-0.9392139315605164 1.6554721593856812 1.2146509885787964
1.1886733770370483 1.4807536602020264 2.0273866653442383
-1.3501365184783936 1.4998358488082886 0.7418840527534485
1.252727746963501 1.6422169208526611 -1.6055190563201904
-1.3711309432983398 -0.8353126049041748 1.791014552116394
-1.2377010583877563 1.6349338293075562 0.8741142749786377
1.651870608329773 1.4476587772369385 2.1508948802948
-0.8644298315048218 1.6400642395019531 2.5940475463867188
-0.8064244389533997 0.3238969147205353 -1.232663869857788
0.466835618019104 1.6442131996154785 0.8820502161979675
-0.08192532509565353 1.49235200881958 -0.39795994758605957
0.6737955212593079 1.6427587270736694 -1.4708681106567383
0.081666961312294 1.6354331970214844 -1.9514023065567017
0.38892531394958496 1.567420482635498 -2.797791004180908
-2.4660303592681885 1.4804333448410034 0.043617065995931625
1.5561901330947876 1.507440447807312 1.7121119499206543
0.6741718053817749 1.6187998056411743 2.0473697185516357
-1.5125439167022705 -0.6304395794868469 -1.8658591508865356
-1.4126116037368774 1.6170185804367065 -2.359647512435913
-1.2672829627990723 1.516059160232544 -1.311210036277771
3.0091137886047363 1.4267972707748413 -0.4791860580444336
1.6773042678833008 1.5889041423797607 0.20465488731861115
-0.12917712330818176 1.4880844354629517 0.007627815939486027
-1.0143195390701294 1.5120267868041992 -1.4062092304229736
0.22303786873817444 1.5894885063171387 -2.9284250736236572
0.6012387871742249 1.6331431865692139 2.673635244369507
-0.4319204092025757 1.6101644039154053 0.08252131938934326
0.8494942784309387 1.6234415769577026 1.5633825063705444
0.522799015045166 1.6290100812911987 2.2938504219055176
1.6767889261245728 1.4183604717254639 1.0003472566604614
0.8180428147315979 1.5234698057174683 -1.1880632638931274
2.6318435668945312 1.570525884628296 -0.06449160724878311
-2.4357080459594727 1.6295750141143799 0.6232766509056091
-1.5290724039077759 1.4776735305786133 1.8707950115203857
1.4360021352767944 -0.3051963448524475 -1.3991581201553345
-1.1339426040649414 1.5261346101760864 -0.7946525812149048
-2.643566370010376 1.5504014492034912 -0.5242634415626526
-1.250025987625122 1.5147134065628052 0.45813438296318054
-0.9841197729110718 0.001967698335647583 -1.7001820802688599
-2.0953922271728516 1.6341028213500977 0.4874627888202667
-0.4289664924144745 1.4979060888290405 2.7121832370758057
0.054434265941381454 1.6394071578979492 0.06720025092363358
0.5170896649360657 1.6300840377807617 2.3100008964538574
-0.2598962187767029 1.6267973184585571 -2.7180376052856445
1.8365979194641113 -1.2057089805603027 1.676411509513855
-0.3750085234642029 1.4754806756973267 -2.8544082641601562
1.0865442752838135 1.4715964794158936 -0.17323870956897736
1.6611642837524414 1.4911459684371948 -2.6512887477874756
-1.1858885288238525 1.453852653503418 -1.659889578819275
2.4282820224761963 1.473379373550415 1.2642587423324585
2.141972780227661 1.3607022762298584 -0.04865865409374237
-1.0381555557250977 -0.3494952619075775 1.2492527961730957
1.0973328351974487 1.5695204734802246 -2.6519670486450195
0.8892126679420471 0.24418121576309204 1.144648790359497
-0.9588362574577332 1.6311291456222534 0.6470295190811157
-1.0862051248550415 -0.45839452743530273 1.5695185661315918
2.3986165523529053 1.4720604419708252 1.0109635591506958
-0.2888381779193878 1.5008656978607178 1.5291212797164917
0.16689704358577728 0.7355117797851562 -0.1890716850757599
-1.0411286354064941 1.515938401222229 -1.7051242589950562
1.4733473062515259 -0.19005125761032104 1.1927837133407593
0.7592159509658813 1.6219907999038696 2.277804136276245
3.014645576477051 1.4174890518188477 1.0801801681518555
-0.7842574715614319 1.5235577821731567 1.2103896141052246
-2.17516827583313 1.637624979019165 0.6578391194343567
-1.1548482179641724 -0.5111850500106812 1.4250750541687012
-2.600809097290039 1.4855303764343262 0.0717971995472908
-1.7972440719604492 1.6336588859558105 1.4173115491867065
-1.6324512958526611 1.6462070941925049 0.7823647260665894
-1.520115852355957 -0.9580702781677246 1.7862588167190552
1.6051758527755737 1.6241647005081177 -0.15877090394496918
-1.469956398010254 1.5086942911148071 2.089975357055664
1.2113949060440063 -0.43158644437789917 -1.4482024908065796
-1.192347764968872 -0.04016000032424927 -1.6571389436721802
-1.399556040763855 -0.8073453903198242 -1.6951292753219604
1.8465486764907837 1.4972997903823853 2.405241012573242
-0.9866539835929871 1.517831802368164 -2.739572286605835
2.064517021179199 1.4189770221710205 -1.4831186532974243
0.7695340514183044 1.5016158819198608 -2.9125919342041016
1.350090742111206 -0.30268406867980957 -1.336046576499939
-0.008136317133903503 1.633944034576416 0.7039256691932678
-1.8616023063659668 1.4911144971847534 1.5456923246383667
-0.9368967413902283 1.6346955299377441 -0.5360909700393677
-1.7249820232391357 1.6127136945724487 0.009448588825762272
-0.865208089351654 0.28531962633132935 -1.139788031578064
1.7855476140975952 1.4177087545394897 0.4053688943386078
1.2294864654541016 1.568806529045105 2.6959686279296875
0.5870093107223511 1.4720227718353271 0.742689847946167
0.4544375240802765 1.525970220565796 0.8452506065368652
-2.053138256072998 1.6370062828063965 0.5348222851753235
-0.8495588898658752 1.607696533203125 -2.8260927200317383
1.4846360683441162 1.6407874822616577 -1.0173954963684082
2.348165988922119 1.5061936378479004 1.817753553390503
2.57216739654541 1.4686428308486938 0.9682413935661316
0.5379666090011597 1.5094105005264282 -1.2786024808883667
-2.228874444961548 1.4652653932571411 -0.39202257990837097
-0.7494736313819885 1.657509207725525 1.744848608970642
1.6964151859283447 1.5374250411987305 -2.4856226444244385
-0.4972922205924988 1.643167495727539 2.335089921951294
-1.0801150798797607 1.6446173191070557 1.436120629310608
-2.02118182182312 1.637892484664917 1.190690517425537
2.3822031021118164 1.57821786403656 -1.6161772012710571
1.178739070892334 -0.09217342734336853 1.3097269535064697
-1.1096819639205933 1.62070631980896 -0.19389602541923523
0.36314406991004944 1.449473261833191 -2.8044002056121826
-1.2141269445419312 1.6277856826782227 2.1148595809936523
-0.8850676417350769 -0.01085364818572998 -1.56611967086792
1.9481966495513916 1.4399619102478027 0.0832587480545044
-1.3143551349639893 -0.5805829763412476 1.6317760944366455
0.3668435215950012 1.5272812843322754 -2.9757354259490967
-1.6034728288650513 0.9583158493041992 1.8194835186004639
1.5976083278656006 1.4251527786254883 0.2983132302761078
1.5090171098709106 1.4400839805603027 2.2102019786834717
0.6699438095092773 1.4113579988479614 -2.786815643310547
-0.32665055990219116 1.5057740211486816 0.24801959097385406
2.098599433898926 1.3522489070892334 0.14196354150772095
1.390014886856079 1.448966145515442 -2.2240707874298096
0.18013687431812286 0.3774336576461792 -0.42474690079689026
-0.17255344986915588 1.6336740255355835 0.17820146679878235
0.00845247507095337 0.3919573426246643 -0.10925541818141937
-0.5301522612571716 0.3509483337402344 -0.8870303630828857
-2.390300989151001 1.6389917135238647 0.8042653799057007
2.1849749088287354 1.5312840938568115 -1.8003804683685303
1.2619370222091675 1.4578454494476318 -2.3259735107421875
1.4454020261764526 1.4432026147842407 0.7470964193344116
0.849575400352478 1.638987421989441 -0.4049105644226074
0.1787673383951187 1.493436574935913 -0.7413999438285828
1.2915058135986328 1.6285406351089478 0.41146954894065857
-1.1307040452957153 1.5020530223846436 -1.1956027746200562
-1.1128281354904175 1.5066258907318115 0.7819570302963257
-0.13055002689361572 0.3957030177116394 -0.4410095810890198
-0.6062127947807312 1.5055475234985352 0.7385552525520325
-2.4658405780792236 1.5322105884552002 -0.8089107275009155
0.33701092004776 1.5616039037704468 -0.7976123690605164
0.8789621591567993 1.4567874670028687 -1.3382889032363892
-1.1657103300094604 1.584313988685608 2.6065752506256104
2.763772487640381 1.4168095588684082 -1.140473484992981
1.3032889366149902 1.4996109008789062 1.919250726699829
-1.3403629064559937 -0.6681521534919739 -1.7327213287353516
-0.7623247504234314 0.19287393987178802 -1.339821696281433
2.382946252822876 1.3767205476760864 1.7469924688339233
-0.5130444765090942 1.633116602897644 0.46948668360710144
-0.6332058906555176 1.4791532754898071 -0.48460090160369873
1.0696325302124023 -0.03442838788032532 1.2749735116958618
2.0905966758728027 1.6157639026641846 -1.2760499715805054
2.9991769790649414 1.491531491279602 0.5179044008255005
-0.5471046566963196 1.6419286727905273 -1.4439094066619873
-1.1682734489440918 1.5102146863937378 -0.8034937977790833
1.3402414321899414 1.6296032667160034 -0.46563923358917236
1.9248969554901123 1.4439308643341064 -1.6805685758590698
2.4947798252105713 1.4412841796875 -1.1903623342514038
-0.3738251328468323 1.5006394386291504 2.2395217418670654
1.4720805883407593 1.616849660873413 0.26505881547927856
-2.1958067417144775 1.618938684463501 1.726249098777771
2.4864373207092285 1.4907439947128296 1.8405615091323853
-0.3026711642742157 1.525101661682129 -1.5209935903549194
0.8994524478912354 1.6518610715866089 2.154421329498291
1.2640703916549683 1.483269453048706 2.6495513916015625
1.9058051109313965 1.382745623588562 0.794840931892395
-1.3111788034439087 -0.29138296842575073 -1.820921540260315
-0.46200859546661377 1.5023950338363647 -2.047860622406006
-0.5355685949325562 0.20734888315200806 -0.9965015053749084
-0.9506372213363647 1.624563455581665 0.15913963317871094
1.6595337390899658 1.4196276664733887 1.3033324480056763
-1.7968173027038574 1.6142808198928833 0.12891340255737305
-1.916375756263733 1.6046967506408691 -1.4990965127944946
-0.48313409090042114 1.6357572078704834 1.2349517345428467
-2.684567451477051 1.4875460863113403 0.031700968742370605
1.8293315172195435 1.408379316329956 1.5152958631515503
2.7312138080596924 1.4585208892822266 1.6471707820892334
0.19259798526763916 1.6456888914108276 -0.555232584476471
-1.4474860429763794 1.5049201250076294 -0.8203968405723572
0.26312243938446045 1.4924907684326172 -2.0352532863616943
0.590079665184021 1.6435024738311768 -1.1553246974945068
-1.9775035381317139 1.5306962728500366 0.5192645192146301
-0.139149010181427 1.6278965473175049 0.4007323682308197
1.8868850469589233 1.4920300245285034 -0.47214555740356445
0.36470896005630493 1.499283790588379 -2.8340981006622314
2.023866653442383 1.5898956060409546 -1.9395571947097778
0.08925719559192657 1.4804260730743408 2.690613031387329
-0.32897764444351196 0.6113858222961426 0.8660707473754883
-0.10090716183185577 1.636527419090271 0.7412925958633423
-1.6299784183502197 -1.0900262594223022 1.7822942733764648
-1.950181007385254 1.6055270433425903 -0.27367454767227173
1.3047027587890625 1.6070504188537598 1.7091805934906006
1.5923454761505127 1.394068717956543 1.0287152528762817
0.42838484048843384 1.491273283958435 0.6233508586883545
1.9924941062927246 1.4266784191131592 1.1653389930725098
0.15238907933235168 0.6373067498207092 0.07915432006120682
0.8442286252975464 1.625206708908081 0.9831334352493286
0.25275543332099915 1.6465328931808472 1.0159776210784912
0.10024872422218323 1.6042400598526 1.6631221771240234
1.7177573442459106 1.5024046897888184 -1.0105817317962646
1.8010632991790771 1.4769479036331177 -0.3150145411491394
-0.22977939248085022 1.6358251571655273 1.8749783039093018
1.1905556917190552 1.5034382343292236 1.622901201248169
1.022137999534607 1.6422524452209473 -0.8400886058807373
0.7009002566337585 1.6400458812713623 -0.22420507669448853
1.4662646055221558 1.5646876096725464 1.1139461994171143
0.2507297396659851 0.5675217509269714 0.26236000657081604
1.171518325805664 1.5738862752914429 -2.4803550243377686
0.5803920030593872 1.6438807249069214 -0.8182637691497803
-0.5761270523071289 1.5209105014801025 2.2300593852996826
-1.229042410850525 1.6111767292022705 0.4082018733024597
2.3295774459838867 1.5270442962646484 1.6945775747299194
-0.3206612765789032 1.6415932178497314 2.190626859664917
2.183436632156372 1.6291155815124512 -1.0652590990066528
2.0382237434387207 1.6122804880142212 -0.5741963982582092
-0.27057936787605286 1.6197375059127808 2.8096835613250732
0.3581088185310364 1.6281390190124512 -2.0340654850006104
-0.9384268522262573 -0.2420956790447235 1.4263309240341187
-1.8805354833602905 1.6457072496414185 1.0757884979248047
1.162310004234314 1.5224279165267944 -0.4255831837654114
0.5169464945793152 1.6344529390335083 0.7160505652427673
2.198716402053833 1.6118983030319214 -0.0037802678998559713
0.6980882883071899 1.515002965927124 1.198216438293457
-1.9380213022232056 1.5282413959503174 1.0884017944335938
2.4879753589630127 1.543679118156433 0.2615486681461334
0.8427491784095764 1.6323517560958862 0.16785024106502533
0.8185823559761047 1.510274052619934 -2.9153807163238525
1.7706284523010254 1.453116774559021 -0.4835330843925476
1.4362261295318604 1.4965494871139526 -0.49052152037620544
-0.10464794188737869 0.434863805770874 -0.3511045277118683
0.8294193148612976 1.5310122966766357 -1.5689046382904053
2.4480721950531006 1.4216339588165283 0.24142076075077057
1.0728458166122437 1.6302273273468018 -2.036482810974121
2.999955654144287 1.4089033603668213 0.36693623661994934
-1.46479332447052 1.6287856101989746 0.4471348524093628
0.5194206237792969 1.519670009613037 0.6693323850631714
-1.5606684684753418 -1.36360502243042 -1.8125414848327637
-0.6993399858474731 1.6499168872833252 2.335777521133423
0.5128682255744934 0.27636536955833435 -0.7620872855186462
-0.6704686880111694 1.488518238067627 -0.7939202189445496
-0.42162153124809265 1.504602313041687 -0.5807605981826782
-0.13793759047985077 1.6131885051727295 -0.2859019935131073
1.0527818202972412 1.602651834487915 2.6371495723724365
-0.2585051357746124 1.4995712041854858 -1.2357491254806519
-0.6490077972412109 0.1829603612422943 0.9888337254524231
-0.8517464399337769 1.4778108596801758 -1.8905385732650757
-0.8631508946418762 1.503745675086975 -2.491490364074707
-0.9038742184638977 1.5119943618774414 0.6305285692214966
0.5856348276138306 1.5261151790618896 -1.1421529054641724
1.0716328620910645 1.6221356391906738 1.4308825731277466
1.6425784826278687 1.57845139503479 0.32394570112228394
0.07648184150457382 1.5069866180419922 0.4664819538593292
1.3114391565322876 1.5582239627838135 -2.5927462577819824
-1.0122116804122925 1.6450982093811035 -1.741805911064148
1.7225052118301392 1.408921241760254 0.9362982511520386
0.18366526067256927 1.6345818042755127 1.0842796564102173
-1.31450617313385 -0.3152264952659607 -1.8211281299591064
-0.908105194568634 1.6354737281799316 2.2588047981262207
1.1396881341934204 1.4892396926879883 0.8005372285842896
-1.4443668127059937 -1.0132149457931519 1.6822595596313477
1.3504297733306885 1.5849857330322266 0.5284256339073181
1.4601997137069702 1.5317368507385254 2.647428035736084
-1.3129295110702515 1.5174566507339478 1.3169556856155396
1.1075714826583862 1.474918007850647 0.3056055009365082
1.0784305334091187 1.6126232147216797 1.2089591026306152
-1.2539664506912231 1.4995448589324951 0.6611804366111755
-2.4962656497955322 1.5848383903503418 0.42102646827697754
2.164416551589966 1.3728296756744385 1.1660445928573608
-2.2107863426208496 1.4163415431976318 -0.692369282245636
1.0487720966339111 1.640739917755127 -0.4594132900238037
1.8486040830612183 -0.5396990180015564 1.5526598691940308
0.2865935266017914 1.6525294780731201 1.3751620054244995
0.9659661650657654 1.5776537656784058 -2.7608227729797363
-1.98960542678833 1.6212400197982788 1.285922884941101
-1.7066855430603027 1.6363950967788696 0.559321403503418
1.8906581401824951 1.4071294069290161 1.2257542610168457
-0.9392479658126831 1.5271732807159424 -2.7537639141082764
-0.2848699986934662 1.5599967241287231 -2.9449336528778076
-1.1471984386444092 1.496480941772461 1.0299804210662842
1.6781880855560303 1.3767211437225342 2.2184996604919434
0.2899940609931946 1.5196902751922607 0.1345868706703186
1.743344783782959 1.4486117362976074 -0.07129806280136108
2.655715227127075 1.4756016731262207 1.6066715717315674
0.4236788749694824 1.506999135017395 2.5792770385742188
1.784562110900879 1.6306283473968506 -0.7797139883041382
-1.6274231672286987 1.6323957443237305 0.36662858724594116
2.6810085773468018 1.4213087558746338 0.06565646082162857
0.8450908660888672 1.5331993103027344 -1.7075148820877075
0.44955840706825256 1.6013087034225464 -1.4231336116790771
-1.9732351303100586 1.6201568841934204 0.1865244209766388
0.47666266560554504 1.651849389076233 -1.4610176086425781
-1.4175089597702026 1.6339765787124634 -1.7765958309173584
-0.22980110347270966 0.4894421696662903 0.622394323348999
0.6355172395706177 1.6141085624694824 1.0911329984664917
2.3265841007232666 1.5297647714614868 0.2786579728126526
1.4528627395629883 1.4745490550994873 2.0447685718536377
-1.3387094736099243 1.6407804489135742 -2.0732452869415283
-0.924964964389801 0.061911046504974365 -1.2760918140411377
-0.3285650908946991 1.6435542106628418 1.479130506515503
1.9852443933486938 1.6023833751678467 -0.13190355896949768
-0.9838091731071472 1.4905965328216553 1.50812566280365
-0.14375317096710205 1.497045874595642 -0.5990058183670044
1.9685723781585693 1.337170124053955 0.33375462889671326
1.0247164964675903 0.08592439442873001 -1.1088323593139648
-0.546137273311615 1.4946004152297974 1.0026589632034302
0.317684143781662 1.5028159618377686 0.00900498777627945
0.6523056030273438 1.6346824169158936 1.3355869054794312
-0.5046381950378418 1.5215402841567993 1.1776938438415527
-0.0412771999835968 1.5168224573135376 1.8469324111938477
1.111372947692871 1.5976332426071167 2.5757739543914795
1.363216519355774 1.4345791339874268 0.48737263679504395
-0.5246912240982056 1.494781255722046 -2.5223634243011475
-0.5425279140472412 0.2731022834777832 -0.8879854083061218
-1.5100374221801758 -1.1285253763198853 -1.6920942068099976
-1.0275574922561646 1.5951374769210815 -0.30995598435401917
-0.9905003905296326 1.6385432481765747 1.9700756072998047
0.6964088082313538 1.6433777809143066 -1.7238091230392456
-2.1737465858459473 1.650485873222351 1.151314616203308
-0.783870279788971 1.6193277835845947 -0.23354114592075348
-0.2528442144393921 1.6314784288406372 -0.9207245707511902
2.389322280883789 1.350129246711731 1.494712233543396
-1.0973156690597534 -0.4766428470611572 1.373321771621704
-1.5486851930618286 1.638485074043274 0.7024109363555908
-0.7311035990715027 1.6470065116882324 2.3458847999572754
-0.6931713819503784 0.14553385972976685 -1.1590241193771362
-0.6840482950210571 0.3533507287502289 -1.0842360258102417
2.2747392654418945 1.414191484451294 -0.13872238993644714
-1.4353622198104858 1.5031658411026 2.1574013233184814
-1.0327833890914917 1.635406494140625 -0.5553987622261047
1.3480292558670044 1.5634286403656006 2.566736936569214
2.141601324081421 1.4817774295806885 -2.070608139038086
1.060167908668518 1.4703145027160645 -2.05125093460083
-0.05722196400165558 1.5615335702896118 -1.4831607341766357
-2.1359589099884033 1.4570605754852295 -0.23544178903102875
-0.9584607481956482 1.6126084327697754 0.36901140213012695
-1.9619464874267578 1.459820032119751 1.7727179527282715
1.621945858001709 1.5290089845657349 2.4948270320892334
-1.0723881721496582 1.5171730518341064 1.9874510765075684
0.0068448856472969055 0.48514431715011597 -0.21400538086891174
-2.181305408477783 1.5176935195922852 0.7989448308944702
0.007636647671461105 1.4932582378387451 -0.5236321091651917
0.22383002936840057 1.492173433303833 -2.2477588653564453
-2.392857074737549 1.5091782808303833 0.8173733353614807
-1.6905449628829956 1.6142042875289917 -1.315191388130188
2.1436712741851807 1.4127898216247559 -1.8602396249771118
2.138413667678833 1.452199101448059 -1.1040724515914917
-2.053926706314087 1.6355886459350586 1.6329413652420044
0.8296213150024414 1.6247491836547852 1.3389408588409424
-0.3492177426815033 1.5059587955474854 1.2667871713638306
-0.9328718185424805 1.4820339679718018 1.0904710292816162
-2.5134875774383545 1.6241055727005005 0.652961015701294
1.4238848686218262 1.6440913677215576 -1.0906975269317627
0.774058997631073 1.6377557516098022 0.5109580755233765
1.7267268896102905 -0.3877432942390442 1.4421573877334595
-1.6868817806243896 1.6192986965179443 -1.4188289642333984
-1.841391921043396 1.4747800827026367 -1.981393814086914
-1.787967324256897 1.6112220287322998 -0.5520721077919006
2.541486978530884 1.4286484718322754 -0.6266071200370789
2.4082443714141846 1.5975289344787598 -0.5231595039367676
-1.0836129188537598 -0.23705627024173737 1.3817870616912842
1.7321797609329224 1.4049997329711914 -2.0271551609039307
1.4236518144607544 1.6425164937973022 -0.6387295126914978
0.10215327143669128 0.25044479966163635 -0.09063918888568878
-1.503430724143982 1.5130358934402466 -1.335845947265625
0.7330295443534851 1.44412362575531 -2.8170783519744873
2.8820245265960693 1.5656490325927734 -0.19646471738815308
-0.6561805009841919 0.25380444526672363 1.215315341949463
-0.03129924088716507 1.5115092992782593 0.009830917231738567
-0.9933632016181946 1.5820409059524536 -1.6743042469024658
0.3099461793899536 1.4537858963012695 2.585618495941162
1.527220368385315 1.442312479019165 2.6456170082092285
-2.3964829444885254 1.5608536005020142 -0.94222092628479
-2.050015926361084 1.5948344469070435 -0.5369617342948914
0.17290644347667694 1.42363703250885 -0.12386447191238403
-1.5801734924316406 0.7183610200881958 1.7797578573226929
-1.8009307384490967 1.6057538986206055 -1.344558835029602
0.6371622681617737 0.2888367474079132 -0.8742358088493347
1.9806404113769531 1.5116397142410278 1.956061601638794
-0.5504158139228821 1.5180742740631104 -0.8459936380386353
-2.081176280975342 1.565337061882019 -1.1857157945632935
-2.291093349456787 1.5633563995361328 -1.6128647327423096
-0.34603115916252136 1.6280101537704468 -2.70013689994812
-1.105136513710022 1.5619349479675293 0.5157859921455383
-2.1982343196868896 1.5717629194259644 -0.7417735457420349
-1.6245734691619873 1.6138216257095337 -1.577838659286499
-0.3263077139854431 1.617050290107727 -2.840886354446411
1.9399715662002563 1.6097452640533447 0.05256076902151108
-1.0108047723770142 1.6380674839019775 -1.3640004396438599
1.4974753856658936 1.5476573705673218 0.9210816621780396
-0.7358644008636475 1.6271109580993652 -0.2944580018520355
0.388153076171875 1.484449863433838 0.964377760887146
0.24014440178871155 1.4548699855804443 0.1675293892621994
-1.5203248262405396 0.3780784606933594 1.7014379501342773
0.5298271179199219 1.6426405906677246 0.1727534681558609
-0.5237294435501099 1.5154023170471191 -1.1912792921066284
2.8539533615112305 1.3464093208312988 0.8186676502227783
-0.5578311681747437 1.5128239393234253 1.891581654548645
2.297313690185547 1.4445712566375732 -0.48259419202804565
1.161752462387085 1.635174036026001 -0.06185436248779297
2.0144379138946533 1.3350249528884888 2.2778608798980713
2.5494272708892822 1.4160557985305786 0.027320481836795807
-0.10710152238607407 1.634800910949707 -0.5915147066116333
0.02397310361266136 1.6252427101135254 1.6535143852233887
-0.9553453922271729 1.644008755683899 -1.7770371437072754
0.15648393332958221 0.6685641407966614 0.1411401331424713
-0.7314861416816711 1.6316636800765991 -1.471975564956665
-0.48406267166137695 1.4834502935409546 -0.729823887348175
-0.2035508155822754 1.5114225149154663 0.7749457955360413
0.5450754761695862 0.29857808351516724 0.4529436528682709
1.102524995803833 1.505267858505249 1.0502690076828003
0.12860941886901855 1.5013409852981567 0.3036154508590698
-2.5938031673431396 1.4440871477127075 0.4008793532848358
-0.09875459969043732 1.5616668462753296 -2.963958501815796
0.10322915017604828 1.493415355682373 -2.851468801498413
1.0903797149658203 -0.005128994584083557 -1.2204540967941284
-1.9251590967178345 1.4716583490371704 -0.7956116795539856
-2.343512535095215 1.438843011856079 -0.49080732464790344
0.1293947994709015 1.51620352268219 2.524928331375122
-0.8947675228118896 1.491457223892212 -0.6561423540115356
0.27034875750541687 1.6309356689453125 -1.6332017183303833
-0.08059514313936234 1.5050686597824097 -0.08735939115285873
-1.545838475227356 1.6280723810195923 -1.6422020196914673
1.5960745811462402 1.5441149473190308 1.2825666666030884
-1.421090841293335 1.5226545333862305 1.2117236852645874
0.44513359665870667 1.6351885795593262 0.328748881816864
-0.6840330362319946 1.6428825855255127 2.0745720863342285
-1.6573266983032227 1.534325122833252 2.2712881565093994
-1.4685267210006714 1.5318365097045898 -0.8473387956619263
-0.14298847317695618 0.35034558176994324 -0.6826565265655518
-0.941596508026123 1.6343746185302734 -1.1660797595977783
-1.3340003490447998 1.4990043640136719 -0.9160958528518677
1.6311066150665283 1.581682562828064 -2.1335575580596924
-0.6237666606903076 1.5085010528564453 -2.505018949508667
0.8907862901687622 1.4907127618789673 1.8093301057815552
0.9106663465499878 0.13571412861347198 -1.1032227277755737
-1.8622639179229736 1.6148419380187988 -1.7655261754989624
-0.006685622036457062 1.4786630868911743 -1.1361076831817627
1.6065735816955566 1.5569140911102295 1.911502480506897
-0.8974619507789612 1.5194305181503296 2.0310652256011963
0.6053877472877502 1.631008505821228 0.6724966764450073
0.560663104057312 1.6273047924041748 -2.2519779205322266
-1.3277140855789185 1.5262210369110107 -0.47248226404190063
0.4984908998012543 1.6470047235488892 -1.6013004779815674
-1.2801040410995483 1.4900503158569336 -0.2747640311717987
-1.3544154167175293 -0.5562175512313843 -1.6865378618240356
0.02662266418337822 1.4204800128936768 -2.2959256172180176
0.9715815186500549 1.6339335441589355 0.009933402761816978
1.6214599609375 1.5794047117233276 0.472328782081604
0.396762490272522 1.5083985328674316 2.1636605262756348
0.09130281955003738 1.6337621212005615 -0.3174688220024109
0.44452178478240967 1.496078610420227 -1.60538911819458
0.8678089380264282 1.643989086151123 -1.312563419342041
1.248602271080017 1.486379861831665 2.1039974689483643
1.1567524671554565 1.5227656364440918 -1.4530965089797974
1.3263845443725586 -0.1906667947769165 -1.4349150657653809
2.710130214691162 1.4766757488250732 1.265222430229187
-1.41342294216156 1.5054888725280762 1.8466399908065796
-0.128779798746109 1.631929636001587 -0.9575141072273254
1.2145010232925415 1.6400710344314575 -1.415815830230713
-0.48206809163093567 1.5204120874404907 0.5104119181632996
-0.22083905339241028 1.5095241069793701 -1.0589669942855835
2.7313199043273926 1.5332973003387451 0.2427307516336441
2.721325397491455 1.4127671718597412 -0.050169914960861206
2.3283681869506836 1.5134694576263428 1.6125651597976685
-1.153741717338562 -0.13940109312534332 -1.7424427270889282
1.9036865234375 -0.9370691776275635 -1.517615556716919
-1.1387152671813965 1.6376001834869385 -1.7395858764648438
1.823643445968628 -0.7511416077613831 1.398980736732483
1.218132734298706 1.4781097173690796 2.4047067165374756
-1.0773634910583496 1.4985806941986084 1.115059733390808
0.3479524254798889 1.6124742031097412 -2.654651641845703
-2.093841075897217 1.4710516929626465 -1.6278495788574219
0.7691554427146912 1.615020513534546 0.5794802308082581
-1.160045862197876 1.5511176586151123 2.6674816608428955
2.199347972869873 1.5081379413604736 1.604731559753418
0.616411030292511 1.609649658203125 2.290876865386963
-0.20396772027015686 0.31930992007255554 -0.49556344747543335
0.43368980288505554 1.6189689636230469 0.8050885796546936
-1.4380204677581787 1.456070899963379 -0.575193464756012
-0.8860624432563782 1.6421266794204712 2.4820847511291504
-0.4898257255554199 1.5043234825134277 -0.11556321382522583
-1.2305744886398315 -0.4227967858314514 1.4751372337341309
0.35739293694496155 1.6187529563903809 -0.9796267747879028
-1.5122038125991821 1.6290932893753052 -1.298806071281433
2.4286441802978516 1.4565242528915405 0.9187828302383423
-1.1525946855545044 1.6498916149139404 1.3072210550308228
-1.7618961334228516 1.4815888404846191 0.8409077525138855
-1.1913111209869385 1.53749680519104 -2.4779629707336426
-1.6364492177963257 1.607405424118042 -0.4602344036102295
0.3637997508049011 1.6284823417663574 1.558280348777771
1.1835534572601318 1.4870508909225464 2.1407485008239746
-1.5618187189102173 1.4787979125976562 -0.4049936532974243
3.0737223625183105 1.4364869594573975 0.9572908878326416
-2.124272584915161 1.5780973434448242 -0.8313478827476501
0.5417895317077637 1.5361042022705078 2.9630751609802246
-0.24860477447509766 1.626504898071289 0.11884301155805588
0.9328388571739197 1.5151984691619873 0.8175975680351257
0.2862280309200287 1.598001480102539 2.959524154663086
-0.811491072177887 1.6428675651550293 1.6593724489212036
2.572093963623047 1.5804979801177979 -1.4567673206329346
3.098785638809204 1.4865095615386963 0.3217840790748596
1.7536289691925049 -0.7345201969146729 1.3936529159545898
2.151784658432007 1.6094810962677002 -1.2601003646850586
-1.9310617446899414 1.5878770351409912 -0.6721611618995667
-1.260805368423462 -0.3925611674785614 -1.681066870689392
2.1364033222198486 1.452109694480896 -1.3552618026733398
-1.2907824516296387 -0.6346386671066284 1.7460920810699463
-2.1191813945770264 1.5275859832763672 1.8122097253799438
-1.8833421468734741 1.6096805334091187 -0.4525710344314575
3.0373153686523438 1.469043254852295 0.7054358124732971
-0.3794352114200592 1.609562873840332 -2.8549492359161377
0.00015464425086975098 0.4614379107952118 -0.3428075611591339
1.9541774988174438 1.490716814994812 2.354865312576294
-2.1944944858551025 1.5123485326766968 -1.3175301551818848
0.5288463830947876 1.5175607204437256 2.7888906002044678
-2.0792620182037354 1.6279462575912476 0.3869176208972931
-1.4717366695404053 1.5305440425872803 -0.35521242022514343
-0.43565329909324646 1.4762996435165405 -2.184941530227661
1.7897632122039795 1.4051998853683472 1.434238076210022
-1.850851058959961 1.6248092651367188 0.4479663372039795
-1.0158612728118896 1.6370809078216553 -1.7638216018676758
-2.0761563777923584 1.4646682739257812 -1.342462420463562
-0.7456372976303101 1.6133525371551514 -0.9338807463645935
-0.7798206210136414 1.6332693099975586 -1.8356505632400513
-1.8017010688781738 1.6420795917510986 1.5147297382354736
1.0259546041488647 1.612392783164978 1.2569211721420288
1.5609467029571533 1.6333181858062744 -0.5978299975395203
-2.1100001335144043 1.4298014640808105 -1.8690024614334106
1.8020058870315552 1.4739692211151123 -1.0671272277832031
-2.1341867446899414 1.527679443359375 -1.7294687032699585
2.8545546531677246 1.4362163543701172 -0.22855302691459656
1.5318799018859863 1.571196436882019 -2.463003158569336
-0.8140090107917786 1.5175495147705078 -1.5210940837860107
-0.7702778577804565 0.36671531200408936 -1.1136234998703003
-1.5644041299819946 0.7301002740859985 1.7133897542953491
0.18610982596874237 1.5109608173370361 0.5503977537155151
-1.6527799367904663 -0.9817512035369873 -1.7524036169052124
-2.6859936714172363 1.4456758499145508 -0.2351330816745758
-0.6293990612030029 1.5217516422271729 1.1930999755859375
1.7625995874404907 1.511459469795227 -1.3658595085144043
1.7842453718185425 1.475848913192749 -1.2908446788787842
-0.6113347411155701 0.22528183460235596 -1.1939586400985718
-0.2151266634464264 1.6365251541137695 -1.0319550037384033
1.8415347337722778 1.4901777505874634 2.443253993988037
-1.4048452377319336 1.5098061561584473 -1.1389226913452148
-1.091620683670044 -0.28202739357948303 1.531783103942871
2.873598098754883 1.3862781524658203 0.3852401673793793
2.0746259689331055 1.4821534156799316 2.1043686866760254
1.3529332876205444 1.6431149244308472 -0.27217018604278564
1.7976188659667969 -0.6879984736442566 -1.4707376956939697
2.901766538619995 1.5656064748764038 -0.8664085268974304
-1.3703104257583618 -0.3420909643173218 -1.6644483804702759
1.5009921789169312 1.6202352046966553 0.3444637656211853
-1.0121406316757202 1.4901041984558105 0.18277797102928162
1.154894471168518 1.5215188264846802 -0.796342670917511
-0.9894281029701233 1.5212748050689697 1.7365168333053589
1.7324825525283813 1.4300280809402466 1.9182188510894775
-0.4082469046115875 1.5675806999206543 -2.2297966480255127
-1.5723075866699219 1.4953089952468872 -0.7955958843231201
2.4684369564056396 1.444333553314209 -0.4276420772075653
-0.07359574735164642 1.504276990890503 0.6548930406570435
1.2924103736877441 -0.19426952302455902 1.2120988368988037
0.6713369488716125 1.6247237920761108 2.0251104831695557
1.078120231628418 -0.05533215403556824 1.2880884408950806
2.7486441135406494 1.5193368196487427 -1.400482416152954
-0.6237603425979614 0.34219038486480713 -1.1703457832336426
2.7747340202331543 1.4256360530853271 0.4753263294696808
-1.4988055229187012 -0.9049654006958008 1.7468420267105103
-0.7976917624473572 1.467508316040039 -0.4463130831718445
0.4945417642593384 1.5093417167663574 -0.9550464749336243
0.9980750679969788 -0.042262911796569824 1.2271225452423096
-0.12858979403972626 1.6209995746612549 2.406231164932251
-0.39802560210227966 1.6390477418899536 -2.5265860557556152
-1.7102481126785278 1.4903974533081055 -0.3633347749710083
-1.3285642862319946 1.5185431241989136 1.3992401361465454
-0.26898080110549927 1.52427077293396 -1.422593355178833
2.2314372062683105 1.401341438293457 -1.9477670192718506
1.7409014701843262 1.621957778930664 -0.1989002525806427
-2.2777225971221924 1.571814775466919 -0.6739895939826965
-1.5045746564865112 1.517439603805542 2.1797902584075928
2.5952951908111572 1.324707269668579 1.0323493480682373
1.4343314170837402 -0.09767821431159973 1.17454993724823
-0.04238011687994003 1.4583075046539307 -2.0767483711242676
-1.309599757194519 1.6264193058013916 -0.3160451054573059
-2.1005380153656006 1.5157655477523804 1.7136955261230469
2.4039289951324463 1.4501891136169434 -1.3641986846923828
-0.3176722526550293 1.6481750011444092 2.5632119178771973
-0.8519898056983948 1.6393719911575317 2.295360803604126
-1.0838881731033325 1.5249645709991455 -1.5013689994812012
-1.4346659183502197 1.6478689908981323 1.2839407920837402
-1.650044322013855 1.6071202754974365 -1.9969197511672974
-1.5918231010437012 1.6192044019699097 -1.1389321088790894
-0.13976901769638062 1.4807085990905762 0.2561825215816498
2.7034735679626465 1.5296179056167603 -1.4781774282455444
1.854235053062439 1.5207633972167969 1.1004055738449097
-1.546312689781189 0.7551909685134888 1.749683141708374
-0.21099507808685303 0.479084849357605 0.668325662612915
1.6639641523361206 1.4639451503753662 -1.8428095579147339
-0.43288862705230713 0.2849666178226471 -0.741296648979187
1.6501433849334717 -0.3630419671535492 1.2752776145935059
-0.8373838663101196 1.494579792022705 -0.41018009185791016
-0.9720069766044617 0.15995271503925323 -1.2163020372390747
2.670112133026123 1.33050537109375 1.103756070137024
0.6595447659492493 0.4834826588630676 0.6006571054458618
2.0084497928619385 1.4963858127593994 0.8993247151374817
0.8933777809143066 1.50895094871521 -0.7563396692276001
1.3765015602111816 1.6197822093963623 -1.904861569404602
0.6380738615989685 0.23946766555309296 -0.885316014289856
-1.2897083759307861 1.4873673915863037 -2.134769916534424
1.2689125537872314 1.452193021774292 -2.539140224456787
0.4596465229988098 1.6236968040466309 1.0970993041992188
2.0559287071228027 1.6042828559875488 -1.4812910556793213
-2.152881145477295 1.515851616859436 0.74432373046875
2.1623480319976807 1.474811315536499 0.9899395704269409
-1.7535229921340942 1.538740634918213 2.162842273712158
0.5336481928825378 1.4866746664047241 1.9347622394561768
0.7148202657699585 1.6344811916351318 1.2777689695358276
-0.2825268805027008 1.6354387998580933 1.7430938482284546
2.3685340881347656 1.4094758033752441 0.38037997484207153
1.9356608390808105 1.428741455078125 -0.054888054728507996
1.6834032535552979 1.6349798440933228 -0.7699127793312073
2.1706390380859375 1.6107549667358398 -0.5559864044189453
0.9564849138259888 1.6509275436401367 -1.3813440799713135
2.7113003730773926 1.3988404273986816 -0.29930540919303894
2.888751983642578 1.5117366313934326 0.7706688642501831
-1.3845536708831787 -0.8477572202682495 -1.7238909006118774
-0.15659013390541077 1.467461347579956 2.228182315826416
-0.03390585631132126 0.5589805841445923 0.402912974357605
-0.6293702721595764 1.635715365409851 -2.401470422744751
0.6951792240142822 1.5222117900848389 -1.9714159965515137
-1.0457050800323486 1.6266597509384155 -2.6238017082214355
-1.2311618328094482 1.5124186277389526 1.3249439001083374
1.8665390014648438 -0.9360507726669312 1.6613954305648804
2.5581464767456055 1.4766432046890259 0.6833625435829163
2.5718541145324707 1.477046012878418 0.7189064025878906
-0.4666514992713928 1.6406854391098022 2.110379934310913
0.23564599454402924 1.516678810119629 -1.906497836112976
1.4517548084259033 1.4388229846954346 2.6371545791625977
2.137605905532837 1.4760994911193848 -1.2861462831497192
-0.23577290773391724 1.5188106298446655 1.558315634727478
0.6868501901626587 1.5299841165542603 -1.4452515840530396
-0.7338729500770569 1.6375945806503296 0.8237394094467163
1.838795781135559 1.5173959732055664 -0.8419486880302429
2.520667552947998 1.4991281032562256 0.754555344581604
0.762852132320404 0.19342589378356934 1.0197820663452148
-1.5389573574066162 -0.5487117171287537 -1.860047698020935
-0.23775607347488403 1.631874442100525 1.8141463994979858
2.11607027053833 1.6088783740997314 -0.6362261176109314
0.6008328199386597 1.5429949760437012 1.3576080799102783
-2.660088539123535 1.5740673542022705 -0.3008061647415161
1.9422297477722168 1.407840609550476 0.2390354573726654
2.336514711380005 1.5345609188079834 -2.0081422328948975
-1.7428934574127197 1.498854637145996 0.5301241874694824
1.7609398365020752 1.5439198017120361 1.8758834600448608
1.7194113731384277 1.423063039779663 0.8373420834541321
-2.2046282291412354 1.6206340789794922 1.582371473312378
-1.423574686050415 -0.9522807598114014 -1.7145828008651733
0.9526708126068115 1.6370929479599 -0.898787260055542
1.2473902702331543 -0.042592063546180725 1.100415825843811
2.8502607345581055 1.429295301437378 -0.23013122379779816
-1.469038724899292 1.496565818786621 0.8620703220367432
2.3715763092041016 1.5940450429916382 -0.4906369745731354
2.748941659927368 1.4921905994415283 0.7146961688995361
0.556450366973877 1.5038853883743286 -2.2155823707580566
1.2863515615463257 -0.07562047243118286 1.1410664319992065
1.7532411813735962 1.4193708896636963 1.3091572523117065
2.165121078491211 1.3497008085250854 0.8794237971305847
0.5868270993232727 1.6370760202407837 1.3431600332260132
-1.4613701105117798 -1.0160728693008423 1.686812162399292
-0.6134674549102783 1.6401286125183105 1.8401979207992554
0.15317749977111816 1.5097858905792236 1.910295844078064
3.0391056537628174 1.4304118156433105 -0.36321645975112915
1.6519269943237305 1.5965594053268433 0.17815284430980682
-1.6422654390335083 1.5130860805511475 1.3779094219207764
1.620082139968872 1.3627667427062988 -2.494381904602051
-0.5366696715354919 1.6408380270004272 1.5714545249938965
1.131103754043579 1.4499667882919312 2.1881232261657715
0.03826485946774483 1.4847450256347656 -0.21079379320144653
2.072796106338501 1.6144920587539673 -0.29423952102661133
0.8504659533500671 1.639674186706543 0.36980751156806946
1.582738995552063 1.4531031847000122 -0.03428832069039345
0.31139159202575684 1.6352436542510986 -0.6846135258674622
-0.9728763699531555 1.5028204917907715 -1.18389093875885
-0.9474772810935974 1.6463147401809692 -1.476852297782898
-2.651289224624634 1.4923174381256104 0.5495050549507141
1.4860354661941528 1.4785304069519043 1.5786094665527344
