ply
format ascii 1.0
element vertex 2048
property float x
property float y
property float z
end_header
-0.25707387924194336 0.5047906637191772 1.606054663658142
0.6458646059036255 0.8824270963668823 1.8054872751235962
0.04830802604556084 0.7398090362548828 2.952390432357788
0.7024794220924377 0.596237063407898 1.8347711563110352
0.044031158089637756 0.834365725517273 -0.7762213945388794
0.7481933832168579 0.43538549542427063 -2.1663451194763184
0.8063178062438965 0.3910250663757324 -1.274562120437622
-0.01856803521513939 0.8394114971160889 -1.0775071382522583
-0.19570212066173553 0.5196382403373718 -1.2846423387527466
0.5933626890182495 0.8052878379821777 -2.940626621246338
0.6926122307777405 0.600427508354187 0.9415395259857178
-0.31832355260849 0.5699136257171631 -2.605541467666626
0.37941765785217285 0.6556881666183472 1.2731025218963623
0.2703406810760498 0.7676119208335876 -0.41493138670921326
-0.31981536746025085 0.39675211906433105 -1.4070158004760742
0.8695071935653687 0.643116295337677 -1.901697039604187
0.47955214977264404 0.7426593899726868 -1.3621985912322998
0.740236222743988 0.4841766357421875 0.5663329362869263
0.7276878952980042 0.4852897524833679 -0.026335056871175766
-0.33310505747795105 0.40465235710144043 -0.7719560265541077
-0.2898409962654114 0.6958178281784058 2.444446086883545
0.898996889591217 0.5942897796630859 -0.09414458274841309
-0.526269257068634 0.7924975752830505 -0.8026851415634155
0.8697087168693542 0.4228709638118744 0.25317102670669556
0.39299121499061584 0.8493813276290894 -0.6615744233131409
-0.15193869173526764 -0.23411020636558533 -2.429753065109253
0.7600287795066833 0.9137959480285645 -0.8386632204055786
0.2879348695278168 0.7221101522445679 -1.2147499322891235
0.5679508447647095 0.8350213766098022 1.2343558073043823
-0.35672610998153687 0.8715519309043884 0.4776268005371094
0.8587821125984192 0.5022661685943604 -2.196089029312134
-0.37436479330062866 0.8600867390632629 2.170058250427246
0.6620029807090759 0.4912516176700592 -1.2413862943649292
0.6976096630096436 0.5896731019020081 1.9840859174728394
0.22663019597530365 0.6451818943023682 1.8028141260147095
-0.1955019235610962 0.4858289957046509 2.071593761444092
0.5600429177284241 0.7960105538368225 -2.41262149810791
-0.3601612150669098 0.8529715538024902 -0.9281279444694519
-0.2548387944698334 0.490104079246521 1.2759653329849243
-0.07622954249382019 0.8531385064125061 -2.50158429145813
0.6201543807983398 -0.1500396728515625 -2.32462739944458
0.11859922111034393 0.8390471935272217 -1.8828636407852173
0.7980826497077942 0.471660852432251 2.0790741443634033
0.6724685430526733 0.5731000304222107 2.277186393737793
0.4672453999519348 0.8401250243186951 -0.6031126379966736
0.8980346322059631 0.6603167057037354 -0.4499092698097229
-0.5252608060836792 0.6548547148704529 1.8203787803649902
-0.4755326211452484 0.8512516021728516 0.6272807717323303
-0.255597859621048 0.7353730201721191 -2.6136608123779297
-0.4425515830516815 0.7537271976470947 2.937873125076294
0.2039831578731537 0.6916052103042603 2.542964458465576
0.15458248555660248 0.8706340789794922 0.9681273102760315
0.3384089767932892 0.8451761603355408 -2.162248134613037
-0.3543424606323242 0.30228275060653687 2.0149309635162354
-0.3181456923484802 0.138922780752182 2.0537216663360596
0.7203401923179626 0.6639426946640015 2.4971532821655273
0.6097718477249146 0.6833541393280029 2.5259339809417725
0.751664936542511 -0.21887877583503723 2.0899648666381836
-0.1691952645778656 0.49321094155311584 2.2098641395568848
0.8887490034103394 0.8539043068885803 2.4618823528289795
-0.10514859855175018 0.6765980124473572 2.5847585201263428
0.9589412212371826 0.6617912650108337 2.59679913520813
-0.48948949575424194 0.7034575939178467 -2.416203498840332
0.8895275592803955 0.7697965502738953 -1.3171863555908203
0.6183687448501587 -0.14650315046310425 -2.2623355388641357
0.7723501324653625 0.4404178857803345 0.8316141366958618
0.026151541620492935 0.7719608545303345 2.3238089084625244
-0.2558201551437378 0.4946260154247284 1.2990649938583374
0.799085259437561 0.4544743001461029 0.2165064662694931
-0.16926246881484985 0.9693179130554199 -0.5884045362472534
0.7273945212364197 0.5084962248802185 1.1783661842346191
0.32855671644210815 0.8416454792022705 -0.0979023426771164
0.9070441126823425 0.5610685348510742 0.30785831809043884
-0.39334163069725037 0.7582904696464539 -2.944012403488159
0.4858115017414093 0.6422642469406128 2.2290122509002686
-0.4707266092300415 0.4228697419166565 -1.3502025604248047
0.001459278166294098 0.8404571413993835 -1.6610100269317627
0.34244129061698914 0.8615514636039734 0.4517369568347931
-0.18703407049179077 0.7890826463699341 2.0458242893218994
-0.1613331437110901 0.8242602348327637 1.866613745689392
-0.1643972247838974 0.6666271686553955 -0.06504271924495697
-0.5205816626548767 0.6022573113441467 2.359187126159668
0.6922274827957153 0.3990112841129303 -2.7410993576049805
0.39355799555778503 0.8228803277015686 1.8889042139053345
0.08806528896093369 0.8612525463104248 0.9251664876937866
0.602792501449585 0.48233839869499207 -1.9231903553009033
0.44617462158203125 0.7890836596488953 2.947429895401001
-0.33674225211143494 0.415426641702652 1.6765373945236206
0.6229955554008484 -0.19866147637367249 -2.3246920108795166
-0.1245693564414978 0.5938999652862549 1.9409024715423584
0.7201178073883057 0.878061056137085 2.2978198528289795
-0.05449910834431648 0.6894814372062683 -0.8345728516578674
0.8919470906257629 0.7419741153717041 -1.3565257787704468
0.5565639138221741 0.7578384876251221 -1.327199101448059
-0.2781904339790344 0.4922630190849304 -0.029259951785206795
0.6916051506996155 0.6837854385375977 2.67392635345459
0.896774172782898 0.4884328842163086 -1.1772767305374146
0.7381916046142578 0.5129661560058594 1.8244730234146118
0.8687769770622253 0.8388106226921082 -2.422372579574585
0.11715760827064514 0.6893405914306641 0.19649183750152588
0.3277437686920166 0.665533185005188 -1.7431741952896118
0.9055046439170837 0.7584102153778076 1.9441404342651367
-0.04926340654492378 0.7158966064453125 1.2521746158599854
0.27321064472198486 0.8313736915588379 0.21703536808490753
0.916152834892273 0.7315758466720581 0.6958232522010803
0.24596108496189117 0.8708075284957886 1.0985007286071777
-0.13141587376594543 0.6325706243515015 1.496295690536499
0.3586254119873047 0.7167720198631287 -2.12589430809021
0.2879542410373688 0.8307373523712158 2.703925132751465
-0.18028880655765533 0.6832834482192993 0.22657567262649536
0.7507809400558472 0.598518967628479 2.3582911491394043
0.18465429544448853 0.8584115505218506 0.03178348019719124
0.7433631420135498 0.40456512570381165 2.7714788913726807
-0.23595887422561646 0.07552225887775421 2.0831832885742188
0.25938543677330017 0.8027936220169067 -0.4188602566719055
0.6155081987380981 -0.15096017718315125 -2.302905321121216
0.015226960182189941 0.8544904589653015 1.468886375427246
0.6303004026412964 0.8629162311553955 2.4719691276550293
0.7612353563308716 0.5468071699142456 2.9251937866210938
-0.4155645966529846 0.44296640157699585 1.0448774099349976
-0.20561067759990692 0.5183552503585815 -0.8376283645629883
-0.5109126567840576 0.658177375793457 0.6224684715270996
0.757749617099762 0.48438501358032227 1.485825538635254
-0.5092593431472778 0.5884521007537842 -1.887607455253601
0.9379307627677917 0.5233300924301147 1.3889641761779785
0.7397649884223938 0.9493650197982788 -2.5066609382629395
0.5762490034103394 0.6274015307426453 -0.47566601634025574
0.875038206577301 0.40837758779525757 -2.226677179336548
0.11473162472248077 0.8684641122817993 2.7794148921966553
-0.4554597735404968 0.43023067712783813 -0.20396290719509125
-0.25743716955184937 0.863346517086029 1.3492023944854736
0.54740309715271 0.6364609003067017 -2.0011281967163086
-0.298234224319458 -0.08500976860523224 2.276289939880371
0.18587222695350647 0.8539972305297852 2.15681529045105
0.13127195835113525 0.6858528852462769 0.8663346767425537
0.47795748710632324 0.6683735847473145 -0.9255620837211609
0.5680068731307983 0.6389740109443665 -0.5611305236816406
-0.3862740099430084 0.40030133724212646 -1.4113013744354248
0.6826212406158447 0.13987235724925995 -2.3743224143981934
0.08498580753803253 0.8563657402992249 -0.12180690467357635
0.46040084958076477 0.7193008065223694 2.3829376697540283
-0.33576226234436035 0.5626322031021118 0.5404231548309326
0.6255762577056885 0.4619041383266449 -1.9142385721206665
0.7067275047302246 0.5122388601303101 0.3895063102245331
-0.43791013956069946 0.8832284808158875 2.244577646255493
0.27956318855285645 0.7541378140449524 -2.3202993869781494
0.7203525304794312 -0.2896656394004822 -2.260070562362671
-0.053142718970775604 0.7029856443405151 -2.958383083343506
0.8858760595321655 0.4698999226093292 0.6156439185142517
0.040887705981731415 0.8387099504470825 -0.4121638536453247
0.5461776852607727 0.7179373502731323 2.937629222869873
0.8119760751724243 0.568126916885376 2.2537243366241455
0.45748117566108704 0.7526798248291016 -1.145843744277954
0.03690197318792343 0.6685291528701782 -1.3312504291534424
-0.12094858288764954 0.846638560295105 -2.8688137531280518
0.372231662273407 0.6420679092407227 -1.26077401638031
0.8785638809204102 0.5078370571136475 -2.453411102294922
0.5635045766830444 0.8680976629257202 -2.271084785461426
0.9498097896575928 0.5177662372589111 1.5361316204071045
-0.1814711093902588 0.5548861622810364 -2.7552123069763184
0.6544322371482849 0.37046778202056885 -2.6529541015625
0.21150559186935425 0.614402174949646 -2.845301866531372
0.9614724516868591 0.4186461567878723 2.4695847034454346
0.2123943269252777 0.7464776039123535 2.9495182037353516
-0.5065398216247559 0.7477078437805176 -1.943078875541687
0.19981101155281067 0.7727386951446533 0.9962674975395203
-0.4345264136791229 0.8451647758483887 0.3226451575756073
-0.10012940317392349 0.8931118845939636 -2.5031604766845703
0.5278525948524475 0.6298408508300781 0.6276390552520752
0.18914803862571716 0.5653424859046936 -2.3706350326538086
0.3699674606323242 0.8325074911117554 -0.7668329477310181
0.9600376486778259 0.46500033140182495 2.585676908493042
0.8388091921806335 0.5258195400238037 1.877457857131958
0.23726865649223328 0.7131317853927612 -2.9181721210479736
0.5973331928253174 0.5874919891357422 2.537013053894043
-0.4894423186779022 0.7998768091201782 2.399141311645508
-0.5257924199104309 0.5485403537750244 2.314438581466675
0.9230442047119141 0.6070271730422974 0.7571291923522949
0.1545400470495224 0.831035315990448 -1.7523884773254395
0.7095276117324829 0.6385851502418518 1.490665316581726
-0.4577496647834778 0.8771782517433167 -0.556192934513092
0.8611712455749512 0.8564746379852295 -2.6199288368225098
0.8591622114181519 0.4911118745803833 1.4756417274475098
-0.3130931258201599 0.8429548144340515 1.2766095399856567
0.06779877096414566 0.8649159669876099 -0.4726724922657013
0.233047753572464 0.8463646173477173 0.5515246391296387
0.3398401737213135 0.8455397486686707 -2.5067973136901855
-0.3130289912223816 0.3902503252029419 2.0198824405670166
0.1145753413438797 0.6940130591392517 -0.6871429085731506
0.2982018291950226 0.660446047782898 2.743845224380493
-0.5279419422149658 0.8440098762512207 2.844855308532715
0.662262499332428 0.4962388575077057 -1.3522931337356567
0.40636706352233887 0.6302344799041748 -2.0147721767425537
0.9028499126434326 0.478644460439682 0.4437178373336792
0.4303753972053528 0.8694736957550049 0.07093113660812378
-0.40307754278182983 0.02637670934200287 2.1814677715301514
0.6221103668212891 0.6702139973640442 0.898174524307251
-0.5123522281646729 0.4329754114151001 2.2624917030334473
0.6635754108428955 0.4766964912414551 -1.101182460784912
-0.3480740189552307 0.9083768129348755 0.9591109752655029
0.6617939472198486 0.6625261902809143 1.9088302850723267
-0.22199662029743195 0.5873563289642334 -2.540501356124878
-0.42969244718551636 0.8898572325706482 -0.6231303811073303
-0.4915226697921753 0.8327525854110718 0.3289671540260315
-0.022305358201265335 0.6102156639099121 -2.945016622543335
-0.2831977605819702 0.46623536944389343 -1.720628023147583
-0.5081069469451904 0.7523584365844727 -1.9835748672485352
-0.49931079149246216 0.8119820356369019 -1.7260679006576538
-0.3726634383201599 0.44789576530456543 0.18435218930244446
-0.49823346734046936 0.7139905691146851 -0.557090163230896
-0.4066849648952484 0.880483090877533 -0.46946144104003906
-0.25979194045066833 0.5646311044692993 2.6434478759765625
0.9214800000190735 0.4833425283432007 0.9322173595428467
0.25109678506851196 0.7117672562599182 1.9217146635055542
-0.29376786947250366 0.4068017899990082 -2.779264211654663
0.8401365876197815 0.7242151498794556 -2.606786012649536
0.8867796659469604 0.4391597509384155 -0.5747494697570801
0.06231994554400444 0.8564720153808594 0.10610125213861465
0.02211824804544449 0.6734975576400757 -1.3827437162399292
0.36115947365760803 0.8792696595191956 2.0881829261779785
0.055981773883104324 0.7458434104919434 2.4838509559631348
0.9101285934448242 0.6058475971221924 0.5614703297615051
0.05507294833660126 0.6683599352836609 -1.7351409196853638
-0.41822749376296997 0.8805340528488159 1.7542412281036377
-0.49803417921066284 0.4863245189189911 1.0365471839904785
-0.435857892036438 0.8326384425163269 1.9319571256637573
0.35598593950271606 0.7099946141242981 2.942326545715332
0.9217211604118347 0.7774977684020996 2.1244421005249023
0.7921709418296814 0.1917441338300705 -2.3700923919677734
0.2211020290851593 0.7014851570129395 1.0006040334701538
-0.5069258213043213 0.4736344814300537 -1.3337351083755493
-0.030850786715745926 0.698944628238678 0.7424047589302063
-0.295655757188797 0.4534194767475128 -0.6037828326225281
0.9417348504066467 0.6268712282180786 1.8302593231201172
0.5573551654815674 0.8671308159828186 -1.731694221496582
0.43409955501556396 0.869940459728241 2.9198620319366455
0.8471951484680176 0.8576166033744812 1.6396669149398804
0.06928927451372147 0.8181723356246948 1.9037914276123047
0.7739956378936768 0.8638867735862732 2.4585728645324707
-0.5034019351005554 0.7494751811027527 0.9375125169754028
0.5152819752693176 0.6874775886535645 -2.8918745517730713
0.8985623717308044 0.7708447575569153 -0.6717727780342102
-0.3834797143936157 0.9106152057647705 -2.39791202545166
0.3278743624687195 0.8583464622497559 1.7388787269592285
0.3988773226737976 0.6533142328262329 1.8793803453445435
-0.5101173520088196 0.5826888084411621 -1.9729856252670288
-0.07373055815696716 0.681043267250061 -0.7257705330848694
0.847197949886322 0.4442480504512787 2.9145917892456055
0.6829471588134766 0.47119516134262085 -1.8662612438201904
0.5039702653884888 0.659162700176239 0.4024176597595215
0.2266317754983902 0.832094669342041 -1.9624119997024536
0.6223421692848206 0.7499760389328003 1.2280175685882568
-0.3298681378364563 0.8833110928535461 1.4033887386322021
-0.3272547721862793 0.9195265769958496 2.7983105182647705
0.8650123476982117 0.8023664951324463 -2.031487464904785
-0.4376422166824341 0.8868845701217651 -2.1931188106536865
0.33859217166900635 0.725013017654419 2.6973483562469482
-0.5150169134140015 0.5891280174255371 -1.410245656967163
-0.2768299877643585 0.9071602821350098 -1.8978571891784668
-0.3533879518508911 0.8609302639961243 -1.2220284938812256
-0.22920331358909607 0.48919185996055603 -1.024810791015625
-0.46323585510253906 0.8459358215332031 0.1946374624967575
0.9569253325462341 0.5585535764694214 2.2304885387420654
-0.509547233581543 0.780514657497406 1.5683873891830444
-0.10933098196983337 0.8439963459968567 -2.882310390472412
0.8607747554779053 0.48140984773635864 -2.1541194915771484
0.7204170227050781 0.877835214138031 1.3417503833770752
-0.11685030162334442 0.6957194805145264 0.38751718401908875
0.8493686318397522 0.8299163579940796 -0.47264721989631653
-0.09799905121326447 -0.2534172832965851 2.0970354080200195
0.16415658593177795 0.6422739624977112 1.6762686967849731
-0.1969192624092102 0.893779993057251 -0.5866878032684326
-0.5268357992172241 0.5268144607543945 2.3176660537719727
-0.2750028967857361 -0.004133939743041992 -2.137962579727173
0.9015202522277832 0.647447943687439 -0.5780560970306396
-0.21995040774345398 0.23636019229888916 2.1461055278778076
-0.09543850272893906 0.6565468907356262 -1.6302634477615356
0.3511943817138672 0.8381217122077942 -0.004952796269208193
-0.5250477194786072 0.5819354057312012 -2.7116971015930176
-0.38040170073509216 0.40397319197654724 0.36777761578559875
0.37062734365463257 0.6666256785392761 1.8475017547607422
0.8526286482810974 0.7118659019470215 -1.6712794303894043
-0.03714943304657936 0.8420068621635437 -0.8550563454627991
0.022953175008296967 0.6745954751968384 -1.6839927434921265
0.40274184942245483 0.8891754150390625 2.2151272296905518
0.45661741495132446 0.8801354169845581 1.9882265329360962
0.41787034273147583 0.6940252780914307 0.7649964690208435
-0.26976096630096436 0.5470050573348999 1.5280811786651611
0.6997173428535461 -0.2188398540019989 2.1992809772491455
-0.198280930519104 0.6990858316421509 0.5162123441696167
0.8256756067276001 0.7887662649154663 -2.643983840942383
0.923939049243927 0.6419403553009033 1.8344504833221436
0.30841970443725586 0.8100711107254028 0.4956245422363281
-0.4949951171875 0.8498665690422058 -2.7567262649536133
0.705394983291626 0.8935357332229614 -0.8917576670646667
-0.5226886868476868 0.4981575608253479 -1.7648015022277832
-0.519784152507782 0.7636781930923462 -0.3637295365333557
0.5260692238807678 0.6894431710243225 0.5294926762580872
0.053962383419275284 0.8433487415313721 0.11259351670742035
0.22672903537750244 0.8462389707565308 -0.005476010963320732
-0.4906885623931885 0.5038899779319763 2.760698080062866
-0.4956892728805542 0.5027557611465454 0.3315410017967224
0.6131047010421753 0.6970231533050537 0.8525858521461487
0.0053800009191036224 0.70942223072052 -1.5065035820007324
0.35948646068573 0.6237220764160156 -2.367520809173584
0.7414466142654419 -0.0916159451007843 2.0980451107025146
-0.4488561153411865 0.4200129210948944 -2.0936930179595947
0.2558741867542267 0.42034849524497986 -2.200043201446533
-0.35802245140075684 -0.041688352823257446 2.2361109256744385
-0.20816954970359802 0.6130481958389282 0.08646047860383987
0.008070573210716248 0.7068027257919312 -0.20964385569095612
-0.49030154943466187 0.6223058104515076 2.523313522338867
0.915657639503479 0.8306410908699036 0.48159298300743103
0.17451328039169312 0.46159201860427856 -2.3688504695892334
0.6269473433494568 0.8750549554824829 2.5277011394500732
0.727385938167572 0.860588788986206 2.4717607498168945
0.1686631739139557 0.6583964228630066 -2.2817282676696777
0.8019194006919861 0.387800931930542 -0.27136632800102234
-0.4933391511440277 0.4435349702835083 -2.0506601333618164
0.39678311347961426 0.8542242646217346 2.9146409034729004
-0.49698641896247864 0.8267468214035034 1.294666051864624
0.130088672041893 0.8051180839538574 1.6701183319091797
0.6861475110054016 0.6507724523544312 2.5498580932617188
0.26152488589286804 0.8324716091156006 1.9345746040344238
-0.12857341766357422 0.6839651465415955 0.1198718398809433
-0.159347802400589 0.9000369310379028 -0.655495285987854
0.5909176468849182 0.8483559489250183 -0.4621812701225281
0.880933940410614 0.4691947400569916 0.28973186016082764
0.7604202032089233 0.8635998964309692 1.2515170574188232
0.8905093669891357 0.4750925600528717 0.23001496493816376
0.08738312870264053 0.8173972368240356 -1.4231836795806885
0.24610906839370728 0.804600715637207 1.5213210582733154
0.3106892704963684 0.858269214630127 2.48110294342041
0.7521191835403442 -0.19337677955627441 2.2553751468658447
0.7349822521209717 0.8531087636947632 1.0146172046661377
-0.4707408547401428 0.6870021224021912 2.9071578979492188
0.762672483921051 0.4319492280483246 0.06997033953666687
-0.4740588068962097 0.40533244609832764 -2.9296112060546875
-0.5044248104095459 0.7318416833877563 2.362501621246338
-0.5150836110115051 0.6206881403923035 -1.1567723751068115
0.8407146334648132 0.42437317967414856 -2.909677505493164
-0.2342447191476822 0.6052819490432739 1.570220708847046
-0.5159238576889038 0.5336419343948364 0.055720433592796326
0.24268078804016113 0.7884287238121033 1.6676747798919678
-0.35607388615608215 0.8625493049621582 0.7046052813529968
0.44701361656188965 0.7028615474700928 1.9893280267715454
0.021614547818899155 0.7079829573631287 -0.45220425724983215
0.771367073059082 0.5417665243148804 2.5003347396850586
0.7090973854064941 0.013589650392532349 -2.1930460929870605
0.29884281754493713 0.6681104898452759 1.0133838653564453
-0.11112271994352341 0.6777855753898621 -1.7347288131713867
0.5631428360939026 0.871533989906311 2.881460428237915
-0.06962505728006363 0.6726086735725403 -2.28293514251709
0.8015052080154419 0.47180455923080444 3.06467342376709
-0.1955123245716095 0.5583775639533997 -1.0839533805847168
-0.279459148645401 0.872229814529419 2.786052703857422
0.658231258392334 0.6795104742050171 -2.6844255924224854
0.5477897524833679 0.5708425641059875 -2.113050699234009
-0.3829568028450012 0.39334723353385925 -2.862199068069458
0.6231432557106018 0.6183884143829346 0.4277504086494446
0.38802772760391235 0.6604537963867188 0.1520247608423233
-0.004452668130397797 0.7959632277488708 0.7851480841636658
0.3492268919944763 0.868992269039154 1.3060903549194336
0.6728748083114624 0.874927818775177 -2.184122323989868
0.061002880334854126 0.7072789669036865 1.2989977598190308
0.8469945192337036 0.4428553581237793 -1.7507089376449585
-0.20147216320037842 0.8794035911560059 -0.8791053891181946
0.11159521341323853 0.4386739134788513 -2.451902389526367
0.6535149812698364 0.7066985964775085 -0.9808960556983948
0.24484902620315552 0.8626807928085327 -0.27912524342536926
0.6806552410125732 0.5114259719848633 -1.5591392517089844
0.750934898853302 0.8746051788330078 0.22765465080738068
0.6844364404678345 0.866813600063324 0.7544372081756592
-0.02178271859884262 0.6993034482002258 -2.5976107120513916
0.6047340631484985 0.751204252243042 1.6823234558105469
0.11641710251569748 0.6877168416976929 1.2045098543167114
0.667551577091217 0.33279404044151306 -2.1728456020355225
-0.04890837520360947 0.8313481211662292 0.816378116607666
-0.48865288496017456 0.8384310603141785 -2.197070837020874
-0.15581274032592773 0.4847753047943115 -1.895537257194519
-0.5181026458740234 0.6492393016815186 0.007306730840355158
0.8198316693305969 0.876941442489624 -1.7747361660003662
-0.2622438669204712 0.8591263890266418 0.48916342854499817
-0.3332795798778534 0.48655420541763306 2.6385650634765625
0.4482230544090271 0.8393739461898804 -2.745211124420166
-0.08363653719425201 0.8889620304107666 0.19315002858638763
0.9039896130561829 0.6824938654899597 -0.6571120023727417
0.47877201437950134 0.7868437767028809 -1.0649381875991821
-0.3242013454437256 0.44418564438819885 0.5946343541145325
0.5572456121444702 0.8786393404006958 -2.7796995639801025
-0.40152043104171753 -0.29476335644721985 2.0984132289886475
0.31482940912246704 0.66575688123703 -2.095459222793579
0.553547739982605 0.867715060710907 2.9039134979248047
-0.48088720440864563 0.7665835618972778 1.7708749771118164
0.036206647753715515 0.7260525226593018 0.1388121247291565
-0.4239298403263092 0.8725353479385376 -2.269456148147583
0.7693933248519897 0.8878821730613708 1.590282917022705
-0.21537233889102936 0.49659842252731323 -0.9307315945625305
0.18586498498916626 0.6648579835891724 2.447650909423828
0.7895146608352661 0.3993110656738281 -1.4274258613586426
0.685744047164917 0.5638079643249512 1.3348817825317383
0.6528655290603638 -0.23723140358924866 -2.3139898777008057
0.3268205523490906 0.6755993366241455 -0.020472807809710503
0.04603384807705879 0.7107189893722534 -0.2920631766319275
0.4500063359737396 0.8620339632034302 -2.3696343898773193
0.7586312890052795 0.8715827465057373 2.7587900161743164
0.27416130900382996 0.8616854548454285 -0.05488024652004242
-0.5184648036956787 0.4681898355484009 -0.846271276473999
-0.5166758298873901 0.649700403213501 1.0079022645950317
0.29524359107017517 0.6578405499458313 -0.8968587517738342
0.452781081199646 0.8403447866439819 -1.5322235822677612
0.8852075934410095 0.05635908246040344 2.1396048069000244
0.4471566081047058 0.6800768971443176 -2.046966552734375
0.9399961233139038 0.7379544973373413 2.3032939434051514
0.7740450501441956 0.4568595886230469 -2.6167895793914795
0.8586795330047607 0.5614402294158936 -2.0909385681152344
-0.21528023481369019 0.5692583322525024 -2.750852346420288
-0.5197675228118896 0.7189356684684753 -0.20967689156532288
-0.1682537943124771 0.867336094379425 -2.672899007797241
0.9392504096031189 0.6438608169555664 2.137489080429077
-0.4662323296070099 0.4263174831867218 -1.446280598640442
0.8906819224357605 0.7526659369468689 -0.263475239276886
0.7298868894577026 0.4626115560531616 0.7050547003746033
0.7100680470466614 0.5516261458396912 1.5084768533706665
0.8424915671348572 0.05498926341533661 2.278005599975586
0.012466799467802048 0.8055492639541626 -1.516527533531189
0.5366760492324829 0.5800401568412781 -0.9936568737030029
-0.36664965748786926 0.8341223001480103 1.7267494201660156
0.5725547075271606 0.8127601742744446 2.222691535949707
-0.4481479823589325 0.42211395502090454 -2.557344436645508
-0.05903555080294609 0.6373995542526245 -0.9780391454696655
-0.33529627323150635 0.8957355618476868 -0.26991555094718933
-0.5037540197372437 0.6079705953598022 2.307734489440918
0.10822415351867676 0.855768620967865 1.8612792491912842
0.41024965047836304 0.7594012022018433 -1.5255109071731567
0.5414010286331177 0.8587164282798767 -2.2004616260528564
0.655505359172821 0.401008278131485 -2.8161683082580566
0.5291332006454468 0.706224262714386 0.1677621603012085
-0.5123084783554077 0.740993082523346 -2.4177215099334717
0.8992060422897339 0.6266342401504517 -0.7039062976837158
0.018207360059022903 0.8284705877304077 -1.4492573738098145
-0.18453602492809296 0.6932607889175415 1.3910810947418213
-0.5080845952033997 0.5190489292144775 -0.05226203799247742
-0.5153871774673462 0.8063116073608398 1.4137749671936035
0.4306289553642273 0.4751042127609253 -2.386180877685547
0.5976335406303406 0.6798833608627319 -2.9185760021209717
0.03103061579167843 0.8712421655654907 -0.07153821736574173
0.41518983244895935 0.7681849002838135 -1.0959982872009277
0.7890474200248718 0.9132746458053589 0.8424884080886841
-0.06295768171548843 0.8506966233253479 -0.6467582583427429
0.342973917722702 0.8398286700248718 0.7178876996040344
0.018904099240899086 0.36736857891082764 -2.3563122749328613
0.848253607749939 0.6945461630821228 2.9373443126678467
0.58656245470047 0.6863413453102112 0.23326842486858368
0.7285377979278564 0.45916053652763367 0.7652252912521362
0.5472376346588135 0.6810145974159241 -1.4525614976882935
0.6818842887878418 0.5047127604484558 -1.5881739854812622
-0.37434738874435425 0.4151511490345001 -1.0632120370864868
0.6387900114059448 0.8335458636283875 1.0565396547317505
0.3044094145298004 0.8690004944801331 2.2349395751953125
0.5949264168739319 0.7293145060539246 -0.11248951405286789
0.8849522471427917 0.8096002340316772 0.11649322509765625
0.6917957067489624 0.5243180990219116 0.4181500971317291
0.31361544132232666 0.837810218334198 -0.6628187298774719
-0.3630214333534241 0.37075740098953247 2.2633702754974365
-0.13555385172367096 0.8991003036499023 -0.3928111791610718
0.6934464573860168 0.865771472454071 0.021238062530755997
0.9016114473342896 0.8253259062767029 2.23054838180542
0.1956753432750702 0.6772379875183105 2.0958688259124756
0.3845974802970886 0.8538548350334167 0.3133237957954407
0.4140738248825073 0.8681119680404663 -2.5967283248901367
-0.1535375714302063 0.8688204288482666 -0.9474793672561646
0.7690188884735107 0.6951477527618408 -2.227182388305664
0.2571719288825989 0.8376184701919556 -2.3320956230163574
-0.04664979875087738 0.8471311330795288 -0.43384650349617004
0.25119954347610474 0.817145049571991 -0.9025743007659912
-0.10305508971214294 0.6827791333198547 -0.2420656830072403
0.4404396414756775 0.7567782402038574 1.375096082687378
-0.17125080525875092 0.8685998320579529 2.727349281311035
0.7899932861328125 0.3871302604675293 -1.1428122520446777
0.5572562217712402 0.8169554471969604 -1.934220790863037
0.05033866688609123 0.6318426132202148 -2.6657164096832275
0.8908627033233643 0.6032717227935791 -1.540037989616394
-0.231846421957016 0.8649295568466187 2.4865188598632812
0.6128348112106323 0.5542809367179871 -0.46155983209609985
-0.5099305510520935 0.6817851066589355 -2.2811949253082275
0.9428964853286743 0.5186342597007751 1.63969886302948
0.22133594751358032 0.6802743673324585 1.0491479635238647
-0.3956160545349121 0.8826272487640381 2.1839163303375244
0.19772352278232574 0.6856830716133118 -1.6859067678451538
0.6033170819282532 0.4345398247241974 -2.7789466381073
0.9115275144577026 0.47752511501312256 -0.8485231399536133
0.29478368163108826 0.665030837059021 -1.757123351097107
-0.1589687019586563 0.4570912718772888 -2.812544822692871
-0.516695499420166 0.6941009163856506 -0.7769679427146912
-0.20762723684310913 0.5210310220718384 -1.6775723695755005
-0.038418881595134735 0.6608792543411255 -2.336001396179199
0.8920251131057739 0.7616640329360962 -0.5293527841567993
0.7042390704154968 0.42515286803245544 -0.6799389123916626
0.6852888464927673 0.8837568163871765 -0.39881327748298645
0.10550643503665924 0.8604423403739929 1.9580042362213135
0.43902572989463806 0.8177737593650818 -2.2278473377227783
0.49303990602493286 0.6755589246749878 2.381237268447876
0.5116980075836182 0.7896499037742615 -1.2585842609405518
-0.33240222930908203 0.3262512981891632 -2.1116158962249756
-0.1649632751941681 0.7806746363639832 1.5944517850875854
0.8164929747581482 0.6644432544708252 -2.366192579269409
-0.09454408288002014 0.8596755266189575 -2.4840030670166016
0.3814084529876709 0.8553974032402039 2.6424736976623535
0.06002531945705414 0.7497417330741882 1.8128671646118164
0.3211711049079895 0.6662527322769165 2.4087531566619873
0.018353916704654694 0.8490322828292847 2.40801739692688
0.2608248293399811 0.8600480556488037 -2.7958734035491943
0.07454826682806015 0.6767632961273193 1.0499907732009888
0.7764654159545898 0.7547391057014465 -2.971168041229248
0.9051797389984131 0.6549413800239563 0.4279068112373352
-0.05242753028869629 0.7018592953681946 -2.7635912895202637
0.9255000352859497 0.8083223700523376 1.26895272731781
0.8623387217521667 0.7795898914337158 -2.2782654762268066
0.9241341352462769 0.4644143581390381 1.1625066995620728
0.22452476620674133 0.8350184559822083 -0.5849027037620544
0.1325877606868744 0.657684326171875 1.8316155672073364
0.9318386912345886 0.6007912755012512 0.9528645277023315
-0.45635849237442017 0.9170389175415039 2.7823383808135986
-0.4690319299697876 0.45594990253448486 -2.7108912467956543
0.9351699352264404 0.5217857360839844 1.0969995260238647
0.5095979571342468 0.6399607062339783 -1.7275166511535645
0.7576748728752136 0.8617077469825745 2.637819766998291
0.4153174161911011 0.8450683951377869 -1.7306082248687744
0.8649141788482666 0.8493543267250061 1.2341290712356567
0.8979493975639343 0.4415622353553772 0.5048924684524536
-0.1701202690601349 0.5247383713722229 2.145651340484619
0.9486069083213806 0.5624332427978516 1.6979291439056396
-0.48494142293930054 0.709073007106781 1.4803858995437622
-0.21407848596572876 0.40878069400787354 -2.3226494789123535
0.7228253483772278 0.3765082359313965 -1.269232153892517
0.2656252980232239 0.7136187553405762 -0.28547346591949463
0.6842074394226074 0.8153191804885864 2.1265225410461426
0.20730262994766235 0.5165655016899109 -2.399343729019165
0.34022486209869385 0.7669928073883057 1.9930472373962402
0.9459146857261658 0.37585335969924927 2.483614206314087
-0.5214030742645264 0.7870606184005737 2.364605188369751
-0.33192119002342224 0.8629461526870728 2.091677188873291
-0.3375954031944275 0.0007360577583312988 2.051166296005249
-0.050038110464811325 0.8465926647186279 -1.8679699897766113
-0.2711978554725647 0.8581413626670837 0.33049872517585754
0.8587063550949097 -0.0035100430250167847 -2.1650686264038086
0.46192666888237 0.5658116340637207 -2.5208656787872314
-0.5084911584854126 0.6490602493286133 1.3537219762802124
0.6260863542556763 0.884580671787262 -0.6929104924201965
0.8946787714958191 0.670874834060669 -1.706209659576416
0.6864616274833679 0.6344854831695557 -2.3689794540405273
0.5118008852005005 0.6981843709945679 -2.933521032333374
0.6463916301727295 0.6358426213264465 -2.6050705909729004
-0.03588949888944626 0.6977713108062744 0.33478543162345886
0.6627894639968872 0.5894898772239685 -1.4573041200637817
-0.1459183245897293 0.7158361673355103 2.5244874954223633
0.6273974180221558 0.846207320690155 -0.7158682942390442
-0.02782079577445984 0.6713438034057617 1.081063985824585
0.669955849647522 0.6539822816848755 2.4470441341400146
0.23241150379180908 0.7245879173278809 0.21870841085910797
0.9382318258285522 0.5987509489059448 1.7242796421051025
-0.30109187960624695 0.8044930100440979 -2.9527406692504883
-0.4549200236797333 0.82137131690979 1.3000617027282715
0.8078936338424683 0.5464518666267395 -2.625920295715332
0.3039538860321045 0.8430994153022766 -0.34960970282554626
0.7097947597503662 0.4762814939022064 2.712937355041504
0.7921369075775146 0.732105553150177 -2.9476282596588135
-0.13355369865894318 0.6754164695739746 0.8293337821960449
-0.4581272602081299 0.849015474319458 -1.2684508562088013
0.3421633839607239 0.8305237293243408 -1.7959496974945068
-0.1312086582183838 0.7095358967781067 -2.6757853031158447
-0.04026690125465393 0.6780751943588257 2.403470039367676
0.8083633780479431 0.5840906500816345 -2.586113214492798
0.8808616399765015 0.8463038206100464 -0.8758227229118347
0.18881452083587646 0.8198190927505493 2.3569893836975098
0.7681083083152771 0.48812541365623474 2.8739898204803467
-0.5197257995605469 0.8004264235496521 -0.5594509243965149
0.5616675615310669 0.6974983215332031 -0.14863790571689606
-0.4522576630115509 0.4092312753200531 -1.3302202224731445
0.9763655662536621 0.16324856877326965 2.212453842163086
-0.41482025384902954 0.44867753982543945 0.07873860746622086
0.574286699295044 0.8336027264595032 1.501399040222168
-0.029938627034425735 0.8687503933906555 2.7150397300720215
0.9055953621864319 0.46761757135391235 -0.20516254007816315
0.045546479523181915 0.6724811792373657 -1.3026304244995117
-0.5132516622543335 0.5319762229919434 -2.897580862045288
0.6772231459617615 0.6416891813278198 2.8089029788970947
0.7986564636230469 0.9248194098472595 -2.093681812286377
0.8578972816467285 0.7251956462860107 -1.8239673376083374
-0.23529796302318573 0.8687868118286133 -1.0020807981491089
-0.5060487389564514 0.783836841583252 1.7427109479904175
0.17981544137001038 0.8297798037528992 -1.951094627380371
-0.16637654602527618 0.5533570051193237 -1.9940792322158813
0.35315895080566406 0.7797245979309082 2.560486316680908
-0.24867607653141022 0.8826468586921692 -2.524200439453125
0.7793369889259338 0.8566939234733582 2.310070276260376
0.6500329971313477 0.4700345993041992 -2.1251463890075684
-0.31733238697052 0.8983448147773743 1.1256663799285889
-0.4561576843261719 0.857488751411438 -2.667145252227783
0.022201411426067352 0.8420076370239258 -2.6897878646850586
-0.11674155294895172 0.2786611020565033 -2.2635838985443115
0.7385824918746948 0.5600732564926147 -2.1688339710235596
0.6976782083511353 0.8916077613830566 -0.37587758898735046
0.2559624910354614 0.6730775237083435 -2.3830394744873047
0.3003164529800415 0.847298800945282 1.087035894393921
-0.2590142786502838 0.8940512537956238 1.430342197418213
-0.24950478971004486 0.6404768228530884 1.4003437757492065
0.8728134036064148 0.8438141942024231 -2.8294832706451416
0.8974517583847046 0.8458579182624817 1.8618532419204712
0.6132587194442749 0.7018819451332092 0.8838158845901489
-0.10372812300920486 0.6821512579917908 0.5903964042663574
-0.16646012663841248 0.40952691435813904 -2.8437628746032715
0.3661686182022095 0.8520840406417847 0.5458208322525024
0.6705734729766846 0.5252427458763123 -1.7197693586349487
0.6325969696044922 0.2785164713859558 -2.3303778171539307
-0.026317410171031952 0.7847269177436829 2.9636282920837402
-0.5083156824111938 0.7571937441825867 -0.5277491807937622
0.08464258909225464 0.8546248078346252 1.1090173721313477
0.8723025321960449 0.8428579568862915 -2.429335117340088
-0.5113551020622253 0.5984223484992981 1.2144486904144287
0.7822666764259338 0.42579665780067444 2.814154624938965
0.2335003912448883 0.6493044495582581 1.2842158079147339
0.6521514654159546 0.5942651033401489 0.46244069933891296
0.7528591156005859 0.9061368703842163 -1.6083056926727295
0.09331344068050385 0.6548842787742615 -2.9344849586486816
-0.38688981533050537 0.8787618279457092 -1.8349964618682861
0.9159409999847412 0.6552446484565735 -0.5063172578811646
0.465017706155777 0.833523154258728 -0.7552667260169983
0.3085036873817444 0.7691584825515747 2.4957287311553955
-0.4323091208934784 0.4298281669616699 1.3336185216903687
0.46224698424339294 0.7802762389183044 -2.5385565757751465
-0.011074502021074295 0.8395417928695679 1.2068328857421875
0.3987496495246887 0.8512783050537109 2.1422154903411865
-0.3533461093902588 0.7319034934043884 -2.9526052474975586
0.42824265360832214 0.8619363903999329 -0.08067887276411057
-0.27736932039260864 0.7333269119262695 2.3444530963897705
-0.45356374979019165 0.46209579706192017 0.638469934463501
0.1746726781129837 0.6628562211990356 1.0808343887329102
-0.30902713537216187 0.4510625898838043 -0.708402693271637
0.6836202144622803 0.22678439319133759 -2.114900827407837
0.23971116542816162 0.665878415107727 -2.1367387771606445
-0.32358428835868835 -0.03045348823070526 2.064910650253296
0.38142669200897217 0.702633261680603 2.481374979019165
0.7670845985412598 0.39800384640693665 -1.2083985805511475
0.8211997151374817 0.8876370787620544 -1.4215174913406372
0.3350020945072174 0.7285205125808716 2.5667848587036133
0.18518373370170593 0.6522172093391418 2.6344411373138428
-0.3241492211818695 0.8031879663467407 -2.7992687225341797
0.8209998607635498 0.43295034766197205 -0.28366541862487793
-0.205572247505188 0.6387485265731812 -0.08188986778259277
0.8543002009391785 0.47918277978897095 -1.9785511493682861
0.02710619941353798 0.7057397365570068 -2.298906087875366
-0.24412499368190765 0.076311394572258 -2.4115095138549805
-0.19304566085338593 0.7125823497772217 1.1442394256591797
0.282890260219574 0.6558722257614136 2.16003155708313
0.8940962553024292 0.7719257473945618 -1.1187942028045654
-0.016394153237342834 0.7684206962585449 -1.1400082111358643
-0.07319023460149765 0.7505265474319458 2.271585702896118
0.7418282628059387 -0.24239793419837952 2.108590602874756
-0.5144420862197876 0.5504264235496521 0.5383574366569519
0.522840678691864 0.85878586769104 -1.2545024156570435
0.29171454906463623 0.7699276208877563 1.3825299739837646
0.6962591409683228 0.867832601070404 2.6687870025634766
0.5399684906005859 0.3564048409461975 -2.3581721782684326
0.46091046929359436 0.8944814801216125 2.157480001449585
-0.0029301494359970093 0.8355778455734253 0.04473848640918732
0.03820045292377472 0.6851562857627869 -0.9068481922149658
-0.36603814363479614 0.436688095331192 -1.1588265895843506
-0.25227001309394836 0.5980947613716125 2.9129652976989746
-0.3664233982563019 0.864266574382782 -1.3275142908096313
-0.4945031702518463 0.7319479584693909 1.0221666097640991
0.48507770895957947 0.7426282167434692 -1.6717028617858887
0.07689153403043747 0.6709662675857544 -1.4156174659729004
0.6076117753982544 0.8519331216812134 1.2661151885986328
0.06970749795436859 0.830231785774231 -2.0001020431518555
0.28784793615341187 0.6542295217514038 -1.0876154899597168
0.1126544401049614 0.8067563772201538 -1.1190063953399658
-0.2659061849117279 0.7809920310974121 2.9397358894348145
0.22674159705638885 0.8306371569633484 -2.041189193725586
0.9191992878913879 0.623428463935852 1.0945227146148682
0.8454369902610779 0.4858487844467163 1.515844702720642
-0.4444209039211273 0.45892274379730225 1.0543619394302368
0.4248083233833313 0.851413905620575 -0.4741889536380768
0.6452946662902832 0.6014695167541504 0.30079129338264465
0.9125411510467529 0.7454595565795898 1.2728300094604492
0.9653500914573669 0.4016563892364502 2.393181085586548
0.4528440237045288 0.8401539921760559 0.8738285899162292
-0.10194461047649384 -0.17390814423561096 -2.2546770572662354
0.05107766389846802 0.6860511302947998 0.5730582475662231
0.20592838525772095 0.8640895485877991 2.7190654277801514
-0.29773494601249695 0.47911176085472107 0.4976152777671814
0.8815768957138062 0.45007389783859253 -2.001554489135742
0.02886994555592537 0.8244150876998901 -1.9543142318725586
0.8635836839675903 0.37099090218544006 -2.1260485649108887
-0.4877229928970337 0.7741152048110962 2.7172677516937256
-0.5286514759063721 0.7350928783416748 -2.5827300548553467
0.7292782664299011 0.6342940926551819 -2.4557220935821533
0.7653785347938538 0.8588492274284363 -0.3440331816673279
0.1716196984052658 0.6735516786575317 -1.3147833347320557
-0.24835866689682007 0.5811814069747925 2.34139084815979
0.884804904460907 0.8580889701843262 -0.5834967494010925
0.46201375126838684 0.819438099861145 1.06935453414917
0.8041843175888062 0.8976166844367981 2.4598870277404785
0.6195082664489746 0.8606119155883789 -2.476768732070923
-0.5230083465576172 0.5152997970581055 2.6261725425720215
0.8183234333992004 0.36313337087631226 -2.680274724960327
-0.5194636583328247 0.5904172658920288 1.9718818664550781
-0.0678270161151886 0.6816893815994263 0.4712432026863098
0.7282230257987976 0.48229536414146423 2.876434564590454
0.8139373064041138 0.47956401109695435 1.9918389320373535
-0.23959390819072723 0.6195824146270752 -2.0731868743896484
0.3642371892929077 0.7251873016357422 2.5787434577941895
0.5502107739448547 0.8492839336395264 -0.9470328092575073
-0.06470087170600891 0.7973963022232056 2.9441986083984375
0.8077545166015625 0.8553478717803955 0.06868947297334671
-0.3547751307487488 0.8744800090789795 1.2060426473617554
-0.16833658516407013 0.871292233467102 1.304093599319458
-0.5138205885887146 0.8032891750335693 -0.16734296083450317
0.9718543887138367 0.39808332920074463 2.4491870403289795
0.9117372035980225 0.5233986377716064 -0.12872575223445892
-0.14501897990703583 0.6606584191322327 -0.20401032269001007
-0.2132275253534317 0.5850178003311157 -0.3542170524597168
0.7042751908302307 0.8986371755599976 -1.9734798669815063
-0.18679702281951904 0.4090580940246582 -2.2722134590148926
-0.5005895495414734 0.7036749124526978 -2.443460702896118
0.6070072054862976 0.7054538726806641 0.28774669766426086
0.7032662034034729 0.5051500797271729 0.2619575262069702
0.02092256397008896 0.8584505319595337 2.0195472240448
-0.49994975328445435 0.6129392385482788 2.205678701400757
-0.5076395273208618 0.4989857077598572 -1.161839485168457
0.9056605696678162 0.6555048227310181 -1.0368274450302124
-0.03116575814783573 0.5606922507286072 2.045213460922241
0.28548601269721985 0.811792254447937 -1.7379823923110962
0.3037918210029602 0.6784123182296753 -0.631430983543396
0.39632534980773926 0.676713764667511 -2.917750597000122
-0.46301764249801636 0.7916353940963745 2.084657907485962
0.17559808492660522 0.6857953071594238 -1.6179338693618774
0.7815604209899902 0.4177417457103729 2.727623701095581
0.5921369791030884 0.6702559590339661 2.7148051261901855
0.813283383846283 0.8551610112190247 -0.8792205452919006
-0.5187394022941589 0.8150038123130798 -2.597259998321533
0.3803257942199707 0.6963305473327637 -2.1798839569091797
0.956804633140564 0.5888973474502563 2.499302864074707
0.797318696975708 0.22473855316638947 -2.346525192260742
-0.4506179094314575 0.8863085508346558 -1.3600897789001465
0.34884992241859436 0.7105571627616882 -2.937983751296997
0.5086578130722046 0.5370882749557495 -2.0371859073638916
-0.044787727296352386 0.8475842475891113 -1.973668098449707
0.08153454959392548 0.85321444272995 0.3634423017501831
-0.5288962125778198 0.5667147636413574 -2.1803719997406006
-0.262160986661911 0.45998087525367737 -1.8064426183700562
-0.3119833767414093 0.45076262950897217 2.121732711791992
0.7093114256858826 0.5545457601547241 1.4758669137954712
0.4675772786140442 0.694808840751648 1.0041027069091797
-0.030089091509580612 0.8439276218414307 1.8935800790786743
-0.2776981592178345 0.9320406317710876 -2.6028692722320557
-0.2705126404762268 0.49186065793037415 -0.2533576488494873
0.7728557586669922 0.3846452832221985 -1.5052757263183594
-0.06718464195728302 0.8885833621025085 -2.3673737049102783
0.8853024840354919 0.7613838315010071 -0.12755435705184937
-0.34400612115859985 0.8946924209594727 1.8023608922958374
-0.5327849984169006 0.5097061395645142 -2.885915756225586
-0.3119809925556183 0.465108722448349 0.3355080187320709
0.7994600534439087 0.4083576500415802 -0.8657249212265015
0.9117183685302734 0.6162587404251099 0.6275599002838135
0.21881388127803802 0.6807162761688232 0.32918208837509155
-0.133419468998909 0.8606009483337402 2.273688316345215
0.8265945315361023 0.21779349446296692 2.294875383377075
0.8621730208396912 0.8469080328941345 -1.8621411323547363
-0.23935407400131226 0.6571801900863647 0.6367871761322021
0.19018355011940002 0.8350881934165955 -2.3397111892700195
-0.19232964515686035 0.5975425243377686 -0.6048311591148376
0.8310953378677368 0.4417303204536438 -1.662661075592041
-0.3536611795425415 -0.11405578255653381 2.236574649810791
0.06658969819545746 0.7253985404968262 2.495025396347046
0.5027683973312378 0.9037461280822754 2.813847541809082
-0.4820883870124817 0.6928321123123169 2.598809003829956
0.10125746577978134 0.8477637767791748 -0.5877243876457214
0.6769483089447021 0.5569798946380615 -0.249791219830513
0.8956718444824219 0.48153620958328247 -1.4982515573501587
0.39786627888679504 0.67231285572052 -0.16016827523708344
0.3317851126194 0.816063642501831 1.8498185873031616
0.9575338363647461 0.6226130723953247 2.6755707263946533
0.7592580318450928 0.7405852675437927 2.9942731857299805
-0.5141480565071106 0.6507882475852966 -2.2244319915771484
0.7633630633354187 0.3615293800830841 -2.798888921737671
0.7567952871322632 0.8830699920654297 -0.10752622783184052
-0.36283034086227417 -0.0323052704334259 2.226740598678589
0.875726044178009 0.43005555868148804 -0.4528081715106964
0.35903534293174744 0.8285666108131409 -0.3329077363014221
0.29491597414016724 0.7448920011520386 1.0947456359863281
0.8943109512329102 0.6459065079689026 -0.6111559867858887
-0.39835989475250244 0.8845685720443726 -0.6670304536819458
-0.30848467350006104 0.45490244030952454 0.12549994885921478
0.5651066899299622 0.8115956783294678 1.2710732221603394
-0.2227940857410431 0.8837858438491821 -0.7241842150688171
0.5652032494544983 0.8450685739517212 2.234374523162842
-0.012536317110061646 0.8769378066062927 -0.5416103005409241
0.13236334919929504 0.6711634993553162 2.341505765914917
0.5454546213150024 0.8521949052810669 1.1901038885116577
-0.16362300515174866 0.6578391790390015 2.5884017944335938
0.9018467664718628 0.2301378697156906 2.110448122024536
0.6479998230934143 0.8893254399299622 2.4357807636260986
-0.25566568970680237 0.5219674110412598 1.025795817375183
0.4343966841697693 0.853585422039032 -2.234992027282715
0.9192689657211304 0.8207780718803406 2.5829086303710938
0.5953006744384766 0.6774972677230835 -2.097059488296509
0.26125529408454895 0.8357117772102356 2.1370489597320557
0.019918479025363922 0.718536913394928 0.7192108035087585
0.8529008626937866 0.8551515936851501 -2.672227621078491
0.48203474283218384 0.6552048921585083 -0.6142111420631409
-0.08755333721637726 0.6803826093673706 2.3268752098083496
0.04852306470274925 0.8225739598274231 -0.7999258637428284
-0.09761865437030792 0.3642793893814087 -2.2853245735168457
0.7090449333190918 0.8868362307548523 0.45551788806915283
0.44939443469047546 0.6925026178359985 2.4062750339508057
-0.511326014995575 0.5388451218605042 1.2241919040679932
-0.30411189794540405 0.5476765036582947 -2.9655590057373047
-0.36461737751960754 0.4423646330833435 0.10245725512504578
-0.47302910685539246 0.8575401902198792 -2.864520311355591
0.8161740899085999 0.9027950167655945 2.0413057804107666
-0.4448610544204712 0.42005491256713867 -0.2413531094789505
0.25902044773101807 0.6736488342285156 -2.315199851989746
0.49917179346084595 0.6473330855369568 -1.242468237876892
-0.1960521936416626 0.9028190970420837 -1.2968509197235107
0.9167818427085876 0.7977504730224609 2.1796653270721436
0.025646749883890152 0.8453110456466675 -1.0193160772323608
-0.2082020789384842 0.6330726742744446 2.9040472507476807
-0.5160418748855591 0.5536293983459473 -1.241286277770996
0.6909443736076355 0.6329374313354492 1.8214408159255981
0.7386926412582397 0.44174468517303467 -0.1383744180202484
0.1003294289112091 0.8819320797920227 2.9105522632598877
0.7529745697975159 0.6415034532546997 2.6260311603546143
0.5843285918235779 0.8752332925796509 -2.6921634674072266
0.1777171939611435 0.8084719181060791 1.444438099861145
-0.05835999175906181 0.8533658981323242 -2.4570980072021484
0.820894718170166 0.24702142179012299 -2.2050368785858154
0.2658963203430176 0.6726804971694946 1.31757652759552
-0.44772231578826904 0.39206328988075256 -2.5472095012664795
0.7498277425765991 0.3758634328842163 -0.9948286414146423
-0.3661308288574219 0.8881090879440308 -1.5415807962417603
-0.3247028589248657 0.6418451070785522 -2.697223663330078
-0.2784862220287323 0.43129074573516846 -2.5237984657287598
-0.5218876600265503 0.6793552041053772 1.6574187278747559
0.0977124497294426 0.8830181360244751 1.5168954133987427
0.0649285614490509 0.41092491149902344 -2.221961259841919
-0.043302517384290695 0.8426980972290039 -2.873969078063965
0.5517709851264954 0.8583964705467224 -0.7058060169219971
0.5355704426765442 0.6813340783119202 -1.0769327878952026
0.911911129951477 -0.195261150598526 -2.2716643810272217
0.8829782009124756 0.34454259276390076 2.1707708835601807
-0.4567500352859497 0.4704379439353943 0.3138501048088074
-0.4629126787185669 0.47627681493759155 1.6595770120620728
0.8959771394729614 0.4766692519187927 -0.9604172706604004
-0.528110921382904 0.5677402019500732 1.8355426788330078
-0.15394802391529083 0.6732386946678162 -0.09570996463298798
-0.5173295736312866 0.7394797801971436 0.9794249534606934
-0.20934271812438965 0.3439980149269104 -2.318793296813965
0.8375059366226196 0.86460280418396 -0.5691171884536743
-0.4785330593585968 0.8945507407188416 2.8288087844848633
-0.40920892357826233 0.42268460988998413 0.9038358926773071
0.4777370095252991 0.48631229996681213 -2.847525119781494
-0.49110573530197144 0.7341873645782471 2.7307939529418945
0.24876563251018524 0.659168541431427 -1.623393177986145
-0.019913647323846817 0.8606896996498108 2.3276331424713135
0.8850941061973572 0.6330681443214417 -1.759405255317688
-0.07589821517467499 0.8616943359375 -2.1289162635803223
0.7727084159851074 0.4105776250362396 -1.8735250234603882
-0.24381788074970245 0.1016804575920105 -2.3577513694763184
0.7468762397766113 0.4362773001194 -0.06923336535692215
-0.2989031672477722 0.4332754909992218 -1.9167311191558838
0.1836719512939453 0.6897605657577515 0.7579538822174072
0.7379797697067261 0.876332700252533 -0.6181883811950684
-0.4074087142944336 0.21315567195415497 2.0542538166046143
0.8222852945327759 0.4627261757850647 1.8068677186965942
-0.10779739916324615 0.30384355783462524 -2.201744556427002
-0.27302199602127075 0.8469964861869812 -2.9111931324005127
0.594292938709259 0.731205403804779 -2.9267802238464355
0.8399587869644165 0.0933624804019928 2.2911062240600586
0.7956210970878601 0.8819766044616699 1.9369301795959473
-0.28206372261047363 0.4451061487197876 -0.5864919424057007
0.4185292720794678 0.860799252986908 1.313605546951294
0.7120561599731445 0.4999154210090637 1.4027016162872314
0.021129488945007324 0.8088970184326172 0.39793163537979126
0.13211219012737274 0.7531667947769165 2.7355549335479736
0.8853797912597656 0.5188260078430176 2.9480669498443604
-0.059506334364414215 0.5297858119010925 -2.9572501182556152
-0.5118797421455383 0.7778537273406982 -0.3816366493701935
-0.3404046297073364 0.370867520570755 -1.2315664291381836
0.8634659647941589 0.4233390688896179 0.3882979452610016
0.6969465613365173 0.8634829521179199 -0.7353284358978271
-0.1848832070827484 0.8548871874809265 2.621061086654663
0.8571691513061523 0.6140753030776978 -2.149320125579834
0.1023564338684082 0.6107123494148254 2.010664224624634
-0.09420892596244812 0.8647251129150391 0.11448198556900024
-0.3214937746524811 0.8648172616958618 -1.7248797416687012
-0.44756996631622314 0.6764931678771973 -2.9121205806732178
-0.4374992847442627 0.8576337099075317 1.6770496368408203
-0.31905078887939453 0.8903377652168274 -2.2976086139678955
0.4236055910587311 0.686381459236145 0.7487015128135681
-0.529376745223999 0.5967676043510437 -0.6696619391441345
0.6615539789199829 0.5133866667747498 -0.9068726301193237
0.8443437814712524 -0.1637839674949646 -2.207423686981201
-0.12713758647441864 0.6485835313796997 -0.1882781684398651
0.13947415351867676 0.5515614151954651 -2.186798572540283
0.15325072407722473 0.8295820355415344 -0.4585881531238556
0.5629258751869202 0.4691677689552307 -2.1827290058135986
0.5299925804138184 0.8958739042282104 -2.5702197551727295
-0.1823585480451584 -0.12494644522666931 -2.1588573455810547
0.9079391956329346 0.5341042280197144 0.17358045279979706
-0.4404430389404297 0.45040643215179443 0.38047322630882263
0.5183556079864502 0.7731783986091614 -2.6766903400421143
0.9544901251792908 0.43027031421661377 2.6050164699554443
-0.3931448459625244 -0.2568843364715576 2.1063005924224854
-0.038209304213523865 0.775344729423523 -2.980835199356079
0.815029501914978 0.9006402492523193 -2.3395862579345703
0.3887232542037964 0.6790802478790283 1.2880645990371704
-0.5343188047409058 0.49277395009994507 1.4486130475997925
0.9199696183204651 0.7903572916984558 1.7741868495941162
0.5961543321609497 0.7802963852882385 -0.08380699902772903
0.3688691556453705 0.8567450642585754 0.9219415187835693
-0.3794444799423218 0.5001642107963562 -2.9673879146575928
0.08190924674272537 0.6772141456604004 1.3112670183181763
-0.17593593895435333 -0.06449611485004425 2.0942494869232178
-0.44607555866241455 0.48232531547546387 2.691455125808716
0.3868768513202667 0.8533022403717041 -2.3963687419891357
0.6587653756141663 0.4801247715950012 -1.2228646278381348
-0.03473518416285515 0.8608941435813904 -1.2311315536499023
0.8822399973869324 0.875921368598938 -0.5865501165390015
-0.10136425495147705 0.34291917085647583 -2.2916746139526367
-0.2918965220451355 0.37891653180122375 2.1313788890838623
0.5529212355613708 0.8809764385223389 -1.2811717987060547
0.9006110429763794 0.575921893119812 0.12254106998443604
0.44210803508758545 0.7320759296417236 -2.312762975692749
0.5617546439170837 0.8090161085128784 -0.2659912407398224
0.7723917961120605 0.4489753544330597 -2.9805350303649902
-0.041011497378349304 0.8386523723602295 0.19579747319221497
-0.4490507245063782 0.8381749987602234 1.436767816543579
0.292581170797348 0.6504148840904236 -2.044752597808838
0.70940762758255 0.9071761965751648 -1.1301631927490234
-0.3061271011829376 -0.18478305637836456 2.0458831787109375
-0.4205368161201477 0.8514257669448853 0.9999989867210388
0.7139665484428406 0.8392789363861084 0.8506691455841064
0.6172192692756653 0.20553767681121826 -2.2475898265838623
-0.18387624621391296 0.6774744987487793 -0.13416117429733276
-0.4886203408241272 0.41383543610572815 -2.502067804336548
0.7318492531776428 0.4728796184062958 1.0665158033370972
0.19850987195968628 0.8018341064453125 2.5255892276763916
-0.5199593901634216 0.7165853977203369 1.6332452297210693
-0.2540223002433777 0.8555337190628052 2.28725266456604
0.022752828896045685 0.688821017742157 -0.5999501347541809
0.1859765350818634 0.7058432102203369 1.3893578052520752
-0.44744348526000977 0.876931369304657 -2.8762683868408203
-0.07114361226558685 0.6686649322509766 -1.7708771228790283
-0.27708858251571655 0.5364599227905273 2.161449670791626
-0.2049444317817688 0.4539884328842163 -1.5178413391113281
0.004367940127849579 0.8704601526260376 1.8606538772583008
0.7264758348464966 -0.031207606196403503 -2.1834230422973633
0.6689275503158569 -0.17612633109092712 -2.384336233139038
-0.23636320233345032 0.7026673555374146 1.3731355667114258
0.16503314673900604 0.8322670459747314 0.5159909129142761
0.6172661781311035 0.8807175159454346 2.1117889881134033
-0.27665606141090393 0.38825297355651855 2.0447511672973633
0.855458676815033 0.5319713950157166 -2.7564492225646973
-0.478784441947937 0.7803001999855042 -2.2070274353027344
0.8284562826156616 0.40660232305526733 0.026845116168260574
0.12557852268218994 0.6713065505027771 1.0882498025894165
-0.244259312748909 0.5161672234535217 -0.25387731194496155
0.6516531109809875 0.6251182556152344 2.0379133224487305
0.6741470694541931 0.6751794815063477 1.5323221683502197
0.30319297313690186 0.8543213605880737 1.9006412029266357
-0.23410838842391968 0.7733249664306641 2.1864101886749268
-0.49640923738479614 0.44078904390335083 -0.3273124694824219
-0.09215396642684937 0.20410270988941193 -2.333997964859009
0.793242335319519 0.8956090807914734 -2.1581497192382812
0.7048215270042419 0.8850850462913513 -2.502401828765869
-0.2522670328617096 0.5372552871704102 0.09866976737976074
0.6864703893661499 0.27168700098991394 -2.2656877040863037
-0.5302338600158691 0.5823660492897034 -0.18152183294296265
0.6906110644340515 0.6388702392578125 1.3649488687515259
0.5481417179107666 0.6366182565689087 -0.3305174708366394
-0.0962289497256279 0.6432759761810303 -2.1924760341644287
-0.18706569075584412 0.47795307636260986 2.225304126739502
0.899316132068634 0.46859821677207947 -1.118129014968872
0.6282576322555542 0.6869898438453674 0.9017119407653809
-0.2801183760166168 0.4562397599220276 0.9845792651176453
0.9054473042488098 0.3565286695957184 2.1546149253845215
0.675068736076355 0.8785310983657837 2.6253128051757812
-0.5330955386161804 0.501619815826416 -2.7363038063049316
-0.16188979148864746 0.5758384466171265 -0.9555070400238037
0.8325223922729492 0.3967788815498352 -2.524851083755493
-0.20138093829154968 0.47125324606895447 -1.8031165599822998
0.8597304821014404 0.7304033041000366 -2.510348081588745
-0.10610842704772949 0.7816359996795654 2.3006386756896973
0.09642399847507477 0.3995966911315918 -2.2220511436462402
-0.040335189551115036 0.8791529536247253 2.786491870880127
-0.31221750378608704 0.4878750443458557 1.786838412284851
0.7988576889038086 0.8555198907852173 -2.0811805725097656
0.8645987510681152 0.6178231239318848 3.035630226135254
-0.10847073793411255 0.6574171781539917 -2.8851842880249023
0.4069135785102844 0.6653861999511719 2.490095615386963
0.15477021038532257 0.7958624362945557 1.1617494821548462
0.3138510584831238 0.8374208211898804 -1.9495148658752441
0.2728605270385742 0.7892855405807495 -2.709103584289551
-0.41023752093315125 0.4245065152645111 -1.3908201456069946
0.1990845501422882 0.674850583076477 -0.789249062538147
-0.5026558637619019 0.5768057107925415 0.8443431258201599
0.9309954643249512 0.7536474466323853 1.4313666820526123
0.24027708172798157 0.5002532601356506 -2.911165237426758
0.1236933022737503 0.7015824317932129 2.422015428543091
-0.5037211179733276 0.5031440258026123 1.0316940546035767
0.4689445495605469 0.6773349642753601 -0.9658473134040833
0.34230703115463257 0.823184609413147 0.14915648102760315
-0.3546562194824219 0.6597652435302734 2.401134490966797
0.8046237826347351 0.40937572717666626 -0.6446080207824707
0.17461341619491577 0.8323661684989929 -0.40429574251174927
-0.5296549797058105 0.814306378364563 2.5848824977874756
0.9703560471534729 0.3520830273628235 2.1282730102539062
-0.3694688677787781 0.38900288939476013 -0.41972681879997253
-0.1680387258529663 0.8777743577957153 -0.16251885890960693
0.8514226078987122 0.8456071019172668 -2.4387590885162354
0.32233184576034546 0.8451955318450928 1.7506228685379028
-0.5171753168106079 0.813640296459198 -0.590253472328186
0.8539757132530212 0.548667311668396 -2.297443151473999
-0.5027444958686829 0.8105695843696594 0.8822771310806274
0.8874693512916565 0.8394472002983093 -1.7081916332244873
-0.22916057705879211 0.8679279685020447 1.5763665437698364
-0.2550200819969177 -0.010328516364097595 2.2471518516540527
-0.385532021522522 0.8724616169929504 2.507040023803711
0.9191964864730835 0.6687986254692078 0.7729944586753845
0.9890561103820801 -0.12731806933879852 2.155911445617676
0.4866909682750702 0.8557659387588501 -1.825247049331665
0.9387314319610596 0.7506222724914551 1.4192503690719604
0.8348896503448486 0.7330015897750854 -2.0955896377563477
-0.5124714374542236 0.6593421697616577 2.072761297225952
-0.23695002496242523 0.5668863654136658 1.7477669715881348
0.08422058075666428 0.6480435132980347 -0.9855005145072937
0.7255650758743286 0.5625758171081543 -2.545931339263916
0.5454446077346802 0.8251298666000366 2.3659825325012207
0.8552872538566589 -0.10858902335166931 -2.2341527938842773
0.36224234104156494 0.8232715129852295 -0.8703963160514832
0.6143429279327393 0.8691295981407166 2.5056846141815186
0.7131896615028381 0.869905948638916 0.692916750907898
0.7443046569824219 0.4912336468696594 1.1915311813354492
0.04045846313238144 0.8012220859527588 -1.578066110610962
-0.4414881467819214 0.8611696362495422 -2.782107353210449
0.7854260206222534 0.8689191937446594 0.15128420293331146
0.425211101770401 0.6521024703979492 -1.7233673334121704
-0.1042390838265419 0.6952943801879883 0.15169379115104675
0.8998172283172607 0.5996853113174438 0.1608319878578186
0.8020743131637573 0.8751174211502075 1.4885990619659424
-0.5245961546897888 0.4454788565635681 -0.5191341638565063
0.4254276156425476 0.8564255833625793 1.4938421249389648
0.11002963781356812 0.8585229516029358 0.32399776577949524
0.2682848274707794 0.7198508977890015 2.1007182598114014
0.2266666442155838 0.8657696843147278 2.7139341831207275
-0.1054699718952179 -0.1458364874124527 2.1475298404693604
0.8866986036300659 0.6168025135993958 -1.4684624671936035
-0.271036833524704 0.8976168632507324 1.7499427795410156
0.9530202746391296 0.4031972587108612 2.584099531173706
-0.46506428718566895 0.42052119970321655 -2.15498423576355
0.12880395352840424 0.7677573561668396 2.1525497436523438
0.530533492565155 0.8232549428939819 -2.7950475215911865
-0.3765767514705658 0.6943256855010986 2.805978775024414
-0.39688193798065186 0.8858073949813843 -1.245243787765503
-0.28388363122940063 0.4606812000274658 1.6817857027053833
0.30137932300567627 0.8389852046966553 0.5867207646369934
-0.5151901841163635 0.6928857564926147 -1.0908466577529907
0.8767356276512146 0.8173069953918457 -2.734593152999878
-0.15939542651176453 0.5292452573776245 -2.0738205909729004
0.6475807428359985 0.8569937944412231 0.4707971513271332
-0.16819196939468384 0.6938369274139404 0.3356897830963135
-0.04493942856788635 0.4485853314399719 -2.896608352661133
0.8895202279090881 0.6374061703681946 -0.08210287988185883
0.7006805539131165 0.6711072325706482 2.689232349395752
-0.5199875831604004 0.5769897699356079 2.4889779090881348
0.8615736365318298 -0.13948076963424683 -2.3196375370025635
-0.4978228509426117 0.5196884274482727 2.760127305984497
0.5363009572029114 0.6094654202461243 -2.002595901489258
0.24979424476623535 0.6193330883979797 -2.7429471015930176
-0.29933950304985046 0.36392760276794434 -0.9905940890312195
0.8518881797790527 0.429178386926651 -0.7183302640914917
-0.5181453227996826 0.7557581663131714 -1.6836936473846436
0.6512121558189392 0.8713428974151611 -1.649623155593872
0.3701039254665375 0.680679440498352 0.714684009552002
-0.4832303822040558 0.8029583096504211 -0.03601601719856262
0.3948933780193329 0.8581653833389282 1.88936448097229
-0.1997944563627243 0.873223602771759 -2.0082335472106934
-0.41961556673049927 0.8819063901901245 -1.1563739776611328
-0.041162461042404175 0.6964367628097534 -2.7254388332366943
-0.012358881533145905 0.8211281299591064 2.2774136066436768
0.8962998986244202 0.4842109680175781 1.6059999465942383
-0.3957047164440155 0.4093557298183441 -1.3704679012298584
0.8529711365699768 0.7074235677719116 -2.899409294128418
0.4579513669013977 0.7859950661659241 2.21311616897583
0.7795454263687134 0.4991253912448883 1.8326724767684937
-0.4419088363647461 0.8370290994644165 -0.3201066851615906
-0.034252144396305084 0.6424254179000854 -2.9506092071533203
0.6872730851173401 0.14175385236740112 -2.208059310913086
0.3527241349220276 0.683551013469696 0.32064542174339294
0.6354024410247803 0.8722507357597351 2.540335178375244
0.24577438831329346 0.6882755756378174 -1.2249704599380493
-0.4986368715763092 0.8615025281906128 2.5271921157836914
-0.5051978826522827 0.8256590962409973 2.19488263130188
0.7589020133018494 0.17676883935928345 2.0960350036621094
0.7086706757545471 0.5922679901123047 2.0964717864990234
-0.17899540066719055 0.8662629127502441 0.2481793463230133
0.8477554321289062 0.673916757106781 2.073119878768921
0.409740686416626 0.6660687923431396 1.9943424463272095
-0.510050892829895 0.48899686336517334 0.38157033920288086
-0.23579134047031403 -0.28176018595695496 2.281325340270996
0.30902689695358276 0.8343730568885803 -1.8759175539016724
-0.48855432868003845 0.644959568977356 0.6392415761947632
0.2221900224685669 0.6711667776107788 -1.5821565389633179
-0.05307317525148392 0.8205509781837463 -2.9524171352386475
-0.32493820786476135 0.4056764245033264 -0.8783748745918274
-0.48189613223075867 0.44375094771385193 -0.3854699730873108
0.6710984706878662 0.6013532280921936 2.9131178855895996
0.3146466612815857 0.8436328172683716 0.08717405796051025
-0.12631258368492126 0.8749720454216003 0.3866398334503174
0.2938133180141449 0.6883214712142944 -0.3573701083660126
0.07859764248132706 0.6564165353775024 2.760645627975464
0.1880096197128296 0.8786520957946777 -2.452068328857422
-0.47074446082115173 0.4542006254196167 -1.2832404375076294
0.1377703696489334 0.7156076431274414 -2.952408790588379
0.9083595871925354 0.45877453684806824 1.0387228727340698
0.23222966492176056 0.7796280980110168 -1.2195326089859009
0.7833459973335266 0.43887367844581604 -1.7483549118041992
0.3424457907676697 0.860660195350647 0.36988282203674316
-0.1949426531791687 0.5635645389556885 -1.3650048971176147
0.5646126866340637 0.8566771149635315 -2.691869020462036
-0.49749043583869934 0.6990749835968018 1.2469490766525269
0.1663629561662674 0.9042184352874756 2.2373125553131104
-0.24768099188804626 0.8631324768066406 0.8750594854354858
0.5438371896743774 0.8507144451141357 1.274936318397522
0.29224756360054016 0.7825532555580139 -2.9697773456573486
0.24986857175827026 0.6747549772262573 0.3383122980594635
0.6801052093505859 0.5323450565338135 -0.20351649820804596
-0.31803107261657715 0.9149050116539001 1.485740065574646
-0.2578149735927582 0.925065279006958 -1.8730608224868774
-0.28334856033325195 0.8506826162338257 1.6430997848510742
0.480882465839386 0.866643488407135 2.7722327709198
0.4110528230667114 0.8153718709945679 -0.6856537461280823
-0.5047051906585693 0.5175541639328003 -1.6263017654418945
0.7199432849884033 0.3801969587802887 -0.40272843837738037
0.19998303055763245 0.48069825768470764 -2.1759681701660156
-0.24397140741348267 0.6393371224403381 1.6189661026000977
0.2887633144855499 0.8463189005851746 -0.4225881099700928
-0.5161306858062744 0.5030088424682617 1.88025963306427
-0.3702746331691742 0.42396318912506104 -0.8581969141960144
-0.5165953636169434 0.7857428789138794 0.9418985843658447
0.2314491719007492 0.8255369663238525 -1.9672455787658691
0.2447328269481659 0.8344507217407227 -2.307001829147339
0.6267937421798706 0.5249615907669067 -2.9454405307769775
0.19297532737255096 0.6714766025543213 2.368988275527954
0.9602736830711365 0.6240784525871277 2.7018179893493652
-0.15044745802879333 0.5478533506393433 -2.440999746322632
0.7375311851501465 0.19973623752593994 -2.4034690856933594
0.7233632802963257 0.6899876594543457 2.6868302822113037
-0.11862988770008087 0.20516571402549744 -2.2369208335876465
0.727652370929718 0.44149571657180786 -0.5925440788269043
0.963252067565918 0.623301088809967 2.719531536102295
0.7353726625442505 0.9402994513511658 1.7874677181243896
-0.12540709972381592 0.8253645896911621 -1.573235034942627
-0.19173170626163483 0.8916716575622559 2.81302809715271
0.7423004508018494 0.5168615579605103 -2.9902873039245605
0.05958328768610954 0.8287960290908813 -0.3470691442489624
-0.5101038813591003 0.5004772543907166 2.449429512023926
-0.06858161091804504 0.5288807153701782 2.0629374980926514
0.16081178188323975 0.7251281142234802 2.683159351348877
0.38180404901504517 0.8879583477973938 2.8841209411621094
0.15090514719486237 0.7400360107421875 1.5952821969985962
0.7205001711845398 0.37138980627059937 2.091214656829834
0.3510817587375641 0.8433730602264404 2.639240026473999
0.5240455269813538 0.8782974481582642 -2.4366273880004883
0.10728931427001953 0.8487367630004883 0.8723595142364502
-0.4892270863056183 0.8356677889823914 1.8633173704147339
0.7633295655250549 0.5474751591682434 2.913346290588379
-0.25226491689682007 0.5923281908035278 0.8885593414306641
-0.11269302666187286 0.6848846673965454 2.523421287536621
-0.015527386218309402 0.640897274017334 1.8080573081970215
0.047958001494407654 0.6607698798179626 1.7446972131729126
0.48782843351364136 0.8811286091804504 1.1146904230117798
0.892139732837677 0.8257138729095459 -1.5934516191482544
0.03620216250419617 0.7097048163414001 -0.1553853154182434
0.6260924339294434 0.7360520362854004 -0.2654246389865875
-0.2843322157859802 0.9127281308174133 0.9396599531173706
0.20483210682868958 0.8384785652160645 -0.3203659653663635
0.5646569728851318 0.864017128944397 -1.1155732870101929
0.5309985876083374 0.6865274906158447 -2.923449754714966
-0.21013852953910828 0.7302955389022827 1.445044755935669
0.17271582782268524 0.6766749620437622 -1.4509682655334473
-0.2571563422679901 0.5307694673538208 1.2400263547897339
-0.5073072910308838 0.8150371313095093 0.8845804929733276
0.2700876295566559 0.6757470369338989 -0.7903318405151367
0.6932586431503296 0.4539734125137329 -0.4120762050151825
0.2582586407661438 0.857903003692627 -2.692087173461914
0.48778557777404785 0.6405541896820068 0.29144006967544556
0.7403978109359741 0.861237645149231 1.7200806140899658
-0.5085568428039551 0.61199951171875 -2.6923434734344482
0.11289207637310028 0.670651912689209 -1.306542992591858
0.19238923490047455 0.7117365598678589 2.7346973419189453
0.9303827881813049 0.23755717277526855 2.3593509197235107
0.6250905394554138 0.7294442057609558 0.7144853472709656
-0.510168194770813 0.7735240459442139 -0.2511301338672638
-0.5393465161323547 0.431430459022522 -2.7891435623168945
-0.4696393311023712 0.8368808031082153 0.7758556008338928
-0.19151800870895386 -0.3531067371368408 2.133521318435669
-0.5141094923019409 0.5920323729515076 -2.5478384494781494
0.5831097364425659 0.7684070467948914 1.9752333164215088
0.4753618836402893 0.6571074724197388 0.5701156854629517
0.10222544521093369 0.6781853437423706 -1.638603925704956
0.9299171566963196 0.7762254476547241 0.9435750246047974
0.8970099091529846 0.8183725476264954 0.37289202213287354
-0.4972299635410309 0.6894397139549255 -0.5785093307495117
-0.373812735080719 0.8646019697189331 1.3554234504699707
0.9058844447135925 0.4662434160709381 -0.7385169863700867
-0.2906757891178131 0.8789783716201782 1.397166132926941
0.9537361860275269 0.541181206703186 1.4587992429733276
0.19051708281040192 0.8459867238998413 -2.636789321899414
0.8527215719223022 -0.23252901434898376 -2.250278949737549
0.6577831506729126 0.4584945738315582 -1.1395517587661743
0.8956654071807861 0.4697386920452118 1.0545599460601807
0.8057523369789124 0.528822124004364 -2.400719404220581
0.6661554574966431 0.8875582218170166 2.8936851024627686
0.02075004205107689 0.8376355171203613 0.49039798974990845
-0.03599819540977478 0.758316159248352 2.5353095531463623
0.31962424516677856 0.8330639004707336 -2.692927360534668
-0.06481471657752991 0.8810785412788391 -2.3880043029785156
0.35621023178100586 0.5792940855026245 -2.3354592323303223
0.7278661131858826 0.4537227749824524 2.8410444259643555
-0.2434152364730835 0.901190996170044 -0.5632937550544739
0.5356768369674683 0.860985279083252 -2.218226432800293
-0.3340586721897125 0.20240211486816406 -2.0897085666656494
0.7091410756111145 0.8673181533813477 0.545470654964447
0.34638044238090515 0.6721866130828857 -0.18829724192619324
-0.4293658435344696 0.8424988985061646 0.44352126121520996
0.6611135005950928 0.6623280048370361 -2.152585983276367
0.022039376199245453 0.559791088104248 -2.7434747219085693
0.327176034450531 0.833276093006134 -0.8783859610557556
0.7709500789642334 0.48026806116104126 2.662829875946045
0.7679874897003174 0.8473436832427979 0.9269348978996277
-0.2709549069404602 -0.15160442888736725 2.0602540969848633
0.62679123878479 0.6855953335762024 2.0032825469970703
0.9006577730178833 0.7112788558006287 0.4710491895675659
0.6562079787254333 0.3332962393760681 -2.3956687450408936
0.9370027780532837 0.4923710823059082 1.1228612661361694
0.2243279367685318 0.8323631286621094 -2.1917166709899902
-0.36199361085891724 0.4697549641132355 2.61666202545166
0.9015947580337524 0.6752805709838867 -0.8542951941490173
-0.25051823258399963 -0.08284428715705872 2.252028465270996
0.6656234264373779 0.416472464799881 -1.2987871170043945
0.35806092619895935 0.6524180173873901 2.3085672855377197
0.658575713634491 0.8681544065475464 -2.3384721279144287
0.34401875734329224 0.6998595595359802 2.1498281955718994
-0.31149592995643616 0.8833504915237427 -2.8359789848327637
-0.14125847816467285 0.9006044864654541 -0.49461305141448975
0.39423930644989014 0.6598418951034546 1.230651617050171
-0.5298980474472046 0.7795732021331787 -2.78912615776062
0.9010622501373291 0.4957316219806671 -0.902378261089325
0.20881405472755432 0.7126699686050415 -1.7876038551330566
-0.22216151654720306 0.8596144914627075 0.16732057929039001
-0.24621552228927612 0.39867180585861206 -2.1291849613189697
-0.52914959192276 0.5321280360221863 2.379777669906616
0.08674194663763046 0.6939224600791931 -2.932473659515381
-0.3636101484298706 0.8449221849441528 0.6857057213783264
-0.4642693102359772 0.4674943685531616 1.1868524551391602
0.06825745105743408 0.6748188138008118 2.3260738849639893
-0.19588187336921692 0.6322569847106934 -0.125505730509758
-0.37184762954711914 0.8866117596626282 -2.509536027908325
-0.2463725507259369 0.8042997121810913 1.830578088760376
-0.4968506097793579 0.7814996838569641 0.5380322337150574
0.8252477049827576 0.46308693289756775 1.3684120178222656
0.19318251311779022 0.6501398086547852 -2.916952133178711
-0.20996874570846558 0.7403181791305542 -2.648576021194458
-0.3484160900115967 0.871686577796936 1.3054784536361694
-0.007408741861581802 0.6896051168441772 -0.47933074831962585
0.27623558044433594 0.8477119207382202 -0.8390565514564514
-0.48865383863449097 0.45039212703704834 -1.9549345970153809
-0.268187552690506 0.5041247606277466 -0.26430854201316833
-0.1492120772600174 0.8636866211891174 0.6539528965950012
0.8452056646347046 -0.1480329930782318 -2.347895383834839
0.06907213479280472 0.6465921401977539 1.8509654998779297
-0.3130160868167877 0.4928678274154663 1.816226840019226
-0.5262847542762756 0.5819638967514038 -0.45656904578208923
0.8572245240211487 0.4110381603240967 -2.6883058547973633
-0.016781046986579895 0.8805765509605408 1.8615660667419434
0.42680758237838745 0.6972957849502563 2.316504955291748
-0.4263637959957123 0.8584749698638916 -1.2911983728408813
0.26164740324020386 0.6725481748580933 -1.6529419422149658
-0.18004973232746124 0.8578828573226929 -2.873875379562378
0.26639559864997864 0.7331790924072266 2.1888835430145264
-0.48653677105903625 0.8222402334213257 1.9355698823928833
-0.16117842495441437 0.8642432689666748 -1.1192713975906372
-0.4895501136779785 0.4246501624584198 -2.3556878566741943
0.5040056705474854 0.6632280349731445 -1.2613557577133179
0.7778029441833496 0.8631669282913208 0.7601486444473267
-0.4189775884151459 0.6399432420730591 2.6147232055664062
0.9727230072021484 -0.0385698527097702 2.1763243675231934
-0.26725974678993225 0.5370038747787476 1.7997390031814575
-0.28241071105003357 0.263054221868515 -2.0737242698669434
0.4800359606742859 0.7583709955215454 1.673218846321106
-0.5247619152069092 0.5653892755508423 -0.16313421726226807
-0.2666097581386566 0.5261284708976746 1.613895297050476
-0.13351686298847198 0.9190462827682495 0.13467232882976532
-0.5354743003845215 0.5343430042266846 -2.6097869873046875
0.6813592314720154 0.19643543660640717 -2.4161829948425293
0.7024814486503601 0.48652830719947815 0.569167971611023
0.20323124527931213 0.6622917652130127 -1.2995128631591797
-0.513131320476532 0.8284475803375244 -2.6769120693206787
0.1493089199066162 0.8142786026000977 0.20307189226150513
0.8276894688606262 0.8661559224128723 -2.345261335372925
0.19796285033226013 0.627639889717102 -1.8235467672348022
-0.09274221956729889 0.6980972290039062 1.2858165502548218
0.6231019496917725 0.4640352427959442 -2.1461777687072754
-0.5068795680999756 0.5031191110610962 0.036773573607206345
0.7296218276023865 -0.13213694095611572 -2.1792385578155518
0.7183451652526855 0.9119167327880859 1.6532447338104248
0.7759922742843628 0.4509364068508148 1.9777657985687256
-0.48262304067611694 0.7026368379592896 0.9034257531166077
-0.21258780360221863 0.5204174518585205 -0.8530091643333435
-0.5108209848403931 0.7615152597427368 -2.2394094467163086
-0.3887102007865906 0.8711996078491211 1.6743117570877075
-0.5219767093658447 0.5685503482818604 1.7594727277755737
0.3791777491569519 0.6753903031349182 -0.4689352214336395
-0.14854906499385834 0.8770129680633545 -1.3637605905532837
-0.378307044506073 0.8866842985153198 2.5892105102539062
-0.2714845836162567 -0.20004117488861084 -2.172292947769165
0.252305269241333 0.8391138315200806 1.862801194190979
0.08167745172977448 0.6761091947555542 -1.5109378099441528
0.01614822819828987 0.747935950756073 -0.47266653180122375
-0.4076487720012665 0.2175174504518509 2.0526933670043945
-0.24457654356956482 0.44088447093963623 -1.3644318580627441
-0.1364353895187378 0.7999410033226013 1.037658452987671
0.04109755903482437 0.8715265989303589 1.7397232055664062
0.6398125886917114 0.6770143508911133 1.197007417678833
0.7440208196640015 0.36458465456962585 -2.7483859062194824
-0.5131282210350037 0.48234233260154724 -2.539320945739746
-0.15416721999645233 0.6321052312850952 -1.883392333984375
0.8724542856216431 0.4157435894012451 0.6644070148468018
-0.5105686783790588 0.6727555394172668 -1.5326482057571411
-0.1875598132610321 0.28448164463043213 -2.1474356651306152
0.26888108253479004 0.8793202638626099 1.9822980165481567
-0.5153927803039551 0.5541797876358032 -1.5523231029510498
0.3331977427005768 0.8461286425590515 -0.856663167476654
-0.43288999795913696 0.7875845432281494 -0.26148414611816406
0.8162258863449097 0.8603693246841431 -0.11578958481550217
0.791867196559906 0.4211183786392212 2.6830174922943115
0.12720811367034912 0.7535257339477539 1.6539137363433838
-0.38280194997787476 0.39822202920913696 -0.2943771481513977
-0.22704565525054932 0.8564622402191162 0.46400198340415955
0.8925719261169434 0.8219484090805054 1.8509101867675781
0.8270704746246338 0.55269455909729 -1.411415457725525
-0.10714761912822723 0.8783818483352661 -2.6880674362182617
-0.27667152881622314 0.46565914154052734 0.8262084126472473
0.139157235622406 0.6451717019081116 -1.1189773082733154
0.6103546619415283 0.7480229735374451 2.229384422302246
-0.5033774375915527 0.7217484712600708 2.2629404067993164
0.667823076248169 0.8789615631103516 0.1911259889602661
-0.46756279468536377 0.5219847559928894 2.7560863494873047
0.07522859424352646 0.6554167866706848 -1.1504472494125366
-0.062285616993904114 0.7397581338882446 -2.7488315105438232
-0.5184738636016846 0.6197552680969238 0.24572822451591492
0.952684760093689 0.6535487771034241 2.1584999561309814
0.9554314613342285 0.1726333200931549 2.296550750732422
0.4883490204811096 0.6730818152427673 -0.7611932158470154
0.9253615736961365 0.7639657258987427 1.987914800643921
-0.4392644166946411 0.6445097923278809 2.3868236541748047
0.09400899708271027 0.703355610370636 -0.13332797586917877
0.46674594283103943 0.3484598994255066 -2.2248218059539795
0.3164295554161072 0.7484567761421204 -0.9774858355522156
0.4347008764743805 0.8594529032707214 -2.9056179523468018
-0.5384461283683777 0.4396038353443146 -2.910327911376953
0.5030231475830078 0.8579691052436829 0.4645288586616516
-0.09235739707946777 0.9251238107681274 -0.33568495512008667
-0.11685952544212341 0.7533875107765198 1.9251028299331665
0.6825125217437744 0.5617551803588867 -0.3590473532676697
0.9192636013031006 0.8000487685203552 1.9535953998565674
0.6595322489738464 0.5693994760513306 -1.2005170583724976
-0.5167907476425171 0.7271628379821777 1.545653223991394
0.767270565032959 0.37406063079833984 2.0738096237182617
0.5474923849105835 0.8860384225845337 -1.8833091259002686
-0.4769887328147888 0.848383367061615 0.7342581748962402
0.07326453179121017 0.6359219551086426 1.6393221616744995
0.7074341177940369 0.8623768091201782 -0.27519136667251587
-0.04980175942182541 0.41319456696510315 -2.218627691268921
0.9336901903152466 0.7232428193092346 1.857516884803772
0.1333528459072113 0.6790766716003418 -2.8137617111206055
0.9243854284286499 0.7696354389190674 0.8554718494415283
-0.3813574016094208 0.8900685906410217 -0.7736709117889404
-0.39159294962882996 0.7731190323829651 2.6293909549713135
0.7072734236717224 0.6282203793525696 2.80470609664917
0.9099839329719543 0.6511334776878357 0.681927502155304
0.5655062794685364 0.8690876364707947 2.72717022895813
-0.5125880837440491 0.504347562789917 1.7106436491012573
-0.08793306350708008 0.7022930383682251 0.3724921643733978
0.12874135375022888 0.6019254922866821 -2.513903856277466
0.28915277123451233 0.6588740944862366 2.936816692352295
0.5239349007606506 0.6904375553131104 -1.9804887771606445
0.763903021812439 0.8658635020256042 0.8513458371162415
0.6999934911727905 0.4334586560726166 -0.8183677196502686
-0.14140689373016357 0.6811913251876831 1.2430346012115479
-0.44000503420829773 0.4376249611377716 -1.629123568534851
0.8745182752609253 0.41961464285850525 -1.1054891347885132
-0.5146541595458984 0.7846381068229675 1.448177456855774
-0.15982124209403992 0.531224250793457 -2.0993494987487793
-0.20380033552646637 0.5363037586212158 -0.7554371953010559
-0.0988679975271225 -0.10985404253005981 -2.464266538619995
-0.21051692962646484 0.8332189917564392 2.632829427719116
-0.534114420413971 0.49768680334091187 -0.7384164333343506
0.7302362322807312 0.8822324275970459 2.5248594284057617
-0.11271263659000397 0.43086177110671997 -2.610879898071289
-0.3486659824848175 0.40786126255989075 -1.4253312349319458
0.6230258941650391 0.7133887410163879 0.8429856300354004
0.5554171800613403 0.6124343276023865 0.3187554180622101
0.2633790969848633 0.7172479033470154 0.37032052874565125
0.2557756006717682 0.5308042168617249 -2.67124342918396
0.22260142862796783 0.7936034202575684 -1.6537851095199585
-0.2603786587715149 0.5644576549530029 1.559613823890686
0.43457528948783875 0.7504050135612488 1.9690077304840088
0.8998221158981323 0.5131199359893799 -0.06894758343696594
0.11953945457935333 0.6927199363708496 -0.4882449209690094
0.8452436923980713 0.8400663137435913 0.45905935764312744
0.8559144139289856 0.6863514184951782 -1.7833261489868164
0.5886343717575073 0.729284405708313 -0.3154703974723816
0.9184126853942871 0.7539709210395813 2.306948661804199
0.7187289595603943 0.8696480393409729 0.1787143498659134
0.45384442806243896 0.8249789476394653 -1.673012137413025
-0.12014292180538177 0.6589715480804443 -1.9031552076339722
-0.06224159896373749 0.7975659370422363 -0.20726537704467773
-0.1362965703010559 0.9087144136428833 -0.5418254733085632
0.872757077217102 0.4392923414707184 0.7778920531272888
0.8772266507148743 0.4997837543487549 -2.5382602214813232
0.8662790060043335 0.8667086362838745 0.9247947931289673
-0.5157655477523804 0.6124941110610962 -0.4334043562412262
-0.06706160306930542 0.870293915271759 1.1523809432983398
0.18959641456604004 0.6780391931533813 1.173913598060608
0.9058455228805542 0.5652056336402893 0.2619943916797638
-0.41709986329078674 0.874122142791748 -0.619361937046051
-0.02401135116815567 0.6386294364929199 2.1075727939605713
-0.11462479829788208 -0.3201269805431366 2.1347386837005615
-0.11232677102088928 0.4933478832244873 -2.956695079803467
0.8906474709510803 0.7040789127349854 -1.3857040405273438
0.33094522356987 0.6597004532814026 2.1555657386779785
0.23476143181324005 0.8190011978149414 -1.992329716682434
-0.1340569108724594 0.6714820265769958 -0.29669490456581116
0.263235479593277 0.6728692054748535 -1.9926024675369263
0.48910143971443176 0.6730723977088928 2.266935110092163
0.735496997833252 0.5528824329376221 2.344269037246704
0.7632807493209839 0.839230477809906 0.687913179397583
0.8472426533699036 0.8670701384544373 1.7450302839279175
0.5479569435119629 0.8679265379905701 -2.10514760017395
0.5938364267349243 0.4276643991470337 -2.91670560836792
-0.08884602785110474 0.5185266137123108 1.9851605892181396
0.11132283508777618 0.8588689565658569 0.8886427879333496
-0.07415106892585754 0.15751484036445618 -2.3579773902893066
0.7099621295928955 0.8808245658874512 2.0667059421539307
0.05067557841539383 0.841154932975769 2.725275754928589
0.9311632513999939 0.4895843267440796 0.9840711951255798
0.9028408527374268 0.7723631858825684 0.3119019865989685
0.1819797307252884 0.8034301996231079 -1.0769729614257812
0.6443583369255066 0.8524743914604187 1.110747218132019
-0.02653965726494789 0.8560946583747864 -1.1447408199310303
0.9025582075119019 0.5610108375549316 0.12286403775215149
0.8441119194030762 0.5818207263946533 -2.8128294944763184
-0.19113382697105408 0.7261173129081726 2.67203426361084
0.6351696848869324 0.6336959600448608 2.227667808532715
-0.25164681673049927 0.6954619884490967 -2.6399459838867188
-0.06975401937961578 0.8768913745880127 -0.27260956168174744
-0.17383761703968048 0.41488271951675415 -2.1505544185638428
-0.12333062291145325 0.6662606000900269 2.7293241024017334
-0.40385961532592773 0.8657711148262024 1.1469124555587769
0.04512174054980278 0.8422656059265137 0.1045808494091034
0.33205151557922363 0.8779827952384949 2.5257768630981445
-0.4096580743789673 0.41922345757484436 1.3389248847961426
0.21288630366325378 0.6837400197982788 -0.39172986149787903
-0.511869490146637 0.813820481300354 1.1756359338760376
0.8993605971336365 0.541917085647583 -0.6235459446907043
-0.28620168566703796 0.4155562222003937 -1.5098434686660767
-0.5071130394935608 0.7438732385635376 -2.576011896133423
-0.0678192675113678 0.7756189107894897 1.0081931352615356
-0.2955058813095093 -0.2177678346633911 2.2656102180480957
0.5076619982719421 0.7804579734802246 -1.3360873460769653
0.09513166546821594 0.4648565649986267 -2.3040881156921387
0.4205167591571808 0.6756850481033325 2.7886595726013184
-0.21462857723236084 0.8553991317749023 2.44433856010437
-0.5047985315322876 0.5733088254928589 -1.96738600730896
0.9876793622970581 -0.2678121328353882 2.1929383277893066
-0.5176194906234741 0.7284221649169922 2.7079639434814453
-0.41661643981933594 0.41865912079811096 -1.1698100566864014
-0.02230197563767433 0.7495105266571045 -1.6027278900146484
0.5611350536346436 0.6172025799751282 -0.6842403411865234
0.42622774839401245 0.8609707951545715 -1.6063650846481323
0.9261988997459412 0.01818099617958069 2.132481336593628
0.07378915697336197 0.8502922058105469 -0.8311323523521423
-0.5154110193252563 0.7321571707725525 -2.1422524452209473
0.13875792920589447 0.8135854005813599 1.7160682678222656
-0.02738083153963089 0.8153064250946045 0.3696656823158264
0.8398526310920715 0.4386281371116638 1.0040193796157837
-0.5205368995666504 0.7721949815750122 -0.371488094329834
0.9511889219284058 0.7251109480857849 2.39886736869812
0.1830824762582779 0.6978650093078613 -0.35482126474380493
0.7996838092803955 -0.24910762906074524 2.273090362548828
0.36429134011268616 0.7621455192565918 2.958662271499634
-0.49625450372695923 0.8253317475318909 1.6654471158981323
0.8273856043815613 0.8967825770378113 -1.5550312995910645
-0.2252756655216217 0.5065479278564453 -0.7158475518226624
0.6014321446418762 0.6772051453590393 -1.3840574026107788
-0.18357330560684204 -0.3585650324821472 2.2524330615997314
0.11864635348320007 0.44661617279052734 -2.173603057861328
-0.06625405699014664 0.6756981611251831 -1.0447633266448975
-0.5051898956298828 0.8013519048690796 -1.2463607788085938
0.8021226525306702 0.46103259921073914 1.0835850238800049
0.9263573884963989 0.19433829188346863 2.1419553756713867
0.7917455434799194 0.8642855286598206 -1.0030090808868408
0.06275646388530731 0.6893359422683716 -0.028899673372507095
0.035915303975343704 0.6242343187332153 2.0454111099243164
0.6628937125205994 0.6044990420341492 1.2293189764022827
0.7373691201210022 0.5454820394515991 1.7650095224380493
-0.41239792108535767 0.8796457648277283 -2.436108350753784
0.04354371875524521 0.6906911134719849 -0.10245401412248611
-0.00999492034316063 0.6774418950080872 2.950368881225586
0.2178577184677124 0.7435119152069092 0.28796130418777466
0.7549238204956055 0.12049775570631027 2.206052780151367
0.5986413955688477 0.6082465648651123 -0.5122664570808411
0.13002784550189972 0.6988033056259155 0.03133373335003853
0.2023862600326538 0.7378754615783691 2.460937261581421
0.11422577500343323 0.6738393902778625 -0.4713836908340454
0.5352564454078674 0.8717581629753113 0.14553602039813995
0.8923926949501038 0.43383699655532837 -2.319014310836792
-0.45442619919776917 0.42531052231788635 -1.4022245407104492
0.3395187258720398 0.6236214637756348 -2.1335997581481934
0.2820468246936798 0.6672557592391968 2.5344996452331543
0.6905046701431274 0.9290266036987305 -1.802101969718933
0.9168523550033569 0.8358311653137207 2.380255699157715
-0.4122557044029236 0.879072368144989 2.222907781600952
-0.4481368958950043 0.38256892561912537 1.345962405204773
0.6348203420639038 0.4142898917198181 -2.3759541511535645
-0.14207777380943298 0.7909980416297913 3.00882625579834
-0.4232502281665802 0.8597185611724854 -0.32800593972206116
-0.3052624464035034 0.36011645197868347 -2.0940260887145996
0.31869930028915405 0.8381292819976807 -1.4906688928604126
-0.4081842303276062 0.8496679067611694 -0.32248514890670776
-0.26590272784233093 0.537625789642334 0.2895665764808655
0.5481019616127014 0.7958501577377319 2.103461980819702
0.19785016775131226 0.6672002673149109 1.5313992500305176
-0.2015458345413208 0.719291090965271 1.8040707111358643
-0.07770024985074997 0.8890036940574646 2.940268039703369
-0.3490873873233795 -0.13310211896896362 2.2427804470062256
0.886509120464325 0.8307812809944153 -0.49733641743659973
0.8262442350387573 0.8732247948646545 -1.9314830303192139
0.2716591954231262 0.8322668671607971 2.0205979347229004
-0.16702888906002045 0.4895281493663788 -1.4918781518936157
0.3203258514404297 0.7200794816017151 -0.8267551064491272
-0.4915376305580139 0.7681271433830261 2.214273691177368
0.27161675691604614 0.6378487348556519 1.823905110359192
-0.48142191767692566 0.47111424803733826 0.3482675850391388
-0.27181118726730347 0.4434572160243988 -0.5138145685195923
0.8293684720993042 0.6756497025489807 -2.075885534286499
-0.44857779145240784 0.46472543478012085 0.7453092932701111
0.7841366529464722 0.8546844720840454 0.5996931791305542
-0.33122870326042175 0.9034161567687988 -1.4467111825942993
0.9207444190979004 0.00575651228427887 2.2882065773010254
0.8971937894821167 0.8668011426925659 2.938934326171875
0.6414774656295776 0.63918137550354 1.888655424118042
-0.5093293190002441 0.7039795517921448 -2.5407791137695312
-0.5127962231636047 0.4434446096420288 -1.936158537864685
-0.28975290060043335 0.555833637714386 2.736758232116699
0.005569379776716232 0.7757062911987305 2.6593291759490967
0.640758216381073 -0.21173131465911865 -2.339937448501587
0.6591002941131592 0.6378791332244873 1.277770757675171
0.4823848009109497 0.6640468835830688 -0.30039507150650024
-0.23609688878059387 0.9032187461853027 -0.37571778893470764
0.7044591903686523 0.8498258590698242 1.0213392972946167
0.5104535818099976 0.7140380144119263 1.062936544418335
0.9075267314910889 0.4592565894126892 0.4545830190181732
-0.24467405676841736 0.5977671146392822 1.2278342247009277
-0.21014559268951416 0.8832639455795288 -2.7145395278930664
0.25466543436050415 0.7719241380691528 -1.483660101890564
0.8514997959136963 0.4655216634273529 -1.8140145540237427
0.8858475685119629 0.7579352855682373 -0.03923281282186508
0.5258734226226807 0.733897864818573 -0.21413180232048035
-0.4922536611557007 0.8110802173614502 0.34079086780548096
0.07779166847467422 0.6749625205993652 1.2045915126800537
0.9604576826095581 0.40552690625190735 2.4284026622772217
0.6720430254936218 0.34598302841186523 -2.220658302307129
0.5947714447975159 0.7365000247955322 -2.951047658920288
0.9701193571090698 0.46324631571769714 2.888321876525879
-0.507308304309845 0.5558289289474487 1.3218508958816528
0.930212676525116 0.7191826701164246 1.2782504558563232
-0.46607357263565063 0.8182072639465332 2.2076737880706787
0.9386212825775146 0.5379884243011475 1.3270082473754883
-0.2809794247150421 0.4959273934364319 1.8454244136810303
0.5319767594337463 0.9021629095077515 -2.2782318592071533
-0.1674787551164627 0.8807172775268555 1.849172830581665
0.8522651791572571 0.6528087258338928 -2.8867714405059814
-0.21567122638225555 0.5317454934120178 -0.9184987545013428
0.8401955366134644 0.5028393268585205 -2.496396064758301
0.7088992595672607 -0.2277623414993286 -2.2181026935577393
-0.5074201822280884 0.8015297055244446 -2.0696358680725098
0.6884223818778992 0.579848051071167 2.2083747386932373
-0.51768958568573 0.7495644688606262 2.081845998764038
0.593921422958374 0.6682124137878418 -1.4630168676376343
-0.09844259172677994 0.6411332488059998 -0.9719313979148865
-0.15354233980178833 0.8512725830078125 2.1644718647003174
0.8290424346923828 0.4167737364768982 -0.17977280914783478
0.1797797530889511 0.8053181171417236 2.7036101818084717
0.08066794276237488 0.7563693523406982 -2.6997244358062744
-0.42635732889175415 0.8704032301902771 -1.3449753522872925
0.17034204304218292 0.6601969599723816 1.723318099975586
0.8172063827514648 0.8790220022201538 -1.0803178548812866
-0.14509440958499908 0.725158154964447 2.130690097808838
-0.45018675923347473 0.857783854007721 -2.855828046798706
0.3267427682876587 0.8641090989112854 1.8266454935073853
0.48512184619903564 0.7721977233886719 -1.276396632194519
-0.25038209557533264 0.522653341293335 1.9871479272842407
-0.11354455351829529 0.6782408952713013 2.0332083702087402
-0.41825053095817566 0.42891648411750793 1.2146049737930298
-0.05745908245444298 0.8383815884590149 1.1498594284057617
-0.4860638678073883 0.44640690088272095 -1.3941751718521118
0.6801935434341431 0.5289876461029053 0.5446410179138184
0.7650387287139893 0.47454193234443665 1.0587446689605713
-0.325765997171402 0.19443683326244354 -2.135016679763794
0.1938149482011795 0.8254357576370239 2.773258686065674
0.7675982117652893 0.5193132162094116 -2.978316307067871
0.5237990617752075 0.7004688382148743 0.6689541339874268
0.5062108039855957 0.6799476146697998 0.9538220167160034
0.42146041989326477 0.6632705926895142 1.5512624979019165
-0.5369276404380798 0.5298631191253662 2.5170035362243652
0.5104303359985352 0.6837141513824463 -1.6847507953643799
0.11343270540237427 0.8432419300079346 -0.754840612411499
-0.31477248668670654 0.8929095268249512 -2.2003071308135986
-0.07566490769386292 0.6904220581054688 0.5657506585121155
0.11686192452907562 0.4570823609828949 -2.9268007278442383
-0.23993465304374695 0.6182156801223755 1.6718603372573853
-0.4126530885696411 0.8438436985015869 0.31428930163383484
0.6627963781356812 0.48707452416419983 -0.8892194032669067
0.6419358253479004 0.8969817161560059 -1.8142894506454468
-0.06309542059898376 0.6926013231277466 -0.515799343585968
0.9311746954917908 0.6138932704925537 1.1712206602096558
-0.053952571004629135 0.8722730875015259 -0.9236055016517639
-0.5103415250778198 0.7808349132537842 1.145622730255127
-0.49318206310272217 0.810770571231842 2.2739665508270264
0.5077055096626282 0.7942237257957458 -1.2612504959106445
0.3441222906112671 0.8089381456375122 -0.37070968747138977
0.911429226398468 0.38504886627197266 2.218853235244751
0.8734991550445557 0.8390661478042603 -0.4492267668247223
0.5081334710121155 0.8657995462417603 -0.04147114232182503
0.21341174840927124 0.8050632476806641 -1.1186957359313965
0.4843634366989136 0.6659258604049683 -0.850814163684845
-0.27133888006210327 0.8728999495506287 -2.788973093032837
0.8709918856620789 0.4769901633262634 -1.8657625913619995
-0.11943159997463226 0.7447173595428467 2.0979297161102295
-0.30564558506011963 0.2964193820953369 2.0489041805267334
-0.08646465837955475 0.8951461315155029 -1.8965097665786743
0.34856680035591125 0.6675512194633484 2.0628764629364014
0.3745395839214325 0.6547986268997192 -0.8513282537460327
-0.5146193504333496 0.6739310622215271 1.2981312274932861
0.23093806207180023 0.8788671493530273 2.778811454772949
0.9056457877159119 0.4759741723537445 -0.9403623342514038
0.35977423191070557 0.6451311111450195 -2.2180845737457275
-0.2187339961528778 0.16006341576576233 -2.299931049346924
0.08412909507751465 0.8488417267799377 -1.7230596542358398
-0.26767364144325256 0.49420350790023804 -0.39150121808052063
-0.5108014941215515 0.7526862621307373 -1.849934458732605
-0.508027195930481 0.7056195139884949 0.7980936765670776
-0.5172738432884216 0.6201937198638916 -2.190587043762207
-0.3041396737098694 0.41195181012153625 -1.9356156587600708
0.835627019405365 0.41568422317504883 -1.6440043449401855
-0.30769914388656616 0.8658178448677063 0.35882478952407837
-0.38924098014831543 0.42955267429351807 -2.9769561290740967
-0.17492541670799255 0.5680596232414246 1.9336986541748047
-0.45764732360839844 0.8595607280731201 2.3852057456970215
-0.013117145746946335 0.8559598326683044 -0.30879324674606323
0.8830357193946838 0.6706483364105225 -1.3405267000198364
0.05166132003068924 0.695170521736145 0.024050334468483925
-0.39184805750846863 0.4214642643928528 -0.03191576898097992
0.9620680809020996 0.5750395059585571 2.4540135860443115
-0.054526086896657944 0.900514543056488 -1.0190742015838623
0.6431514620780945 0.8756941556930542 -0.7171832919120789
-0.37307673692703247 0.2933882176876068 -2.623354196548462
-0.41134878993034363 0.8845223188400269 0.36850085854530334
0.5961720943450928 0.8701174259185791 1.9997806549072266
0.2613450884819031 0.7968515157699585 -1.01499605178833
0.36951908469200134 0.802281379699707 1.782092809677124
0.282883882522583 0.8145750761032104 0.353012353181839
-0.030791882425546646 0.6924549341201782 -0.7032895088195801
0.4305384159088135 0.8394869565963745 -1.947972059249878
0.3606257736682892 0.6463289260864258 -1.395891547203064
0.7552775144577026 0.3629741072654724 -1.2390031814575195
0.08245840668678284 0.6674405336380005 0.9540253281593323
0.3739169239997864 0.835249662399292 1.7378082275390625
0.3663238286972046 0.8691441416740417 0.51479172706604
0.456347793340683 0.8635658025741577 -0.11141744256019592
0.2158457338809967 0.6800307631492615 0.42453110218048096
0.015928614884614944 0.6489473581314087 -1.9374712705612183
0.4630108177661896 0.852295994758606 0.07805215567350388
0.6952899098396301 -0.11754012107849121 -2.3685429096221924
-0.19650143384933472 0.638006329536438 -0.10710319876670837
0.2722436785697937 0.6711995601654053 2.197064161300659
-0.4148762822151184 0.8673068284988403 -1.212768316268921
-0.5187296867370605 0.6507647633552551 1.7030574083328247
0.9137173891067505 0.519200325012207 0.5913534164428711
0.5913781523704529 0.6532325744628906 0.3881348669528961
0.775063693523407 0.4365706145763397 0.2722164988517761
-0.24314309656620026 0.1695489138364792 2.2210280895233154
-0.2843128740787506 0.42811596393585205 -1.255211591720581
-0.5028195381164551 0.6703222990036011 -1.7117582559585571
0.5535544157028198 0.8585343360900879 1.0117076635360718
0.7620819807052612 0.6685872673988342 2.26802659034729
-0.4289022982120514 0.8736981153488159 -0.8025926351547241
0.14860683679580688 0.81200110912323 1.087920069694519
0.007475871592760086 0.6634411215782166 -2.230659246444702
0.8635339140892029 0.8860484957695007 2.443089008331299
0.032783392816782 0.8381341695785522 -2.2049615383148193
0.7348126173019409 -0.24809470772743225 2.1715009212493896
0.8691564798355103 0.7867189645767212 -1.9901014566421509
0.9060980081558228 0.47562405467033386 0.7960737347602844
-0.4601760506629944 0.4669276773929596 0.5139636993408203
-0.00896146148443222 0.6735604405403137 -0.9271952509880066
0.08150634914636612 0.6834147572517395 1.7499810457229614
0.06718035042285919 0.7465484738349915 1.5520507097244263
-0.5149658918380737 0.5918028354644775 1.4535858631134033
-0.30788499116897583 0.8874530792236328 2.6393797397613525
0.7023642659187317 0.18256229162216187 -2.1251027584075928
0.8437134623527527 0.7670913934707642 -2.46730375289917
0.2424136847257614 0.7983485460281372 -0.9286359548568726
0.8401069641113281 0.6408482789993286 -2.9396779537200928
0.08674527704715729 0.825499951839447 -1.348654866218567
0.5609451532363892 0.8015094995498657 2.118391752243042
0.48684462904930115 0.8287841081619263 0.39844998717308044
-0.023300010710954666 0.6986082196235657 -2.395559787750244
0.3764767348766327 0.6537456512451172 1.475480556488037
-0.36515331268310547 0.8696494102478027 -0.987663745880127
-0.3251838684082031 0.1430334597826004 2.248880624771118
0.7298403978347778 0.42812132835388184 -0.6540194749832153
-0.5040971040725708 0.5875460505485535 1.3444104194641113
-0.34284505248069763 0.8770806193351746 2.256671667098999
0.9659596085548401 0.46652135252952576 2.498375177383423
-0.21213822066783905 0.8986762166023254 -2.7613513469696045
0.5998208522796631 0.43544337153434753 -2.780261278152466
0.896504819393158 0.4337797164916992 0.6286503076553345
-0.5107052326202393 0.6699932813644409 0.972929060459137
0.6748369932174683 0.5620348453521729 0.947269856929779
0.13511809706687927 0.8518739342689514 -0.12957355380058289
0.934238851070404 0.618226170539856 1.3701651096343994
0.9196877479553223 0.7280223965644836 2.006354331970215
0.6995719075202942 0.882196843624115 -0.30892515182495117
-0.2554149627685547 0.8952402472496033 -1.9564234018325806
0.4383508563041687 0.8252043128013611 1.2908015251159668
-0.25681576132774353 0.7171478271484375 -2.716282606124878
0.41236498951911926 0.8503363132476807 0.6611829400062561
0.26612231135368347 0.8529220819473267 0.9794858694076538
0.43785345554351807 0.6986234784126282 2.758680582046509
-0.47012364864349365 0.44846823811531067 1.3069733381271362
0.6976346373558044 0.47919413447380066 2.095024347305298
-0.18349313735961914 0.6581935882568359 2.8800852298736572
-0.3787795901298523 0.45681506395339966 -0.15056437253952026
-0.057582806795835495 0.8567193746566772 -1.5723471641540527
-0.25484028458595276 0.6591622829437256 -2.616997241973877
-0.3901683986186981 0.8481878042221069 2.019688129425049
0.5701305270195007 0.9137601852416992 -1.8506267070770264
0.5090207457542419 0.7722159624099731 1.579472303390503
0.7553098797798157 -0.24786853790283203 -2.232496738433838
0.6901630163192749 0.39467620849609375 -2.1226322650909424
0.5618475675582886 0.7527114748954773 -1.6067386865615845
-0.10763469338417053 0.7104724645614624 2.4094927310943604
0.9518826603889465 -0.2061637043952942 2.1424007415771484
0.6379712820053101 0.5306447148323059 -0.41103610396385193
-0.05251492187380791 0.6076755523681641 1.6103209257125854
0.5267894268035889 0.7457951307296753 1.506597638130188
-0.05569343641400337 0.7473951578140259 1.127126693725586
0.6040496826171875 0.6691255569458008 2.2215702533721924
0.6130720973014832 0.6767776012420654 -2.9495482444763184
0.48603555560112 0.8345559239387512 0.6740707159042358
0.5443042516708374 0.7758646607398987 -2.805516481399536
-0.5071126818656921 0.6296415328979492 0.7661271691322327
-0.32058775424957275 0.466061532497406 2.3149116039276123
-0.5132598876953125 0.6628975868225098 -1.4626836776733398
0.5240406394004822 0.47610074281692505 -2.8201918601989746
-0.5183407664299011 0.43414509296417236 2.0259482860565186
-0.46104559302330017 0.44348371028900146 1.8999509811401367
-0.21092739701271057 0.5914427042007446 -0.27714771032333374
0.7080854773521423 0.42286407947540283 -2.957118034362793
-0.4690666198730469 0.4752695560455322 0.5929946899414062
0.2941780686378479 0.7359229326248169 -0.7609843015670776
0.5429161787033081 0.6088035106658936 -1.8450219631195068
-0.38732555508613586 0.04638285934925079 2.0746397972106934
-0.45775195956230164 0.8623336553573608 -2.2455475330352783
-0.2861361503601074 0.6890575885772705 -2.5595390796661377
0.8084758520126343 0.6299241781234741 -2.45495867729187
-0.4341176152229309 0.8974847793579102 2.5386555194854736
-0.49104875326156616 0.6690211892127991 2.520989179611206
-0.24454067647457123 0.46591871976852417 1.918147325515747
0.2710462212562561 0.8568137884140015 0.5280293822288513
0.6123590469360352 0.665621280670166 0.5960365533828735
0.9033348560333252 0.5517313480377197 -0.025221137329936028
0.7061925530433655 0.8763922452926636 -1.1506104469299316
0.8709351420402527 0.5149445533752441 -2.2005629539489746
0.703696072101593 0.8859715461730957 -2.5442793369293213
0.7693818211555481 0.8746523857116699 1.7545523643493652
0.9326794147491455 0.5817636251449585 1.8890202045440674
-0.35526615381240845 -0.3197299838066101 2.0783934593200684
0.7763074636459351 0.18540114164352417 -2.407461643218994
0.4022226333618164 0.6713314056396484 -0.7862535715103149
0.4064418375492096 0.6874539852142334 0.8535860776901245
-0.221608966588974 0.6054640412330627 -0.11918788403272629
-0.3230140507221222 0.8612275719642639 2.164222002029419
-0.11699369549751282 0.9108801484107971 -0.5292456746101379
0.8864094614982605 0.4366036057472229 -0.1146806925535202
0.5859919190406799 0.8823731541633606 -2.8772857189178467
0.605681300163269 0.8076301217079163 2.270435094833374
0.5612121224403381 0.6923477649688721 2.5670433044433594
-0.14662207663059235 0.5555331707000732 -1.0552759170532227
0.21757224202156067 0.8840004801750183 1.9845319986343384
-0.4807160198688507 0.4285794496536255 -1.5451477766036987
0.15420418977737427 0.8838030695915222 1.5268504619598389
-0.5500028133392334 0.4679834246635437 -2.79388689994812
0.7095935344696045 0.9085920453071594 -1.8040690422058105
0.948944091796875 0.7064235806465149 2.2468130588531494
-0.0028500407934188843 0.6557056903839111 -1.7521371841430664
0.91932213306427 0.8427513837814331 2.662048816680908
0.03536107391119003 0.6859740018844604 0.9406943917274475
0.7838125228881836 0.8887324929237366 -1.7536466121673584
-0.31869789958000183 0.4115667939186096 -0.6583846211433411
0.5063913464546204 0.6731185913085938 0.45810747146606445
-0.5182361602783203 0.5105133056640625 2.1242456436157227
0.054361142218112946 0.6867477297782898 -0.543631374835968
0.524742066860199 0.6675322651863098 -0.9851175546646118
0.8715054988861084 0.8221388459205627 -0.14370191097259521
0.7194406986236572 0.8751704692840576 1.1907832622528076
0.3777107000350952 0.6805578470230103 -1.257699966430664
-0.36706435680389404 0.40836453437805176 -0.8757616877555847
0.21507583558559418 0.6875244975090027 -0.2948145866394043
-0.5156667828559875 0.5854279398918152 -1.7528449296951294
-0.4972901940345764 0.8239607810974121 2.0915093421936035
-0.26202523708343506 0.48750224709510803 -0.40437793731689453
-0.4227447509765625 0.8149343132972717 -0.05856403335928917
0.21158061921596527 0.42417651414871216 -2.223134756088257
0.22898109257221222 0.7273093461990356 -0.1951565444469452
-0.27418628334999084 0.7516835927963257 2.2612438201904297
-0.07781536877155304 0.8626932501792908 -2.8646976947784424
-0.2766460180282593 -0.2873026132583618 2.2420740127563477
-0.5247688293457031 0.5246057510375977 2.3912768363952637
0.604714572429657 0.6499038934707642 2.4890716075897217
-0.48006671667099 0.7629307508468628 1.1102808713912964
0.656013011932373 0.6239349842071533 0.7134473919868469
0.8935267925262451 0.7800421714782715 -0.423959344625473
0.44339489936828613 0.7567539811134338 -2.6682491302490234
0.45090943574905396 0.6124637126922607 -2.6046693325042725
0.3352051377296448 0.7705361843109131 2.985833168029785
0.3273206055164337 0.6704081296920776 -2.890589952468872
-0.45150941610336304 0.8017087578773499 -2.9855751991271973
0.7305526733398438 0.5631648302078247 2.5971086025238037
-0.11014661937952042 0.6897753477096558 -1.4289758205413818
0.6682679653167725 0.8419637680053711 0.6581629514694214
-0.5076186060905457 0.5804826617240906 -2.9075069427490234
-0.07586461305618286 0.8608724474906921 2.0837349891662598
-0.09292223304510117 0.8583697080612183 -2.3335416316986084
-0.18350058794021606 0.5443429350852966 -2.107032537460327
0.039651256054639816 0.7015545964241028 -0.47743627429008484
0.9332435727119446 0.7318230271339417 2.1446077823638916
0.11353925615549088 0.8605690002441406 1.7503623962402344
0.2332090139389038 0.4771333932876587 -2.845235824584961
-0.3114292025566101 0.43425852060317993 1.320156216621399
0.580203652381897 0.8889225721359253 -2.437563896179199
-0.2204824537038803 0.8489206433296204 2.670409679412842
0.21733006834983826 0.8670884370803833 0.2090691775083542
0.9136795997619629 0.8270915150642395 0.7345439791679382
0.6703010201454163 0.5532959699630737 0.29924440383911133
0.09188291430473328 0.8660614490509033 2.932281017303467
0.8944253921508789 0.6796596050262451 0.29310932755470276
0.9281183481216431 0.8108358383178711 0.8632692694664001
0.005398936569690704 0.6816432476043701 -0.6945511698722839
-0.526031494140625 0.8244957327842712 2.5246775150299072
0.567066490650177 0.6834661364555359 0.635881781578064
-0.34986722469329834 -0.24736949801445007 -2.268223524093628
0.21967947483062744 0.4830150306224823 -2.9231817722320557
0.7599145174026489 -0.14115357398986816 -2.184168815612793
0.6502872705459595 0.8620284199714661 -1.9253538846969604
0.6359666585922241 0.6673891544342041 0.8264395594596863
-0.006660491228103638 0.8710331320762634 2.143432855606079
0.013243954628705978 0.8443131446838379 2.249028205871582
0.7407709360122681 0.46295467019081116 2.8055810928344727
-0.52091383934021 0.5286211967468262 -1.626758098602295
0.4860988259315491 0.6742113828659058 2.9484481811523438
0.19148559868335724 0.6799427270889282 -2.114017963409424
0.8960335850715637 0.5892199873924255 0.10268723219633102
0.15442951023578644 0.836093544960022 0.7086083292961121
-0.2288072109222412 0.5141974687576294 -0.850986659526825
0.8258540034294128 0.41857683658599854 2.41823673248291
0.46256887912750244 0.7991245985031128 -0.9107205271720886
-0.17985720932483673 0.6003210544586182 -0.5043420195579529
0.24223846197128296 0.5860188007354736 -2.8252670764923096
0.4850815534591675 0.8601038455963135 -0.543358564376831
0.7580868005752563 0.6765614748001099 -2.2609939575195312
0.9447640776634216 0.5329063534736633 1.1751302480697632
-0.2701099216938019 0.7107598781585693 -2.66701602935791
-0.3961998522281647 0.8485860228538513 -2.9266088008880615
0.0762532576918602 0.6969287395477295 -0.8946735262870789
-0.5197432637214661 0.5514202117919922 0.9691365957260132
0.6349616646766663 0.6094650626182556 0.25094881653785706
0.1483503133058548 0.8314513564109802 -1.0055564641952515
0.4473464787006378 0.7767713069915771 0.47344130277633667
-0.0381339006125927 0.8889778852462769 -0.47898051142692566
-0.0830380991101265 0.6829159259796143 2.570333480834961
0.20735235512256622 0.8612286448478699 0.7203634977340698
0.21898506581783295 0.8746521472930908 -2.610107898712158
-0.5076985359191895 0.545297384262085 1.4850045442581177
-0.18820694088935852 0.8846156597137451 -2.2268080711364746
0.06149402633309364 0.8435733318328857 0.7028406858444214
0.08312063664197922 0.8161286115646362 0.6182981729507446
-0.1284669041633606 -0.14758816361427307 -2.202029228210449
0.07733739912509918 0.6995534896850586 -2.9495291709899902
-0.5119031667709351 0.5023493766784668 -2.7159812450408936
0.8096703886985779 0.3765473961830139 0.31967809796333313
0.8877086639404297 0.853323757648468 -1.7574207782745361
0.9052172899246216 0.8257596492767334 2.205545663833618
-0.1258660852909088 -0.24693754315376282 -2.3812484741210938
0.29234251379966736 0.8229934573173523 -0.3709159791469574
0.8871980309486389 0.43887466192245483 -2.0879006385803223
-0.16184647381305695 -0.2702820301055908 -2.2002761363983154
0.2771236002445221 0.7192242741584778 2.2768993377685547
-0.3749997019767761 0.42990729212760925 1.2348066568374634
0.8265169262886047 0.8628416061401367 -2.088191270828247
-0.37163758277893066 0.4340108633041382 1.3192541599273682
0.740721583366394 0.8869367241859436 -2.6670567989349365
0.8546948432922363 0.5737395286560059 -2.9185054302215576
0.14595961570739746 0.6858012676239014 2.046947717666626
0.10415025055408478 0.7500579953193665 0.8290413618087769
0.8568210601806641 0.03959445655345917 -2.281404733657837
0.2443120777606964 0.6884956359863281 0.7443503737449646
0.9029908776283264 0.43995386362075806 2.0731050968170166
0.9285054206848145 0.4988134503364563 1.7794898748397827
0.24964793026447296 0.6617283225059509 -1.0707294940948486
0.7519544959068298 0.07943159341812134 -2.1558163166046143
0.19693034887313843 0.8144299387931824 -1.3639342784881592
0.577775239944458 0.7305994033813477 1.458094596862793
0.35872650146484375 0.7022610902786255 -1.5304416418075562
-0.2645379304885864 0.4087050259113312 -2.110476016998291
-0.5192436575889587 0.624835729598999 -1.2420763969421387
0.77226722240448 0.7195628881454468 -2.3063623905181885
-0.301283061504364 0.4411102831363678 1.8948256969451904
-0.00945022702217102 0.6462563276290894 1.8727607727050781
-0.397110253572464 0.43306636810302734 -0.23284202814102173
0.16596396267414093 0.4959445595741272 -2.340458869934082
0.11955109238624573 0.6880174875259399 -2.193089723587036
0.1377086192369461 0.8744776844978333 2.8401293754577637
0.586462676525116 0.7546953558921814 1.68934965133667
0.24339447915554047 0.82753586769104 2.021082878112793
-0.3438357710838318 0.8720230460166931 2.023369312286377
-0.4417797923088074 0.45507383346557617 0.6931405663490295
-0.09392457455396652 0.7220351696014404 0.9776936769485474
-0.5135135650634766 0.6901183724403381 -2.2823872566223145
0.4387146830558777 0.6769617795944214 0.017143860459327698
0.24217331409454346 0.7997022867202759 -1.2871073484420776
0.05859312042593956 0.6259971857070923 2.0301241874694824
0.8825013041496277 -0.1389997899532318 -2.2122788429260254
0.8964322209358215 0.871289074420929 2.899515151977539
-0.5101191401481628 0.7896932363510132 -1.1428265571594238
-0.11212538182735443 0.8683445453643799 -2.3133223056793213
0.9119145274162292 0.6917870044708252 0.8956246376037598
0.8306928277015686 0.08705918490886688 -2.1501455307006836
-0.12315405905246735 -0.03202369809150696 -2.4689574241638184
0.21779632568359375 0.8536893129348755 -0.9229303002357483
0.5208064317703247 0.5545758008956909 -2.1409761905670166
-0.3244864344596863 0.8628689646720886 1.724848985671997
0.8882378339767456 0.7578491568565369 -0.29428768157958984
-0.2775384187698364 0.08024147152900696 -2.173927068710327
-0.07945212721824646 0.8852004408836365 1.994512677192688
-0.13074564933776855 0.7713261246681213 1.5730491876602173
-0.5010473728179932 0.6253336668014526 0.8661278486251831
-0.31407642364501953 0.5095386505126953 2.0081663131713867
0.5343074202537537 0.7659322023391724 1.4900336265563965
-0.0039558857679367065 0.7101500034332275 0.2655027508735657
0.8757604360580444 0.41156524419784546 -2.238090753555298
-0.11386995017528534 0.694448709487915 -2.796311140060425
-0.4883615970611572 0.7824627161026001 1.8396893739700317
0.41860431432724 0.39046919345855713 -2.2298104763031006
-0.5125467777252197 0.47956788539886475 0.42419347167015076
-0.3892914354801178 0.6212542653083801 2.9116177558898926
0.8664661049842834 0.4410535991191864 -1.535993218421936
0.1535583883523941 0.6771382689476013 -1.7385605573654175
-0.5262776613235474 0.5939034223556519 0.004324883688241243
0.9283114671707153 -0.2729395031929016 2.120988130569458
0.47449472546577454 0.8010550737380981 -2.9324569702148438
0.6246282458305359 0.6892298460006714 2.7321393489837646
0.9174767136573792 0.23079532384872437 2.0962064266204834
0.2888067364692688 0.8283334970474243 -2.151301622390747
0.4999711513519287 0.8861408829689026 2.799353837966919
-0.30892735719680786 0.6916283965110779 -2.975274085998535
0.20797112584114075 0.7825279235839844 1.2915513515472412
-0.09622480720281601 0.3638003468513489 -2.2074239253997803
-0.5278061032295227 0.5130968689918518 1.8422027826309204
0.16179916262626648 0.6471042633056641 1.5079587697982788
-0.14669246971607208 0.6436212062835693 -2.8964715003967285
-0.4603494703769684 0.4642343521118164 0.9846339821815491
-0.33801865577697754 -0.1344989836215973 2.24149489402771
-0.5143751502037048 0.6629906892776489 -0.6075248718261719
0.21421349048614502 0.6975382566452026 0.1712525337934494
0.3794715106487274 0.6926860213279724 -1.4847503900527954
-0.47768327593803406 0.46935784816741943 -1.7297720909118652
0.6505374908447266 0.35985901951789856 -2.3378055095672607
0.7712996602058411 0.040719836950302124 -2.168941020965576
-0.5239515900611877 0.5791148543357849 1.9652154445648193
0.9090468883514404 0.5559498071670532 0.24688369035720825
-0.2717624306678772 0.07846879959106445 -2.1550865173339844
0.38453683257102966 0.8464159965515137 2.3001370429992676
0.6568840742111206 0.4611596465110779 -1.1272691488265991
0.22531595826148987 0.7834952473640442 -1.6343942880630493
-0.5119915008544922 0.6602609157562256 1.1984026432037354
0.34185701608657837 0.6596213579177856 -1.2514768838882446
0.5888185501098633 0.7202025651931763 0.6481145620346069
-0.09816485643386841 0.6742568016052246 0.6903347373008728
0.4292186498641968 0.8620492219924927 0.07290211319923401
0.5110714435577393 0.5258046388626099 -2.9441277980804443
0.9106111526489258 0.5777097344398499 2.108954429626465
-0.5069388747215271 0.6719542741775513 0.3673880398273468
0.6262273192405701 0.7107422351837158 -0.9789619445800781
0.8577142357826233 0.5109210014343262 2.6212332248687744
0.4535701274871826 0.8528443574905396 -2.6812689304351807
0.21824148297309875 0.8538486957550049 1.0911509990692139
0.04361588507890701 0.6724396347999573 -1.3393338918685913
0.6644865274429321 0.625946044921875 1.925105094909668
0.21506667137145996 0.8438056707382202 -2.6562893390655518
-0.28551816940307617 0.9009518623352051 -1.4725313186645508
0.8115740418434143 0.4049902558326721 -1.2234975099563599
-0.3536427617073059 0.14489561319351196 2.0539610385894775
0.17960095405578613 0.8240638375282288 -2.940777063369751
-0.16238346695899963 0.870006263256073 2.755082130432129
0.45189380645751953 0.6609762907028198 -0.564365029335022
0.9503664374351501 -0.015338301658630371 2.136631488800049
-0.4581829905509949 0.8330909609794617 0.22642473876476288
-0.5172640085220337 0.7745779156684875 -0.02802444063127041
-0.23005488514900208 0.5275187492370605 -2.4049019813537598
0.9147692322731018 0.4591834247112274 -0.5546166300773621
-0.004837632179260254 0.6996365785598755 -0.02056095376610756
0.8863306045532227 0.8376175165176392 -1.3229634761810303
0.8537132740020752 0.5743776559829712 -2.9465529918670654
0.40978673100471497 0.8083676695823669 -2.945636749267578
0.23959258198738098 0.6601242423057556 -0.6140957474708557
0.26768791675567627 0.6586909294128418 2.0319926738739014
0.5787613391876221 0.7061954736709595 1.5123565196990967
-0.18799741566181183 0.8193110823631287 -2.8936336040496826
-0.32686302065849304 0.43155795335769653 1.4966500997543335
-0.4287273585796356 0.4647049307823181 1.4323769807815552
0.39278754591941833 0.8587344884872437 -2.2727582454681396
