ply
format ascii 1.0
element vertex 2048
property float x
property float y
property float z
end_header
1.8462666273117065 -1.4383578300476074 -2.4749717712402344
-0.8686280250549316 1.0626702308654785 -1.5314706563949585
0.0627666562795639 1.5589780807495117 2.197740077972412
-1.3287086486816406 1.4895548820495605 2.7953062057495117
-0.9708014726638794 -1.4437990188598633 -2.487630605697632
-1.1731336116790771 1.8509228229522705 2.470663547515869
-0.0624663345515728 0.5109293460845947 -2.4404444694519043
-1.5225930213928223 1.2964956760406494 0.44068002700805664
-1.6677055358886719 1.730805516242981 -1.535531759262085
-0.09820699691772461 0.40627941489219666 -2.430298089981079
-0.38953104615211487 1.82431960105896 2.0944125652313232
-1.5181543827056885 1.1690025329589844 0.6423274278640747
-0.37422192096710205 0.25745999813079834 2.6687827110290527
1.949914574623108 -1.0205926895141602 0.8503232598304749
-1.0581436157226562 1.3255094289779663 2.533360242843628
0.47247204184532166 0.05098942667245865 -2.2826972007751465
-0.3137340545654297 -0.03721311688423157 2.757868528366089
-1.3524854183197021 -0.37983158230781555 -0.7043620944023132
0.7280348539352417 -1.3974391222000122 2.733430862426758
-1.4396564960479736 0.2617538869380951 0.5690943598747253
-0.8208127021789551 0.8028022646903992 0.7804482579231262
1.2556406259536743 -0.5600576400756836 -2.7654266357421875
-1.3640482425689697 -0.42607513070106506 -1.2959076166152954
-0.7640234231948853 -1.3966960906982422 -2.2155158519744873
-1.1254814863204956 1.978700041770935 -0.3869791626930237
1.5722289085388184 -0.10680441558361053 1.5007001161575317
-0.41390249133110046 0.08712606132030487 -2.419208526611328
-1.2969982624053955 -0.9653621315956116 -1.926487684249878
-0.32508793473243713 -1.3834426403045654 -0.9495453238487244
-1.4709721803665161 1.0922120809555054 2.509122371673584
1.3767294883728027 -0.11998894810676575 1.9995701313018799
-1.4668601751327515 0.3685530126094818 0.8856459259986877
-1.3078949451446533 -0.8496466279029846 -0.2896079421043396
-1.6977390050888062 1.8328897953033447 -1.3244123458862305
-0.04279811307787895 -0.06131424009799957 -1.0286920070648193
-0.5376438498497009 0.6149682998657227 -1.3649152517318726
-1.3592053651809692 -0.5363196134567261 -1.8815138339996338
0.32214468717575073 -0.1000170111656189 0.5935364365577698
-1.6755160093307495 1.9009413719177246 0.8358010649681091
-1.4447922706604004 0.8745009899139404 -1.2773690223693848
-0.39252230525016785 1.4428658485412598 -2.6393277645111084
1.891442894935608 -1.3118709325790405 2.3160338401794434
-1.4096179008483887 -0.2802337408065796 -1.9309228658676147
-0.7324387431144714 1.8677128553390503 -2.2957372665405273
0.3481140732765198 0.5901711583137512 2.2132158279418945
1.3598604202270508 -0.13136506080627441 -0.36950525641441345
-1.4657995700836182 0.3467908501625061 0.8596944212913513
-0.22795549035072327 -1.398909091949463 -1.8212518692016602
0.6548041701316833 0.02660365402698517 -2.847606658935547
-0.5470280647277832 1.3331680297851562 2.4198269844055176
1.2105238437652588 -1.3261440992355347 -2.7669942378997803
-1.6632307767868042 1.8219811916351318 0.504064679145813
-0.7168041467666626 0.9756917953491211 -0.6588982939720154
0.3491154909133911 -0.9895285367965698 2.7701568603515625
-0.812981903553009 0.8780562281608582 2.768244504928589
0.9911420941352844 -0.3596384525299072 -2.787771463394165
-0.34992918372154236 1.3803273439407349 -2.647568702697754
1.0488386154174805 0.029038459062576294 2.6798882484436035
1.6254063844680786 -0.11600854992866516 1.0523498058319092
-1.5158333778381348 0.7123594880104065 -2.262387752532959
-1.3727091550827026 -0.10993187129497528 -2.594573736190796
-1.650634527206421 1.802369236946106 0.789023756980896
-1.6928563117980957 2.052579164505005 -2.055718421936035
-0.6079147458076477 -1.3939405679702759 -1.174302101135254
1.6027781963348389 -0.3078596591949463 2.8582303524017334
0.6596747636795044 -0.06098170578479767 -2.2675836086273193
-0.7364580035209656 0.640017569065094 -1.054319143295288
-1.0320534706115723 0.4032513499259949 2.7844882011413574
-0.8286994695663452 0.4037930965423584 2.7817060947418213
-0.9736052751541138 -1.3837476968765259 -0.8382390737533569
-1.206486463546753 1.7184081077575684 2.308943510055542
-0.5696361064910889 0.1437741369009018 -2.790776491165161
1.6485562324523926 -0.07239465415477753 -1.2759507894515991
-0.5242836475372314 1.613850474357605 -2.4364752769470215
-1.2405860424041748 1.9699386358261108 1.6944844722747803
-0.6190989017486572 0.032546475529670715 2.7851338386535645
-0.42922186851501465 1.8122631311416626 2.3072357177734375
-1.4592996835708618 0.9434778094291687 1.926690697669983
-0.8514673709869385 -1.1495836973190308 -2.7827720642089844
-1.4239134788513184 2.0905628204345703 -0.6356732249259949
-1.4645299911499023 0.40741753578186035 1.5753967761993408
-0.8044996857643127 1.6890928745269775 -0.8631410598754883
-0.38401031494140625 -1.3963717222213745 -1.6885089874267578
-1.0009599924087524 1.7625682353973389 1.5476850271224976
-0.15032362937927246 -1.4013333320617676 -2.2601304054260254
-1.2208070755004883 2.0291006565093994 -1.1765276193618774
-0.47015929222106934 -1.3096182346343994 2.7991814613342285
-1.31293785572052 2.092196226119995 -2.120655059814453
-1.2332303524017334 -1.1860439777374268 1.2302725315093994
-0.6977723836898804 0.21769344806671143 2.1200685501098633
-0.5064351558685303 -1.4003533124923706 0.032098159193992615
1.8344829082489014 -1.1351298093795776 -2.766596794128418
-1.4396862983703613 0.21472634375095367 -2.5161595344543457
-1.368956446647644 2.0221922397613525 1.7506186962127686
1.4835329055786133 -0.16083650290966034 -2.776801347732544
0.10858312249183655 0.3552080988883972 2.0509982109069824
0.8071058392524719 -1.4380333423614502 -0.7655298113822937
-1.5938289165496826 1.570628046989441 -0.28601521253585815
-0.8379417061805725 1.764345645904541 -0.05488083139061928
0.6428384780883789 -0.056368306279182434 -2.246227264404297
-0.7687573432922363 -0.0997246652841568 -2.414339542388916
0.47086015343666077 -0.17435239255428314 2.7322206497192383
-0.6666406393051147 0.06755881011486053 -0.32843634486198425
-0.9890109896659851 -1.3908171653747559 -1.0118132829666138
-1.5117359161376953 0.6571779251098633 -0.9162366390228271
2.00150465965271 -0.2261313796043396 1.0655732154846191
-0.0496203750371933 -0.09855449199676514 1.0450465679168701
-0.7586151361465454 1.1379139423370361 2.68349027633667
-0.7669962048530579 1.9428375959396362 -2.5803866386413574
-0.6397597193717957 -0.08649942278862 1.5438683032989502
0.9070128798484802 -0.12503260374069214 -0.36314424872398376
0.831254780292511 -0.11211356520652771 -1.7087630033493042
-0.7594212889671326 1.5232937335968018 -1.5399318933486938
-0.9860376715660095 1.8857839107513428 -1.9852306842803955
-0.8608003258705139 1.738689661026001 -1.0659162998199463
-1.0303374528884888 -1.3892546892166138 0.4600297510623932
0.6137363314628601 -1.3879714012145996 -1.7986493110656738
1.0261372327804565 -1.4114214181900024 2.393256187438965
-0.8473437428474426 1.7185139656066895 0.3717549443244934
-0.36170634627342224 -0.08037635684013367 -0.88187575340271
0.6581158638000488 0.4194967746734619 -2.609898328781128
1.9734959602355957 -1.2408959865570068 -0.9333425760269165
1.9763656854629517 -0.9246364235877991 -0.4943671226501465
-0.9528341889381409 1.8886966705322266 1.8755139112472534
-0.6289830207824707 0.04079173505306244 -2.784505844116211
1.6298282146453857 -1.1924128532409668 2.8530499935150146
1.950042724609375 -0.4722890257835388 2.2694640159606934
1.9646577835083008 -1.2095319032669067 -0.11665073037147522
-1.5049335956573486 1.39913010597229 2.46262788772583
-1.1213910579681396 -1.3667439222335815 -2.62368106842041
-0.970156192779541 -1.3905003070831299 -1.3924031257629395
-1.0740543603897095 -1.3607865571975708 -0.7411338090896606
0.006603710353374481 -0.7961808443069458 -2.7897369861602783
-1.6590046882629395 1.8108255863189697 -2.367202043533325
0.2517995834350586 0.0622640922665596 -2.847778081893921
-0.3149009644985199 -0.07734842598438263 -1.5991394519805908
-0.9796279668807983 1.7776079177856445 0.9123814702033997
-0.4452179968357086 -0.022831037640571594 2.062655210494995
0.7757650017738342 0.4019020199775696 -2.624504804611206
0.1999017298221588 -0.10320402681827545 -0.25807908177375793
-1.6737295389175415 1.728487253189087 -1.3018673658370972
-1.515604019165039 1.1549232006072998 0.7834948897361755
-1.2931667566299438 -0.9201503992080688 -0.9424532651901245
1.956965684890747 -0.6375188231468201 0.8547934293746948
-0.868252158164978 0.6913936138153076 1.828276515007019
-0.4308246970176697 -1.41441011428833 0.7486825585365295
-0.09710719436407089 -0.11388589441776276 -2.794843912124634
0.9380722641944885 -0.12731140851974487 0.39094454050064087
0.08141858875751495 -0.08101370930671692 -1.8600709438323975
1.0641340017318726 -0.12450402975082397 1.9342072010040283
1.8401718139648438 -1.4019298553466797 -2.050919771194458
-0.16478119790554047 0.6716263294219971 -2.18813157081604
-1.2735251188278198 -0.8183996081352234 1.581890344619751
1.9664511680603027 -1.2248902320861816 -1.4059183597564697
0.4946706295013428 -1.413538932800293 1.1890264749526978
-1.308666467666626 -0.7080122232437134 0.814172625541687
0.6847996115684509 -1.399013638496399 1.3563385009765625
-0.4347820281982422 0.8344708681106567 -2.765418529510498
-1.280238151550293 -0.929017961025238 0.9780440330505371
1.9619109630584717 -0.5891828536987305 0.09674815088510513
0.819974958896637 -0.10036996006965637 1.550486445426941
-1.2442665100097656 -1.142360806465149 2.4598560333251953
1.4190601110458374 -0.40786951780319214 -2.794184684753418
-0.8080642223358154 0.8615332841873169 -1.161545991897583
-0.4208207130432129 -0.31165367364883423 -2.7784342765808105
-1.2272663116455078 -1.117906093597412 -2.757916212081909
-1.0156819820404053 1.9553033113479614 0.02027910389006138
-1.4894062280654907 0.6282483339309692 -0.4502168297767639
0.1442992389202118 -1.4023213386535645 2.2805542945861816
-1.4570549726486206 0.5341328382492065 2.5104997158050537
0.7782376408576965 -1.3992962837219238 1.1148072481155396
1.4649208784103394 -0.09291232377290726 -0.9829871654510498
-0.9673366546630859 1.0972254276275635 -1.548565149307251
-1.2948397397994995 -0.9917808771133423 -1.7260600328445435
-1.4841312170028687 0.6165974736213684 1.9497661590576172
0.20407971739768982 -0.09512880444526672 0.08979745954275131
1.2567720413208008 -0.10523051023483276 -1.4655625820159912
1.9175866842269897 -0.9324756860733032 2.1437957286834717
1.7085989713668823 -1.4108834266662598 -1.8808451890945435
-0.19783994555473328 0.07278188318014145 2.0808496475219727
-0.7793413996696472 0.9948102235794067 -0.3506070673465729
1.7340686321258545 -1.5185418128967285 2.65077805519104
0.1541847586631775 -1.4094936847686768 -1.7194604873657227
-0.06512945145368576 -0.08353957533836365 -2.033342123031616
-0.8408231735229492 1.2466208934783936 0.7166950702667236
-1.5226247310638428 0.6119837760925293 -0.21986927092075348
-0.6761277914047241 -1.2041456699371338 2.78841495513916
-0.7052017450332642 0.25929632782936096 0.2392854541540146
1.998923897743225 -0.30273282527923584 -2.0687146186828613
1.9680122137069702 -0.288526713848114 2.2769572734832764
-0.3115513324737549 1.2315478324890137 -2.3167481422424316
-1.457621693611145 0.34744197130203247 0.3769296109676361
1.9613815546035767 -1.1625951528549194 0.18449141085147858
-0.17868660390377045 -0.09099069982767105 0.6813574433326721
-0.7811132669448853 1.095834732055664 -1.2101187705993652
-0.7101243138313293 -1.20087730884552 -2.795577049255371
1.458070993423462 -0.0987861156463623 0.151504784822464
0.48492974042892456 -1.3992763757705688 2.129309892654419
-1.437172293663025 0.3080144226551056 2.387482166290283
-1.5600876808166504 1.4895049333572388 0.9904934763908386
0.6293134689331055 -1.395725965499878 -2.17813777923584
-1.52024245262146 2.052046060562134 2.0258233547210693
1.9907636642456055 -0.23890507221221924 2.10115909576416
-1.0846238136291504 1.9581390619277954 -0.6961802840232849
1.9852370023727417 -0.7459892630577087 -1.8236913681030273
1.07933509349823 -0.09874621033668518 -2.0018136501312256
-1.510273814201355 1.0826139450073242 -0.5023588538169861
1.4933973550796509 -1.4935450553894043 -2.3766062259674072
-1.031557321548462 0.30557405948638916 2.7857894897460938
-0.57481449842453 -1.413526177406311 1.8024824857711792
1.5607482194900513 -0.09405797719955444 -1.7943145036697388
-0.8289225101470947 -0.7312301397323608 -2.783698558807373
1.4240341186523438 -0.39592140913009644 2.886437177658081
1.1453304290771484 0.05154096335172653 -2.243974447250366
-0.3118005394935608 0.28930574655532837 -2.515409469604492
-0.6762576699256897 1.8309011459350586 2.1657674312591553
-1.2696226835250854 -1.0135771036148071 1.1273256540298462
-0.5920895934104919 -1.3958337306976318 -0.8213769793510437
-1.2530921697616577 1.3862452507019043 -2.73575496673584
-0.39236631989479065 1.3185153007507324 -2.2869269847869873
1.986338496208191 -0.7892818450927734 -2.2856078147888184
-0.12716710567474365 -0.07684025168418884 -1.8308172225952148
-0.7692888975143433 -1.6209383010864258 -2.5001862049102783
0.10698048770427704 0.9945696592330933 2.5834617614746094
1.3154680728912354 -0.12951433658599854 0.5369317531585693
-0.3295432925224304 -0.7882533073425293 2.8441104888916016
1.3098318576812744 -1.4830536842346191 -2.267035722732544
-1.2544881105422974 -1.0789966583251953 0.6066280603408813
1.287275791168213 -0.6790673136711121 2.8607072830200195
-0.024153418838977814 -1.4077105522155762 2.4704461097717285
-1.0385085344314575 -0.8633533120155334 -2.7842772006988525
-1.4340078830718994 -0.10213491320610046 -1.4134864807128906
-0.6830612421035767 0.18918652832508087 2.0629613399505615
1.2472283840179443 -1.3907532691955566 1.2434099912643433
-0.7373882532119751 1.1228338479995728 -2.745293140411377
0.2246040254831314 -0.09610828757286072 0.09828958660364151
-1.334134817123413 2.056506633758545 -0.1394146978855133
0.10014262795448303 -1.3965327739715576 -2.6585047245025635
2.0038633346557617 -0.19914506375789642 -0.32888925075531006
-0.5328489542007446 -1.2013885974884033 2.8054311275482178
0.3405476212501526 0.34648597240448 -2.8562262058258057
0.8972211480140686 -1.4078125953674316 1.4967620372772217
1.9864903688430786 -0.28756779432296753 0.5903350710868835
2.007730007171631 -0.5463674068450928 -2.649165630340576
-1.5399482250213623 1.3772095441818237 1.2791911363601685
-1.4675652980804443 0.3145633935928345 -0.9278021454811096
1.9385284185409546 -0.9475828409194946 2.6622138023376465
0.7213006615638733 -0.07725098729133606 -2.173070192337036
-1.1483913660049438 -1.3335669040679932 1.6237707138061523
0.3872974216938019 -1.3971607685089111 -2.2004637718200684
-1.0678695440292358 -0.5711910724639893 2.7535903453826904
0.6527246236801147 -0.34569698572158813 2.871372699737549
1.5354335308074951 -1.3973270654678345 -0.2767605483531952
1.969254493713379 -1.2719900608062744 -2.4572062492370605
-1.1551120281219482 0.6825883388519287 -2.758777618408203
1.6659471988677979 -1.4016832113265991 -0.1384260505437851
0.8909626603126526 -1.3981170654296875 2.5427134037017822
-0.3143211603164673 -0.24699553847312927 -2.7832915782928467
-1.424583911895752 0.16988348960876465 0.02728142961859703
-0.3457932770252228 0.3013649880886078 2.109467029571533
1.5346044301986694 -0.7074575424194336 2.862962245941162
-0.9989707469940186 1.7748934030532837 0.9955674409866333
-1.4277102947235107 0.08636219054460526 2.1692545413970947
1.9384995698928833 -0.9878723621368408 2.6771631240844727
0.21272729337215424 -0.44294649362564087 2.8917365074157715
1.8995082378387451 -0.5948285460472107 2.428887367248535
1.6465671062469482 -0.5519221425056458 -2.7698686122894287
-0.32492703199386597 -1.400490403175354 -1.4883581399917603
-1.6828832626342773 1.9638501405715942 1.8009639978408813
-1.365013599395752 -0.28855806589126587 -0.5951111316680908
1.9883731603622437 0.12884646654129028 -2.531952381134033
0.41907238960266113 -1.4004698991775513 2.490147113800049
0.18581363558769226 -0.9468917846679688 -2.794342041015625
-1.4123276472091675 -0.07990327477455139 1.421980857849121
0.7416043281555176 -0.21753914654254913 -2.81374192237854
1.5279202461242676 -0.0951310396194458 2.057642936706543
1.3140432834625244 -0.1147921085357666 -0.18420350551605225
1.1907516717910767 0.3803786337375641 -2.731393814086914
-0.8529344797134399 1.4791274070739746 0.7785168886184692
-1.3306490182876587 -0.5542886257171631 -0.5590289831161499
-0.6289915442466736 -1.4009212255477905 -2.2568912506103516
1.993430256843567 -0.0704684853553772 -2.3370144367218018
-0.8859232068061829 -1.4030821323394775 1.2936773300170898
1.9949430227279663 -0.6925078630447388 -1.8569998741149902
0.7585296034812927 -1.3656933307647705 1.415284514427185
-1.1837371587753296 0.9987711310386658 2.742685556411743
0.02111486718058586 -0.10166899859905243 1.4217218160629272
1.838492512702942 -0.3040326237678528 -2.814227819442749
1.8364691734313965 -0.6447121500968933 -2.7898082733154297
1.3948227167129517 -1.4820998907089233 -2.4318606853485107
-1.3114783763885498 0.6279111504554749 2.718289375305176
0.35946741700172424 -1.406628131866455 1.8093833923339844
-1.3021920919418335 -0.7365486025810242 2.2919509410858154
-1.3968572616577148 -0.05817486345767975 0.1358180046081543
-0.06351961195468903 -0.20410466194152832 2.793606996536255
1.9950129985809326 -0.44078198075294495 -2.293121576309204
-0.7850512266159058 1.6049926280975342 -0.14217504858970642
0.7781466245651245 -0.784608006477356 2.8618226051330566
1.9558563232421875 -0.47521424293518066 1.6331565380096436
-1.3641161918640137 2.0870285034179688 -1.9398903846740723
-0.12330054491758347 -1.4041669368743896 -0.5343287587165833
-0.8819658160209656 1.247359037399292 1.248363733291626
0.2152230441570282 -1.3946828842163086 -0.8822535872459412
1.051090955734253 -0.0973464846611023 0.43917205929756165
0.46742862462997437 -1.401172399520874 0.7534675002098083
-1.4509197473526 0.11244194209575653 -1.154503583908081
-0.7223254442214966 0.9889529347419739 1.8438894748687744
-1.463545322418213 1.2084760665893555 2.5412087440490723
0.6267618536949158 -1.4018664360046387 -2.4392361640930176
1.4312669038772583 0.3714838922023773 -2.370091676712036
-0.34550875425338745 -1.4019442796707153 2.0668699741363525
-0.7518808841705322 1.4948551654815674 -1.6405839920043945
-1.5281872749328613 1.3505363464355469 0.4658876955509186
0.6968377828598022 -0.8319571614265442 -2.7821664810180664
1.1994143724441528 -0.10562439262866974 1.4697051048278809
0.24713321030139923 0.5035348534584045 2.185720682144165
-0.2725245952606201 -1.416646957397461 -1.5127544403076172
-1.6467504501342773 2.064701557159424 0.3015458881855011
-0.6769116520881653 -1.4062188863754272 -0.6325414180755615
1.717342734336853 -1.3964648246765137 -0.5424196720123291
-0.7595048546791077 -1.3900796175003052 -0.8456062078475952
0.8273454308509827 -0.9883469343185425 -2.7801177501678467
0.6175240278244019 -0.15437263250350952 1.1520719528198242
-1.1230101585388184 -1.384556531906128 -0.8359362483024597
1.975818157196045 -0.9077917337417603 -0.9617598652839661
0.9596647620201111 -0.10250505805015564 -1.6072602272033691
0.05857735499739647 -1.4334900379180908 0.3926246464252472
-1.557026982307434 1.7451820373535156 2.371854066848755
-1.4135980606079102 -0.16302324831485748 2.3668160438537598
-1.3020778894424438 -0.6855071187019348 2.214031457901001
-0.29872092604637146 0.09258674085140228 2.139143705368042
-1.5063214302062988 1.1130810976028442 0.1429460048675537
0.3890245258808136 -1.4063607454299927 -0.37909945845603943
1.4576417207717896 -1.3956663608551025 -0.2749776244163513
-1.4648185968399048 0.7122933864593506 1.6629133224487305
-1.4136515855789185 -0.14831006526947021 -1.4339226484298706
-1.3937333822250366 1.9284526109695435 -2.7255055904388428
0.5422710180282593 -1.3931556940078735 -2.6195967197418213
-0.8443022966384888 1.7295477390289307 0.32484111189842224
0.02402283251285553 -1.0694704055786133 -2.800823926925659
2.007258653640747 -0.7255384922027588 -2.6576483249664307
-1.5171743631362915 1.4467508792877197 2.1201608180999756
1.632681131362915 -1.631091594696045 2.2520809173583984
1.669877529144287 -0.08109927177429199 -1.0656474828720093
-1.5683585405349731 2.049657106399536 2.468059778213501
-0.7396608591079712 1.085648775100708 0.10901889204978943
0.918475329875946 -1.3593794107437134 1.357243299484253
1.9841070175170898 -0.2935584783554077 1.1328243017196655
-1.3828179836273193 2.0956881046295166 -2.358971118927002
-1.4703348875045776 1.107531189918518 2.314793586730957
-0.49029475450515747 0.6837387681007385 -1.3947784900665283
1.0350289344787598 0.307417094707489 2.3114402294158936
1.8352144956588745 -1.3846697807312012 -2.048905372619629
1.084123134613037 -0.10534811019897461 -0.03127336502075195
1.34441077709198 -0.10234983265399933 -0.9958216547966003
-0.4219749867916107 -1.3922334909439087 -1.8637561798095703
-0.9886815547943115 -0.27412348985671997 -2.773798704147339
-1.2148387432098389 2.0330615043640137 -0.07956936955451965
-1.5492316484451294 0.9650681018829346 -1.57108473777771
-1.2703663110733032 -0.7983352541923523 1.8238469362258911
-0.08595447242259979 -1.3986761569976807 1.314497709274292
-1.3281995058059692 -0.5232711434364319 -0.19379134476184845
-1.5935676097869873 1.3852823972702026 -1.0897748470306396
-1.260603904724121 -1.049494981765747 1.0640933513641357
-0.5559660196304321 -0.0800822377204895 -1.5643929243087769
-0.5003697276115417 1.7198790311813354 -2.6911799907684326
-0.8544735312461853 1.3781994581222534 2.3161613941192627
-1.4521971940994263 0.35747385025024414 2.279254913330078
-1.4856840372085571 2.079876661300659 0.5289864540100098
-0.8188214898109436 1.8369437456130981 -2.0996439456939697
-0.28256019949913025 -0.09227634966373444 -0.12320035696029663
-1.3007863759994507 -0.7330801486968994 -0.1138748899102211
1.6516622304916382 -0.06386782228946686 -1.1247955560684204
-1.6724694967269897 1.733232855796814 -1.2630009651184082
-0.5054459571838379 -0.004004821181297302 -1.9050955772399902
-0.43096137046813965 -0.09089697897434235 0.07505779713392258
-1.3231089115142822 0.15420465171337128 -2.685673952102661
0.4624200165271759 -0.09818088263273239 -1.1715375185012817
-0.6103368997573853 -0.10177186131477356 1.7182097434997559
0.9171783924102783 0.053698718547821045 2.750419855117798
1.1799269914627075 -1.412148356437683 0.8607909679412842
-1.706335186958313 1.8841893672943115 -0.038087062537670135
-1.067430853843689 1.9355525970458984 -2.168837070465088
-1.0853793621063232 -1.39217209815979 -1.348023772239685
-0.9945199489593506 1.9008415937423706 -1.423814058303833
1.57345712184906 -1.7253270149230957 2.2940378189086914
-0.8610049486160278 1.665205955505371 -2.7500314712524414
-1.3007805347442627 -0.8632278442382812 -2.294422149658203
-1.3163316249847412 2.0462560653686523 -0.46251732110977173
-1.4713973999023438 1.9936789274215698 -2.5922722816467285
-1.547219157218933 1.9885153770446777 -2.628354072570801
1.7876650094985962 0.39272958040237427 -2.5821292400360107
-0.008056648075580597 -1.393308401107788 2.7747299671173096
-0.9596815705299377 -1.5369147062301636 2.321476936340332
1.9196499586105347 -0.8924808502197266 2.7719714641571045
-1.4073107242584229 -0.014705002307891846 -0.5537674427032471
-0.9833070039749146 1.8825780153274536 -1.6883772611618042
-1.4740222692489624 1.0592310428619385 1.7382357120513916
-1.477225661277771 0.41827380657196045 -1.094982624053955
0.26500898599624634 -1.378807783126831 2.7740671634674072
1.466166377067566 0.39457499980926514 -2.557959794998169
-1.332368016242981 -0.6024816632270813 -0.1394931524991989
-0.8494251370429993 1.5446988344192505 0.7220867872238159
-0.3623742461204529 -0.04967436194419861 2.0208373069763184
-0.528711199760437 -1.3898770809173584 -2.216024160385132
1.9622219800949097 -0.5850054621696472 0.29755130410194397
0.5277673602104187 -1.401770830154419 -2.393158435821533
1.9862589836120605 -0.5317409038543701 -0.7714256644248962
1.6545417308807373 -1.3989280462265015 -0.31667494773864746
-1.685950756072998 1.8452777862548828 -1.9180556535720825
0.11140406131744385 -0.4929337501525879 2.874173879623413
0.26796916127204895 0.5444585084915161 2.1905691623687744
-1.4921377897262573 1.0641239881515503 -0.5249917507171631
1.7775136232376099 -1.6124508380889893 -2.2870538234710693
-0.26358288526535034 -1.0407874584197998 2.8514437675476074
-1.5928471088409424 1.4986660480499268 -0.9558880925178528
-0.7612301111221313 0.7374232411384583 -0.8700204491615295
-1.529280424118042 1.4118545055389404 0.7574557065963745
1.0344486236572266 -0.09177663922309875 -1.5337671041488647
1.9496604204177856 -1.0430772304534912 0.4141281247138977
-1.4492743015289307 0.44999220967292786 2.348421812057495
0.018023360520601273 0.3091369569301605 -2.3325486183166504
-0.6868045330047607 0.1853187084197998 0.5378847122192383
-0.7127647399902344 -0.09544235467910767 1.5885869264602661
-1.2988848686218262 -0.9511446952819824 -1.8066049814224243
-0.6654393672943115 0.22554168105125427 1.5301692485809326
-0.7383394837379456 -1.3997265100479126 1.8719089031219482
-1.3257238864898682 -0.5594168305397034 1.0499616861343384
-0.632882297039032 -1.007135272026062 2.8073019981384277
-0.21994543075561523 0.43958771228790283 2.688856601715088
0.12446099519729614 -1.3793262243270874 -1.4806071519851685
1.0236839056015015 -1.402405858039856 0.33076533675193787
-0.9011319875717163 1.7904771566390991 -1.4275180101394653
0.140308678150177 1.4369730949401855 2.3804514408111572
-1.4080007076263428 2.0689046382904053 0.08194294571876526
0.5460808277130127 -1.3880259990692139 1.346267819404602
1.9791312217712402 -0.7581909894943237 -1.2434391975402832
-1.4948941469192505 0.39315807819366455 -2.1100847721099854
-0.5152913928031921 1.6869428157806396 1.8020309209823608
-1.048188328742981 -0.9309988617897034 -2.7814583778381348
-0.5128630995750427 -0.09999078512191772 1.394924521446228
-1.2985990047454834 -0.7746419906616211 0.4467329680919647
-0.13361017405986786 -1.3722443580627441 -1.9861176013946533
1.937695860862732 0.06825076788663864 2.5584051609039307
-1.4778655767440796 0.46063172817230225 -0.8105335235595703
1.4498765468597412 -1.5023143291473389 2.558872699737549
1.9758052825927734 -1.2683467864990234 -2.2308032512664795
1.596176266670227 -0.10578544437885284 0.9064366817474365
0.8513161540031433 -0.10105034708976746 -1.1513216495513916
1.1219701766967773 -1.4040062427520752 -1.7120962142944336
-1.1539191007614136 -0.25921985507011414 2.76900315284729
-1.2943779230117798 -0.7854306697845459 0.8920722007751465
1.0003883838653564 0.052524879574775696 -2.861583948135376
-0.8477492332458496 -1.3822236061096191 -1.3090616464614868
1.9817147254943848 -0.6366310715675354 -0.4551541805267334
0.30965882539749146 -1.1541521549224854 -2.79333758354187
1.4402785301208496 -0.0838349238038063 0.9582297801971436
-1.3878064155578613 -0.32131072878837585 -1.142390489578247
-0.5564597249031067 1.2895596027374268 -2.7194998264312744
-0.4223945140838623 1.4681271314620972 -2.2964348793029785
-1.4026060104370117 -0.18428847193717957 -1.0914306640625
-0.7740030288696289 1.3826950788497925 0.30594924092292786
-0.7997230291366577 0.9619560241699219 0.8745520114898682
1.9818376302719116 -0.7118249535560608 -0.7708348631858826
-1.1181936264038086 1.9057869911193848 2.161439895629883
-1.3056341409683228 -0.5963531732559204 1.6299911737442017
1.9812124967575073 -0.877687394618988 -1.970701813697815
-1.3071789741516113 -0.8513147234916687 -0.8638507723808289
1.6648274660110474 -0.09228899329900742 0.6435470581054688
0.5596975088119507 -1.0834174156188965 -2.7826874256134033
-1.479202389717102 0.2884714603424072 -1.567167043685913
-0.47266626358032227 1.8388839960098267 2.104240655899048
1.6480669975280762 -1.3950906991958618 0.5142593383789062
0.6459348201751709 -0.416631817817688 -2.80039119720459
-1.4210128784179688 0.011104226112365723 1.6805108785629272
-1.5000975131988525 0.8664274215698242 0.062009673565626144
1.2261033058166504 -0.11220735311508179 1.835289478302002
-1.5123496055603027 1.1111083030700684 0.24410787224769592
0.4677858054637909 -1.4137200117111206 -0.6132473349571228
1.120417594909668 -1.385407567024231 1.241263747215271
-1.4863858222961426 0.8322142362594604 0.6867011785507202
1.3881851434707642 -0.09919548034667969 0.5983740091323853
1.6891794204711914 -0.6217259764671326 2.7841949462890625
-0.5543885231018066 -0.057218730449676514 0.32094070315361023
0.7084304094314575 -1.3871581554412842 -1.1250979900360107
-0.5761976838111877 0.5029081106185913 -2.742454767227173
-0.17978724837303162 1.6118364334106445 2.455272912979126
0.4088982939720154 -0.09721732139587402 0.4764254689216614
-1.5469690561294556 1.3303126096725464 1.546413540840149
0.5810909271240234 0.17616863548755646 -2.8402462005615234
-0.4692833125591278 -1.1561994552612305 2.839543104171753
1.483322024345398 -0.09899064898490906 -0.6751103401184082
-1.116189956665039 1.9321532249450684 1.3160425424575806
2.007826328277588 -0.22301113605499268 -0.2534823417663574
0.8526806831359863 -1.4113582372665405 -1.0924447774887085
0.860589325428009 -0.04507321119308472 -2.251934766769409
0.8652589917182922 -0.03690822422504425 -2.847001552581787
1.8137047290802002 -0.46752533316612244 2.858124017715454
1.9840152263641357 -0.03965076804161072 2.434419870376587
-1.3858214616775513 0.728043794631958 2.6142826080322266
-0.5125726461410522 1.766828179359436 -2.6450188159942627
0.08534708619117737 0.08875448256731033 -2.230884075164795
1.4523979425430298 0.048436522483825684 2.655758857727051
1.8797340393066406 -1.3373732566833496 2.7242536544799805
-0.8021437525749207 1.7249460220336914 -1.8232561349868774
-1.4661171436309814 0.45517563819885254 1.600128173828125
-1.27077054977417 -1.1391291618347168 -1.97377347946167
1.1584248542785645 -1.4063838720321655 -2.342026948928833
-0.5343426465988159 -0.9744125604629517 2.8142051696777344
1.4437100887298584 -1.137725830078125 2.8538289070129395
-0.9622436165809631 1.566158413887024 2.3328399658203125
0.27311351895332336 -1.0624709129333496 -2.7939531803131104
-0.6643645167350769 0.02718210220336914 -0.9212969541549683
-0.5187731981277466 0.11190877854824066 -1.9280145168304443
0.7805852293968201 -0.09356957674026489 -1.8414329290390015
-1.3384631872177124 -0.6704434752464294 -1.5287977457046509
1.255669355392456 -0.8398872017860413 -2.76842999458313
-1.0976804494857788 -0.023475363850593567 -2.7294013500213623
-1.0417803525924683 0.9399174451828003 -2.7469675540924072
-0.25397494435310364 0.9910157322883606 -2.270622491836548
0.2602808475494385 -1.401252031326294 1.6423436403274536
-0.9682849645614624 1.8671354055404663 -1.7331247329711914
-1.360081434249878 2.092416286468506 -2.155104160308838
-0.23708964884281158 0.30128225684165955 1.9791245460510254
-1.678369402885437 1.7623251676559448 -1.484442949295044
1.4168800115585327 -1.4033215045928955 1.0383561849594116
1.2429652214050293 -0.8744351863861084 2.8551135063171387
1.6476595401763916 -1.745267629623413 -2.4556362628936768
1.5334380865097046 -1.4637256860733032 -2.1178395748138428
-1.1106454133987427 1.9668749570846558 -0.5030524134635925
-0.731076180934906 1.1952210664749146 -0.19526904821395874
-0.321984201669693 0.6278888583183289 1.9827849864959717
-1.6035889387130737 1.4116876125335693 -1.0916889905929565
-0.7600511908531189 0.0111304372549057 2.7969398498535156
0.7203540802001953 -1.3725061416625977 1.2662160396575928
-0.5721341967582703 -1.3942350149154663 0.6803107261657715
-0.34899216890335083 1.6019749641418457 1.8290430307388306
1.7782399654388428 -0.10294497013092041 -2.842956781387329
-1.2725887298583984 -0.9538098573684692 1.156205415725708
1.9914389848709106 -0.5384461879730225 -1.3545070886611938
-1.2800520658493042 1.6785075664520264 -2.7418768405914307
1.624178409576416 -1.6128076314926147 -2.424769163131714
-0.972095787525177 -1.392899990081787 0.4334409236907959
-0.2436678409576416 0.8792482018470764 -2.450129747390747
0.9913078546524048 -1.4257092475891113 0.02015819400548935
-0.7359015941619873 0.4000113010406494 0.8919273018836975
-0.8621236681938171 -0.5731076002120972 2.7944045066833496
-1.2085545063018799 -0.9207433462142944 2.643794059753418
1.488168716430664 -1.4383879899978638 -0.09805416315793991
-1.026382565498352 -1.624647855758667 -2.3331634998321533
1.978058099746704 -1.1196038722991943 -1.3808304071426392
-0.5635901689529419 1.7308385372161865 -2.3749008178710938
-0.17686423659324646 0.793230414390564 -2.217050313949585
0.25090911984443665 -0.7965940237045288 -2.7922749519348145
0.24894174933433533 -0.8463950157165527 -2.7900211811065674
-0.391326904296875 -1.3540502786636353 -2.7551512718200684
-1.4915611743927002 0.6896978616714478 0.7797259092330933
1.6547808647155762 -1.391090989112854 -1.123850703239441
-0.4654275178909302 -0.09350596368312836 1.3856432437896729
-0.9738436937332153 1.893427848815918 0.3641236126422882
-1.3903001546859741 -0.038507550954818726 0.41619712114334106
-0.5066032409667969 -1.3849728107452393 -0.948948085308075
0.6741964817047119 0.05690079927444458 2.6795709133148193
-0.9030855298042297 1.825038194656372 -0.001567875500768423
-1.627116322517395 1.492918610572815 -2.2932472229003906
1.2260392904281616 -0.0909796953201294 -1.9453688859939575
1.5953550338745117 -1.3942941427230835 0.590575635433197
0.22583480179309845 -0.09240713715553284 0.05625775456428528
-0.0013277456164360046 -0.10956352949142456 0.8608040809631348
-1.366466999053955 -0.2988572120666504 -0.6709566116333008
0.042015962302684784 1.159833312034607 2.3979244232177734
-1.1014155149459839 -1.3782188892364502 1.6712735891342163
-1.5663822889328003 2.09273624420166 -0.7351610064506531
-0.7569628357887268 1.4586910009384155 -1.4415663480758667
-1.5337222814559937 1.3181053400039673 0.4512338638305664
-1.6256108283996582 1.4354761838912964 -1.6543368101119995
1.8029208183288574 -0.21340560913085938 -2.818333625793457
-1.1621601581573486 0.899576723575592 2.75272798538208
-1.3402163982391357 2.078160285949707 -1.4720515012741089
-1.2996172904968262 -0.7384215593338013 1.1516156196594238
-0.46471673250198364 1.3815127611160278 -2.7090818881988525
-0.7364324927330017 -0.44925546646118164 -2.762897253036499
-0.5385287404060364 -1.399925947189331 2.4412381649017334
-1.2234536409378052 -1.2519081830978394 0.9203384518623352
-0.1943082958459854 0.4898468255996704 -2.435791492462158
-0.3737329840660095 -0.5963470339775085 -2.777048110961914
-0.5290504097938538 0.34634143114089966 -1.423476219177246
0.43816685676574707 -0.1012793481349945 -0.5016798973083496
-1.242663025856018 -1.0344316959381104 -2.749858856201172
-0.8330572247505188 1.1390382051467896 0.6681964993476868
-1.254019021987915 -1.0250036716461182 1.3276172876358032
1.4189866781234741 0.23147088289260864 2.2468483448028564
-1.3126658201217651 -0.6628012657165527 0.9650222659111023
-1.4818288087844849 0.4997682571411133 1.4830347299575806
-1.511887550354004 1.3224024772644043 1.9455666542053223
-1.2959555387496948 2.0459909439086914 -0.6773448586463928
-0.8304781913757324 1.7099426984786987 -0.9033992886543274
-1.2630466222763062 -1.0145739316940308 -1.1899751424789429
1.8541581630706787 -0.2732802629470825 2.821227550506592
1.5698871612548828 -1.4040918350219727 1.191479206085205
0.45546776056289673 -0.09925073385238647 -0.1693437546491623
-1.210715889930725 0.422748327255249 2.775899648666382
-1.4761961698532104 0.6348339319229126 0.5122054815292358
-1.1254960298538208 -1.3432672023773193 2.2038307189941406
-1.1629613637924194 -1.373214602470398 0.23605762422084808
-0.11578257381916046 -0.9644875526428223 -2.781501531600952
0.23382075130939484 -0.6683264374732971 2.8732452392578125
-1.2629122734069824 -1.0822901725769043 0.052704788744449615
0.0931280329823494 0.02092619240283966 -2.8512699604034424
-1.4989488124847412 0.9955791234970093 0.5661316514015198
-0.5938312411308289 0.2044866681098938 -2.7874763011932373
-1.0873860120773315 0.8923207521438599 -2.7450473308563232
-0.7072855234146118 0.23668672144412994 -2.4697976112365723
-1.4395012855529785 -0.061909034848213196 1.752380609512329
-0.8993388414382935 1.1247496604919434 1.3533233404159546
-0.4563590884208679 -1.3920621871948242 -2.2485597133636475
-0.8758313655853271 0.7738015651702881 -0.5011602640151978
0.5981530547142029 -0.10539782047271729 -0.4051145613193512
-1.4590052366256714 0.15583615005016327 -1.927149772644043
-0.9397919178009033 1.8509479761123657 0.30142906308174133
1.9953725337982178 -0.2187451720237732 -1.4457972049713135
-1.6771243810653687 1.845672369003296 -2.2033443450927734
2.0039680004119873 -0.5542258024215698 -2.4876859188079834
-1.5784293413162231 1.5154317617416382 1.3939075469970703
-0.4855273365974426 -0.17559073865413666 -2.7769927978515625
1.158913254737854 -1.4057960510253906 -2.3845176696777344
-1.4909627437591553 0.8304373025894165 0.16782128810882568
0.5687273740768433 -0.7967411875724792 2.8678369522094727
0.8244954347610474 -0.40806978940963745 2.878218412399292
-1.4859938621520996 0.7919728755950928 0.19498194754123688
1.3846988677978516 0.1386265605688095 -2.252802610397339
-0.683379590511322 0.4200592637062073 -0.5397611856460571
1.819979190826416 -0.02586185932159424 -1.789292335510254
-1.5978137254714966 1.6011806726455688 0.249921515583992
-0.49867016077041626 0.2792494297027588 2.6574723720550537
1.9434785842895508 -0.7316397428512573 1.5044771432876587
-1.1466163396835327 1.8978183269500732 -2.731098175048828
0.5326138138771057 -1.3990671634674072 -2.0820345878601074
0.5009923577308655 0.05020920932292938 -2.274678945541382
-1.3312604427337646 -0.5485435128211975 0.07903444766998291
0.6488121151924133 0.4820302724838257 2.35701847076416
0.4674284756183624 -0.11271747946739197 1.8490091562271118
0.3805190920829773 0.827896237373352 2.5187411308288574
-1.1707333326339722 -1.2821264266967773 2.0692331790924072
-1.4532203674316406 0.22669994831085205 1.8344172239303589
-1.370652675628662 -0.503598153591156 2.4785726070404053
-1.457642912864685 2.0934700965881348 -1.1961238384246826
-0.9722030758857727 1.9037773609161377 0.1804448962211609
1.9913383722305298 -0.3994287848472595 -1.7572218179702759
1.9970848560333252 -0.13814274966716766 -1.0695767402648926
1.6430667638778687 -0.11510935425758362 1.2447084188461304
1.9867279529571533 -0.6815898418426514 -0.647413432598114
-0.29056793451309204 1.2555893659591675 -2.465440511703491
0.9037798643112183 -1.3988045454025269 -2.0572636127471924
1.933556079864502 0.10940160602331161 2.116413116455078
-1.485251545906067 0.2990221381187439 -1.2481515407562256
-1.1228387355804443 -1.391333818435669 0.20712058246135712
-1.4284087419509888 0.0985255315899849 1.088973879814148
1.6560542583465576 0.0979020893573761 -2.8587727546691895
2.0027663707733154 -0.1696779429912567 -2.4573991298675537
1.2576072216033936 0.08545015752315521 2.0915095806121826
-1.2345912456512451 -1.2273281812667847 1.2178996801376343
-1.5837639570236206 1.2051175832748413 -2.293433904647827
-1.5197359323501587 1.247725009918213 0.30939218401908875
0.29149073362350464 -0.4385768473148346 2.8754844665527344
1.0242799520492554 -0.10346242785453796 -1.0826908349990845
-0.7188200950622559 1.3768482208251953 -1.7018746137619019
-1.2677258253097534 -1.0914369821548462 -2.1533498764038086
-1.3299866914749146 -0.5410712957382202 -2.4732089042663574
-1.6172704696655273 1.4074273109436035 -1.7745413780212402
1.8844943046569824 -1.3984203338623047 -0.5941973328590393
-1.6811389923095703 2.0435354709625244 1.8294479846954346
-0.5762984156608582 1.5849957466125488 2.47163462638855
-0.6923531293869019 1.0571165084838867 -0.5657240152359009
-1.409889578819275 0.06585007905960083 0.027784116566181183
-1.5083106756210327 1.4421789646148682 2.261796474456787
1.1730247735977173 -1.3919472694396973 1.7942392826080322
-1.2946898937225342 -0.7548709511756897 -2.611191511154175
-1.16118323802948 -1.327573537826538 1.7733893394470215
-1.4061065912246704 -0.2389610856771469 -2.263904333114624
-1.6775968074798584 1.902775764465332 2.065793991088867
-0.6867725849151611 1.0992069244384766 -2.698777914047241
0.7325368523597717 0.20979340374469757 -2.271416425704956
-0.3706367611885071 -0.08853578567504883 0.691495418548584
-0.21905265748500824 -0.09433232247829437 -0.18911811709403992
1.1027146577835083 -1.417578101158142 -1.4300060272216797
0.8902868032455444 -1.407326102256775 -0.09698464721441269
-0.8218196034431458 0.7264853715896606 1.600555419921875
-1.6647067070007324 1.8319792747497559 1.8660303354263306
0.5822150111198425 -1.4023677110671997 -2.2210171222686768
1.8640758991241455 -0.42078787088394165 -2.825392484664917
-0.033551376312971115 -0.06804978847503662 -1.318446397781372
-1.4820060729980469 0.8815699219703674 1.1719369888305664
1.981769323348999 -0.7985289096832275 -1.3437579870224
1.0762360095977783 -1.3945478200912476 -2.268190622329712
-1.4160555601119995 0.12613773345947266 0.8560106158256531
0.3241640031337738 -0.09385347366333008 -0.7314600944519043
0.2658504843711853 -1.4020652770996094 -2.1919102668762207
-0.3514314293861389 -0.08636710047721863 -0.810571014881134
0.20628491044044495 0.26689696311950684 -2.305450677871704
0.004898861050605774 -1.4056975841522217 -1.2635629177093506
-0.8743935823440552 -0.5446237325668335 -2.775115966796875
-0.35953760147094727 -1.3213196992874146 -2.7893402576446533
-0.40432220697402954 0.5266345739364624 -2.377013683319092
0.33444082736968994 -0.09999474883079529 1.6054130792617798
-0.7186273336410522 -1.4484906196594238 -2.364624500274658
-1.4545714855194092 0.2989427149295807 0.5653430819511414
-0.028367139399051666 -0.058701977133750916 -1.2760347127914429
-1.472963571548462 0.7667653560638428 1.8496674299240112
-1.3781920671463013 -0.36067602038383484 2.580723524093628
-0.34861356019973755 1.147464394569397 -2.246840000152588
-1.4714490175247192 0.3829078674316406 -0.18591628968715668
1.9692301750183105 -1.1709401607513428 -0.11777059733867645
-0.5388160943984985 0.6444284915924072 -1.4381465911865234
1.9495779275894165 -0.4914492666721344 2.226846933364868
1.9497830867767334 -0.6028136014938354 0.8813471794128418
1.9493499994277954 -0.7890959978103638 1.0438456535339355
1.7433720827102661 -1.6400961875915527 -2.287564992904663
0.8807473182678223 -0.06053994596004486 2.045375108718872
1.7829467058181763 -0.045276761054992676 -1.4363104104995728
-0.9832606315612793 0.41221874952316284 -2.7598555088043213
-0.9861323237419128 -1.5136889219284058 2.2978570461273193
0.39358797669410706 -0.33031708002090454 -2.774223566055298
-0.8290543556213379 -1.5432114601135254 2.357515335083008
1.0332428216934204 -0.005983367562294006 -2.2454721927642822
-1.089853286743164 1.9871478080749512 0.029142575338482857
1.9772050380706787 -0.9898619651794434 -0.9122608304023743
1.9699532985687256 -0.998348593711853 -1.3902761936187744
1.3512513637542725 0.25188806653022766 -2.8585641384124756
0.7916975617408752 -1.4128986597061157 0.7727301716804504
-0.45274025201797485 -1.1683731079101562 2.818538188934326
1.9177874326705933 -0.9845967888832092 1.978293538093567
1.9593487977981567 -0.5157867670059204 2.33602237701416
-0.5044059157371521 0.24581065773963928 -2.053987741470337
0.07949507981538773 0.6728928089141846 2.65813946723938
-0.5339206457138062 1.0716694593429565 2.571467638015747
-0.16784359514713287 -1.3939872980117798 -1.8902392387390137
-0.8888280987739563 -0.19911138713359833 -2.3325774669647217
0.6961366534233093 -1.3924716711044312 -1.9472167491912842
-0.9932754039764404 1.0195907354354858 -1.9251129627227783
1.0603421926498413 -1.3669954538345337 1.2458182573318481
-0.3184724450111389 1.7943153381347656 2.40445876121521
-1.59687340259552 1.2164125442504883 -1.991155743598938
-0.41459277272224426 -0.08864951133728027 -0.3421454429626465
-0.1336856186389923 -0.10779532790184021 1.6995950937271118
-1.4791598320007324 1.6164844036102295 2.654639959335327
2.006589412689209 -0.3285238742828369 -2.696977376937866
0.3510749936103821 -0.085691899061203 -1.9743963479995728
0.6043748259544373 -1.3645694255828857 -2.2138397693634033
1.757013201713562 -0.09600865840911865 -0.6562017202377319
-1.309714674949646 -0.7363508939743042 -2.540053367614746
1.66872239112854 -1.4059683084487915 1.0949357748031616
1.8552755117416382 -1.4326997995376587 2.5450496673583984
0.8910676836967468 -1.4001635313034058 -1.9446135759353638
1.5340039730072021 0.16865840554237366 2.5606844425201416
-0.7531384825706482 -1.4076415300369263 -0.4308895468711853
0.03677387163043022 -0.6317490339279175 -2.790950298309326
-0.4222431182861328 -1.4273808002471924 -1.6812196969985962
0.8001923561096191 -0.09672726690769196 -1.870683193206787
1.5915744304656982 -1.399234652519226 0.49787601828575134
1.249867558479309 -1.4066941738128662 1.0241460800170898
1.1357365846633911 -0.7421972155570984 2.8572676181793213
1.2393815517425537 -0.003696724772453308 -2.2294678688049316
-1.4971874952316284 0.9847638010978699 0.07799354940652847
-1.2646995782852173 -1.169451117515564 -0.9837557673454285
1.9141525030136108 -0.9853041768074036 2.7493934631347656
0.9268021583557129 -1.4019782543182373 -0.1658269464969635
1.3708819150924683 -0.1057930588722229 1.3244017362594604
1.6499009132385254 -1.3846192359924316 0.14845490455627441
1.806604027748108 -1.4142787456512451 -0.904891312122345
-0.469620943069458 -0.14621776342391968 -2.3499364852905273
-1.486390233039856 0.5949673652648926 -0.47186794877052307
1.9104313850402832 -0.10155622661113739 -0.7682773470878601
-1.4978382587432861 1.5194684267044067 2.5868465900421143
1.8800791501998901 -0.5322381258010864 2.6598610877990723
1.635919213294983 0.19093631207942963 2.2151646614074707
-0.03196736425161362 -1.4052886962890625 -0.5741641521453857
0.2180863618850708 -0.10474121570587158 1.222586750984192
1.7672439813613892 -1.4147940874099731 0.7268492579460144
0.712554395198822 -1.4051132202148438 0.5847296118736267
-0.7455962896347046 1.5199801921844482 -0.8604130744934082
-1.0282783508300781 1.793579339981079 1.0910536050796509
-0.6512451171875 -0.7703714370727539 -2.7814645767211914
-0.6628060340881348 0.8066595792770386 -1.5335410833358765
-1.4555039405822754 0.059049591422080994 -1.826750636100769
-1.139804720878601 1.7444312572479248 2.554396390914917
-1.3623497486114502 -0.24616007506847382 -0.3476756513118744
0.953205406665802 -1.401036262512207 -0.2001151740550995
-1.1354053020477295 1.5161447525024414 2.6104469299316406
-1.1642934083938599 1.9202053546905518 2.272886276245117
1.9307364225387573 -0.1082911267876625 0.992205023765564
-0.7824888229370117 0.015325039625167847 -2.265706777572632
-0.759123682975769 -1.3955575227737427 1.7088274955749512
1.2267903089523315 0.3822765350341797 -2.5332956314086914
1.8666932582855225 -1.4488558769226074 -2.2806396484375
-0.013326853513717651 -1.391249179840088 0.3206774890422821
1.1727041006088257 -0.10991574823856354 -0.21786339581012726
-0.7816028594970703 1.4039196968078613 0.38673511147499084
-1.2669821977615356 -1.0630170106887817 0.1697179675102234
-0.761141300201416 -1.4030563831329346 -0.3282274901866913
0.9425390362739563 -0.09808731079101562 -0.7989902496337891
-0.27079465985298157 0.5403648614883423 1.9440438747406006
-0.30546054244041443 0.9834398031234741 -2.2043352127075195
-1.6198980808258057 1.8212882280349731 2.176252603530884
-0.1728043109178543 1.4273552894592285 1.8806744813919067
0.2377282977104187 0.23692061007022858 -2.34421968460083
-0.5551382899284363 -1.3920940160751343 -1.663466453552246
0.4843214750289917 -1.3865327835083008 0.5700147747993469
1.7170658111572266 -0.10544590651988983 2.0524163246154785
1.03263258934021 -0.10193098336458206 1.615707278251648
1.9312217235565186 -1.2045546770095825 1.1781458854675293
1.9641321897506714 -1.1651794910430908 0.03680494800209999
1.2878168821334839 -0.2633349895477295 2.8372695446014404
-1.3280891180038452 -0.7981900572776794 -1.966213345527649
-0.912871241569519 1.821385145187378 -1.8955986499786377
-0.6558356881141663 0.00863105058670044 0.6796757578849792
-0.2597619593143463 -0.06652243435382843 1.9870245456695557
0.5912333726882935 0.5224395990371704 2.5701372623443604
-1.4210315942764282 -0.033219337463378906 -2.4448893070220947
-0.7002845406532288 -0.06457814574241638 2.807647705078125
1.109702706336975 -1.408539891242981 -2.2179293632507324
-1.6899151802062988 1.9874099493026733 0.8375837802886963
-0.6147022247314453 1.477181315422058 2.4487178325653076
1.3965415954589844 -1.4021589756011963 -1.7942310571670532
1.8488649129867554 -1.379830241203308 -1.863356590270996
0.6642711162567139 -1.3982962369918823 1.064222812652588
-1.0189146995544434 0.09687554836273193 -2.742706537246704
0.1429755687713623 -1.3951939344406128 -2.1678988933563232
-1.5047672986984253 0.7947533130645752 -0.8237776160240173
-0.8962819576263428 1.369917631149292 1.0637813806533813
-0.8456209897994995 0.6212875247001648 -2.753499746322632
-0.37661686539649963 -1.3928499221801758 0.2575307786464691
0.5750929117202759 -1.3282331228256226 -2.7677297592163086
-0.8312730193138123 -1.395403265953064 -1.3359878063201904
-0.7859889268875122 1.6177122592926025 -0.6941332221031189
-1.4577968120574951 0.41506779193878174 0.5216576457023621
0.326621949672699 -1.3626558780670166 -1.6836538314819336
-1.3396868705749512 -0.6616597175598145 -1.787905216217041
0.6205790638923645 -0.08197347819805145 2.0120973587036133
1.7236336469650269 -1.3140422105789185 2.8094568252563477
-0.8149872422218323 1.0754475593566895 0.5198783874511719
0.70782470703125 -0.08813834190368652 -0.6654341220855713
1.9211976528167725 -1.0974918603897095 2.505276679992676
-0.9518844485282898 0.2963089346885681 -2.7611563205718994
-0.24948514997959137 0.4614056348800659 -2.299896478652954
-1.5168988704681396 0.7622073888778687 -2.343998432159424
-0.9630516171455383 1.1786370277404785 -1.6531965732574463
-0.5649711489677429 1.0387024879455566 2.55672550201416
0.1665930449962616 -1.123419165611267 -2.795928478240967
-0.805812656879425 1.6742956638336182 -0.6299248933792114
-1.1360054016113281 1.9538909196853638 1.2746427059173584
1.155844807624817 -1.3867086172103882 2.7143592834472656
-0.07877237349748611 0.021230801939964294 -2.8134145736694336
1.172485113143921 0.30583465099334717 -2.281759262084961
1.7846719026565552 -0.17036284506320953 -2.824384927749634
0.7083979845046997 0.429241806268692 -2.49875807762146
2.0049846172332764 -0.7540106773376465 -2.627216339111328
-0.5927923321723938 -0.07724137604236603 -0.25231409072875977
0.7582716941833496 -0.09818604588508606 0.7386959791183472
-1.5671457052230835 1.2498798370361328 -1.196109652519226
1.117126226425171 0.1778714954853058 2.1556456089019775
0.5368262529373169 0.14302989840507507 -2.848606824874878
-1.1293829679489136 -0.07477086782455444 -2.708411931991577
-1.3838059902191162 -0.3703179955482483 -1.5907180309295654
1.5262774229049683 -1.3988407850265503 1.0800540447235107
0.630579948425293 0.5076923966407776 -2.327577829360962
0.6950463652610779 -0.10696481168270111 0.7022836804389954
-1.3431636095046997 2.0671706199645996 -0.2342117726802826
-1.6308491230010986 1.6298902034759521 -2.4576194286346436
0.3551347255706787 -0.1153220534324646 1.3799346685409546
0.41664770245552063 -0.244515061378479 2.8491909503936768
-1.505825400352478 0.9946384429931641 0.4015919268131256
-0.7905636429786682 0.6507736444473267 0.7531304955482483
-1.4115862846374512 -0.007834434509277344 1.0403803586959839
0.15233808755874634 -0.11109262704849243 1.0586321353912354
-0.9257203340530396 1.832414984703064 -1.832085132598877
-0.08581070601940155 0.33489614725112915 2.686952829360962
-0.37008532881736755 -1.4086488485336304 -2.1019506454467773
-0.17364460229873657 -0.0921514630317688 0.6489180326461792
0.18537485599517822 0.482285737991333 -2.2085013389587402
0.7476634979248047 0.42080241441726685 -2.5062901973724365
1.993492603302002 -0.6354173421859741 -2.401473045349121
1.0837280750274658 -1.3985207080841064 -2.6253604888916016
-1.2716697454452515 -1.0798816680908203 0.5823842287063599
-1.1821078062057495 -1.3543548583984375 0.09079350531101227
-0.8714652061462402 0.11276739835739136 -2.787381172180176
0.3944922089576721 -0.1081620454788208 1.6885589361190796
-0.16911715269088745 -0.08325144648551941 -1.0046836137771606
0.10889315605163574 0.6222934722900391 2.6684768199920654
1.8582258224487305 -0.09780241549015045 1.9763808250427246
1.4672625064849854 -0.10018457472324371 -0.5362277030944824
1.2940638065338135 -0.07321056723594666 -0.620221734046936
1.8135533332824707 -0.6046854853630066 2.409135103225708
1.1903012990951538 -1.403184413909912 1.0731172561645508
-1.0902440547943115 1.0179873704910278 -2.7547996044158936
1.9058992862701416 -1.2435078620910645 2.334388017654419
0.40795907378196716 0.8147422075271606 2.3991825580596924
0.6197645664215088 -1.3980343341827393 -0.4301895797252655
1.7588119506835938 -1.3021931648254395 -2.7634754180908203
1.9802945852279663 -0.3648611009120941 0.9819749593734741
-0.42200666666030884 -1.407783031463623 0.06304623186588287
-0.24891023337841034 0.5399538278579712 -2.799607515335083
-0.9409746527671814 1.8412643671035767 -1.5943448543548584
0.0951147973537445 0.6327831745147705 2.0723049640655518
-1.2307910919189453 -1.255927562713623 0.1665075570344925
-0.9720507860183716 1.1491661071777344 -2.746493339538574
-1.6586116552352905 2.063645601272583 0.5299513936042786
-0.9956042170524597 0.37435996532440186 2.7825818061828613
1.991279125213623 -0.6577479243278503 -2.3262033462524414
1.6226656436920166 0.3545999825000763 -2.837639093399048
-0.7187396883964539 0.9456586837768555 -0.4386793375015259
-0.05141592398285866 0.749264121055603 2.658567428588867
-1.3040945529937744 2.0553338527679443 -0.5765442252159119
-0.336515337228775 -0.09109678864479065 0.9332737326622009
-0.8791833519935608 0.967178225517273 1.011696696281433
-0.7390574812889099 0.42990338802337646 1.1602553129196167
-1.4943653345108032 1.1251715421676636 -0.2287345826625824
0.33194148540496826 -1.4039220809936523 2.2652032375335693
1.2398438453674316 0.24224424362182617 -2.2601375579833984
-0.9103423357009888 -1.3933871984481812 1.9466934204101562
-0.5355855822563171 0.8306682705879211 -2.763929843902588
-0.7858856916427612 0.8992496132850647 0.5203592777252197
1.9759844541549683 -1.0389000177383423 -1.4037210941314697
-0.19725173711776733 -1.4056711196899414 -2.460909128189087
-0.7073940634727478 0.24453938007354736 0.749583899974823
-1.2979736328125 -0.8917893767356873 -1.7627605199813843
0.772964358329773 -1.3884360790252686 -2.1103665828704834
-0.21558541059494019 1.1237159967422485 -2.608255386352539
1.988112211227417 -0.5383976697921753 -1.3332701921463013
-0.27052879333496094 0.507053554058075 2.69089937210083
-0.17739328742027283 -1.3926973342895508 -0.895288348197937
1.9761565923690796 -0.4218946099281311 2.1171627044677734
-0.47228994965553284 0.3458225727081299 -1.5860929489135742
-1.2425872087478638 -0.32328325510025024 -2.6566128730773926
-1.387312889099121 -0.34701961278915405 -1.564403772354126
-1.485548973083496 1.203180193901062 2.0787813663482666
-1.3256574869155884 -0.35530614852905273 0.8067377209663391
0.08139100670814514 -1.3324273824691772 2.8308281898498535
-1.072842001914978 1.954150676727295 -1.8741872310638428
-0.6737276911735535 0.2478361874818802 -1.0618460178375244
1.2803488969802856 -0.27900344133377075 -2.7997994422912598
1.979162573814392 -0.8268289566040039 -0.8360258936882019
0.01857011392712593 -0.10188201069831848 1.4497134685516357
-1.433018684387207 0.09604000300168991 2.11385440826416
-0.8497507572174072 0.09606009721755981 -2.3570170402526855
-1.2963616847991943 -0.8802216053009033 -0.9365183115005493
-0.7790261507034302 1.6719268560409546 0.10489743947982788
-1.478342056274414 0.36271002888679504 -1.7036010026931763
-0.9728664755821228 1.8911720514297485 1.8200470209121704
-0.06136828660964966 -0.09118500351905823 -0.7185661792755127
-0.9924067854881287 -1.4049417972564697 2.0896615982055664
1.3219074010849 -0.09414640069007874 -0.7533112168312073
-1.3255445957183838 2.0158791542053223 1.7385050058364868
-0.7400530576705933 0.6331773400306702 -1.1775355339050293
0.7077842950820923 -1.3871607780456543 1.2819887399673462
1.9946181774139404 -0.18452008068561554 -1.4209685325622559
-1.2535912990570068 -1.1590182781219482 -0.31848058104515076
0.15562216937541962 -0.08359384536743164 -1.1562895774841309
0.9855566024780273 -1.402546763420105 0.19993868470191956
-1.5134836435317993 1.194278359413147 0.3394300639629364
0.40614449977874756 0.7771354913711548 2.3411896228790283
1.4360936880111694 -0.10159745812416077 -0.7165481448173523
0.0564907044172287 0.5900945663452148 -2.191049575805664
0.843207597732544 -1.4010920524597168 -2.5385355949401855
1.9924757480621338 -0.8187496662139893 -1.7501274347305298
1.1870667934417725 -1.390637993812561 -2.4246859550476074
-1.4544222354888916 0.29288458824157715 1.3143105506896973
-0.7781776189804077 0.7165257930755615 0.19997911155223846
-0.8154398798942566 1.6674939393997192 -1.1403990983963013
-0.937074601650238 1.961599349975586 -2.5617594718933105
-1.2896647453308105 -0.889987587928772 -0.5046510696411133
-0.4560442268848419 1.3242422342300415 -2.1590850353240967
-1.272110104560852 -1.110482931137085 -2.0961861610412598
-0.8849548101425171 1.1051267385482788 1.3400588035583496
-0.1745426505804062 0.8204312920570374 -2.2644875049591064
-0.5176442265510559 0.16226111352443695 2.1148383617401123
-1.3391931056976318 -0.3917441666126251 0.3188338875770569
0.3819860816001892 0.07587297260761261 -2.293968439102173
-1.2520838975906372 1.2646052837371826 2.672619581222534
0.09677890688180923 -0.10145577788352966 1.2380918264389038
-0.16471269726753235 0.811075747013092 2.6467397212982178
-0.5632438659667969 0.6144999861717224 1.9493530988693237
-0.9911044239997864 0.8628232479095459 1.9545706510543823
-1.0884987115859985 1.8958262205123901 1.0111280679702759
1.9485418796539307 -0.8089091777801514 1.1718220710754395
-0.5576333999633789 -1.4192097187042236 0.002591552212834358
-1.2859747409820557 2.0770766735076904 -1.5836793184280396
0.759972095489502 -0.10685178637504578 -1.3990248441696167
-0.6868895292282104 0.47211790084838867 -1.2532590627670288
1.165239691734314 -0.3111878037452698 2.835794448852539
-1.5978448390960693 1.5650033950805664 -0.08068567514419556
-0.48684918880462646 -1.4003146886825562 2.4505491256713867
-1.710532784461975 2.0335254669189453 -1.0603035688400269
1.7892818450927734 -0.10520073771476746 1.5422481298446655
-1.2252801656723022 2.054104804992676 -1.7785305976867676
-0.9051344990730286 1.270638108253479 1.447468638420105
-0.8082940578460693 -1.0593104362487793 2.7805912494659424
1.800244927406311 -1.3815264701843262 -0.5038821697235107
-1.3571155071258545 -0.2406672239303589 0.07177101075649261
-0.8633249998092651 1.7426624298095703 -1.0488179922103882
-0.9456728100776672 1.859080195426941 -0.8886399269104004
-0.21810314059257507 0.600451648235321 -2.754791259765625
1.264844298362732 -0.054450660943984985 2.06113338470459
-1.6507704257965088 1.776235818862915 0.5362977385520935
1.2930083274841309 -1.3890060186386108 -1.7877529859542847
-0.030042726546525955 1.5482710599899292 2.0290913581848145
-0.7717641592025757 0.7419453859329224 -1.131007432937622
-1.6486449241638184 1.6934618949890137 -0.5674137473106384
-0.792904257774353 0.9160017967224121 0.20930416882038116
-0.7028049230575562 0.2034042477607727 0.6498267650604248
-0.10679073631763458 1.7442148923873901 2.3754100799560547
-1.0151069164276123 1.7049753665924072 2.483281135559082
-0.7413081526756287 0.33483248949050903 1.8128409385681152
-1.2644034624099731 -1.0932912826538086 0.16496433317661285
-1.4351143836975098 0.06815815716981888 -0.9572147727012634
1.1620389223098755 -0.10340601205825806 0.22629356384277344
-1.1611281633377075 1.7365047931671143 2.6829516887664795
-0.9866505861282349 0.9036489725112915 -2.7110180854797363
-0.9109621047973633 1.0741441249847412 -1.3296597003936768
1.5969300270080566 -0.09548383951187134 -1.9521888494491577
-1.5991544723510742 1.296992540359497 -1.4531373977661133
0.051766425371170044 -1.3998801708221436 2.5268943309783936
1.74967622756958 -1.6448838710784912 2.498025894165039
-0.6179778575897217 -0.07966144382953644 0.3432656526565552
-1.4750313758850098 0.4767380952835083 -0.019360333681106567
-0.3688642978668213 -1.3956007957458496 0.8823242783546448
-1.2468265295028687 2.0328078269958496 0.38831886649131775
-1.4384210109710693 0.09130319207906723 -2.4210891723632812
-1.2239530086517334 1.1566694974899292 -2.714218854904175
1.9896761178970337 -0.1200396716594696 -1.6489800214767456
-1.4975651502609253 1.0385721921920776 1.3439189195632935
1.5379016399383545 -1.2372632026672363 2.8410959243774414
-1.338693618774414 2.0574488639831543 -1.541897177696228
1.3548213243484497 -0.11040526628494263 -0.3063543438911438
0.10693629831075668 -0.09568376839160919 -0.542343020439148
-1.3916807174682617 -0.3710445165634155 -2.0470032691955566
-0.8701604604721069 1.7806819677352905 -1.7880141735076904
-0.6704780459403992 -1.3964091539382935 2.2900280952453613
0.22087271511554718 0.7423132061958313 2.6425771713256836
0.10541978478431702 0.6402603387832642 2.102057933807373
-1.01109778881073 -1.3942196369171143 1.586815595626831
1.9540458917617798 -0.6792852282524109 2.6904468536376953
-0.4307999610900879 -0.07698673009872437 -1.5380501747131348
-0.8598810434341431 1.7037521600723267 0.5011784434318542
1.8256781101226807 -1.500889778137207 2.6794304847717285
1.9140809774398804 -0.9475672841072083 2.0849993228912354
-0.6897902488708496 0.29029345512390137 -1.0996991395950317
-0.13410621881484985 -0.7777271270751953 2.884979248046875
-1.6234352588653564 1.662288784980774 0.47639238834381104
0.6067278385162354 -0.0447411835193634 2.044009208679199
1.2916427850723267 -0.9980713129043579 2.8564701080322266
0.8559172749519348 0.05852528661489487 2.0737571716308594
-1.6058844327926636 1.6395740509033203 0.6916106939315796
0.24922987818717957 0.7851788997650146 2.2586851119995117
0.776524543762207 0.4451058506965637 -2.3388423919677734
1.9864963293075562 -0.6143003106117249 -0.5973738431930542
0.46190953254699707 -0.36086857318878174 2.884347677230835
-0.9569159746170044 -1.5092535018920898 2.232182741165161
-1.3419947624206543 -0.24641047418117523 2.6791305541992188
0.24592161178588867 -1.39483642578125 0.860590934753418
0.17748011648654938 -0.5540997982025146 -2.7768077850341797
-1.2709085941314697 -1.0886280536651611 -1.2802850008010864
-0.8630775213241577 1.5149335861206055 -2.747140645980835
1.9915673732757568 -0.5203935503959656 -2.0224387645721436
-0.38487860560417175 0.4948962330818176 -2.381967544555664
-0.24926619231700897 0.2552609443664551 -2.4258499145507812
0.2898402214050293 -0.24202953279018402 -2.7863357067108154
1.9502779245376587 -1.2428312301635742 1.1047868728637695
-1.4238440990447998 0.10182776302099228 0.5630761981010437
-0.47754260897636414 -1.4022403955459595 -2.2821288108825684
-1.486342191696167 0.9333851337432861 -0.1561165153980255
2.0014896392822266 -0.5024212002754211 -1.8410042524337769
-0.8780335783958435 0.03444981575012207 -2.769648790359497
0.23377464711666107 -0.5333421230316162 2.8893778324127197
1.2946765422821045 -1.382216215133667 0.5280263423919678
-1.5725041627883911 1.7027244567871094 2.2000648975372314
-0.7799288034439087 -1.4005107879638672 -0.6339637637138367
-1.4068900346755981 -0.05166245996952057 -0.5386459827423096
-1.6569775342941284 2.009932279586792 2.074592351913452
0.157858744263649 -1.3930797576904297 2.757368326187134
-0.8196324706077576 1.1249264478683472 -1.3721678256988525
-1.116384744644165 1.9736248254776 -0.6723452210426331
0.2944055497646332 -1.4000532627105713 -2.3108432292938232
-0.5228542685508728 0.9114799499511719 2.5847644805908203
-1.396164059638977 -0.06644409894943237 0.45941320061683655
-0.6308602094650269 -1.1472458839416504 1.932355284690857
-0.7447696924209595 0.5341925024986267 1.3259164094924927
-1.011202096939087 -0.7157729864120483 2.7377374172210693
-0.05576962232589722 -1.4030964374542236 -0.8374390602111816
-1.2770987749099731 -1.0600523948669434 -1.7363945245742798
-1.468063473701477 2.0115013122558594 -2.6583056449890137
1.5167653560638428 -1.3944778442382812 1.1587070226669312
0.7859926819801331 -0.11774912476539612 1.7396485805511475
1.9928033351898193 -0.32458817958831787 0.010163179598748684
0.6991090774536133 -1.3801116943359375 -1.356571078300476
-0.23653295636177063 1.7367664575576782 2.428117036819458
-0.9429095387458801 -1.4456794261932373 2.413268804550171
-1.3223410844802856 -0.7015511393547058 -1.1276718378067017
-0.7603508830070496 0.9660096764564514 -0.04306894540786743
1.0529175996780396 -0.1009274274110794 0.7061799168586731
-0.7777515649795532 0.7375491261482239 0.36273568868637085
1.5519088506698608 -1.3830177783966064 -0.6769798994064331
-1.2718983888626099 -1.006888747215271 0.12422142922878265
-0.8450433015823364 1.1075623035430908 -0.3127744495868683
-0.2552356719970703 1.2913243770599365 2.48823881149292
-1.7176100015640259 1.956822156906128 -0.5242354273796082
1.1851963996887207 -1.3993635177612305 1.8327115774154663
1.9100943803787231 -1.2163554430007935 2.577784299850464
1.7572579383850098 -1.5120995044708252 2.305424451828003
1.094376802444458 -0.4920823872089386 -2.782499074935913
-0.468705952167511 -0.9405218362808228 -2.792912006378174
-0.8622627258300781 0.8530911207199097 2.771162986755371
1.349539875984192 0.2795599699020386 -2.876878261566162
1.4961680173873901 -1.4039251804351807 1.8170411586761475
1.9749306440353394 -0.2501012980937958 1.6628224849700928
1.9228718280792236 -1.0317389965057373 1.7567795515060425
-1.496391773223877 0.9229035377502441 -1.419487714767456
-1.2069647312164307 -1.2407710552215576 1.8881756067276
-0.26320579648017883 -1.3900861740112305 -2.622368812561035
-1.3226584196090698 -0.6879115104675293 -0.991714358329773
0.8809377551078796 -1.385650396347046 -0.6213470697402954
1.7440241575241089 -1.3948285579681396 1.9088701009750366
-0.865899384021759 1.1517589092254639 -2.7452569007873535
-1.5058244466781616 1.4462471008300781 2.485783815383911
-0.5989882946014404 0.39499974250793457 2.0532963275909424
-0.29117289185523987 -1.389093279838562 0.3890014886856079
-0.4811006188392639 -1.3959052562713623 2.60658597946167
1.148363471031189 -1.4491369724273682 -2.0195653438568115
0.9193151593208313 -0.07986873388290405 2.0427770614624023
1.5423673391342163 -1.3912606239318848 -1.7411718368530273
-0.5578564405441284 -0.0898633599281311 -0.5810263752937317
-1.6388154029846191 1.6197619438171387 -1.7201197147369385
-1.6098947525024414 1.6338855028152466 0.7734954953193665
1.731032371520996 -0.09159274399280548 0.1499900221824646
-1.4063894748687744 0.013655439019203186 2.6039576530456543
-0.7069118022918701 1.1374119520187378 -0.8078523278236389
-0.5605368614196777 0.2937648892402649 -2.3350749015808105
-0.6651313304901123 -1.3758670091629028 -2.3658766746520996
1.8461861610412598 -1.5076050758361816 -2.259925603866577
1.9690134525299072 -0.4053325057029724 0.5044159293174744
1.9982984066009521 -0.9980681538581848 -2.564939498901367
-1.4363940954208374 0.12652447819709778 -0.6279312372207642
0.07666843384504318 -1.4021937847137451 1.424156904220581
1.6953376531600952 -0.10525196045637131 1.2700464725494385
-1.2604316473007202 -1.0907700061798096 0.8171176910400391
-0.43683919310569763 -0.11853140592575073 -2.7922580242156982
0.8280550241470337 -1.417974829673767 2.1348066329956055
1.2183095216751099 -1.403090238571167 0.8758889436721802
-0.05287840589880943 1.6229078769683838 2.430182695388794
-1.4211019277572632 -0.048521190881729126 2.117690086364746
0.2866479158401489 0.2334250956773758 -2.3073065280914307
-1.363120436668396 -0.2962494492530823 1.00075364112854
-0.9435635209083557 1.8585774898529053 -1.6694146394729614
0.5545211434364319 -1.408775806427002 2.0425217151641846
-1.4119505882263184 -0.06868819892406464 -2.350351095199585
1.4837781190872192 -0.09326431155204773 -2.0872714519500732
-0.6116528511047363 1.7959314584732056 1.8020665645599365
-0.5096131563186646 0.6676843166351318 -1.4521281719207764
-1.4754406213760376 0.2895202040672302 -1.2459007501602173
-0.17892038822174072 -0.08121238648891449 -2.4089419841766357
-1.7064100503921509 1.987825632095337 -2.3212618827819824
1.9950605630874634 -0.5507470965385437 -2.038114309310913
-1.330697774887085 -0.6993353366851807 0.1915065199136734
1.0947452783584595 0.3557259440422058 -2.8062307834625244
0.8777031302452087 0.057834260165691376 -2.853588819503784
1.9532721042633057 -0.8938836455345154 0.22458213567733765
0.6366443634033203 -1.2276493310928345 -2.773538589477539
1.7795705795288086 0.3498730957508087 -2.3534739017486572
0.539562463760376 -1.180503249168396 2.8323655128479004
-1.4929016828536987 0.7898761034011841 0.15562030673027039
-1.4771138429641724 0.4222451448440552 1.1092768907546997
0.3832002282142639 -0.37674278020858765 -2.7860023975372314
-0.7512810826301575 0.44103410840034485 2.7762625217437744
1.8830993175506592 -0.3337630033493042 -2.8068957328796387
-1.0790177583694458 -1.3954001665115356 -0.8049393892288208
-0.9480136632919312 1.8578506708145142 -1.2840218544006348
1.8154785633087158 -0.15219956636428833 2.7696635723114014
-0.8768218159675598 -1.7955617904663086 -2.2954492568969727
-1.6236729621887207 2.095313310623169 -1.3666887283325195
0.1192142516374588 -1.0286580324172974 -2.790400505065918
-1.3944848775863647 1.9797660112380981 -2.695868492126465
-0.2643866240978241 0.994852602481842 -2.2961087226867676
-0.8120571374893188 0.8800202012062073 -0.41034746170043945
-1.6758923530578613 2.025606870651245 1.749821662902832
-0.6473580002784729 -1.3947460651397705 -1.6779308319091797
-1.2553972005844116 -1.0929795503616333 1.1968345642089844
1.2331738471984863 -1.3956360816955566 -1.1236478090286255
-0.4379286766052246 0.8202599883079529 2.653770923614502
-1.488734483718872 2.0851142406463623 1.0802497863769531
-1.0936721563339233 1.9088246822357178 2.131143569946289
-1.363032579421997 -0.3769052028656006 -1.0584077835083008
-1.5871411561965942 1.4890861511230469 -0.9658526182174683
-1.5450232028961182 1.3767398595809937 -0.1087280735373497
-1.0823469161987305 -1.3787059783935547 -1.6750710010528564
-0.9706206321716309 1.8927172422409058 1.856581449508667
-0.7572813630104065 -1.6633801460266113 -2.3482418060302734
0.7199328541755676 0.19087740778923035 2.124488353729248
1.1436448097229004 -1.3982760906219482 2.2875237464904785
-0.9945268630981445 -1.3896851539611816 -1.7494397163391113
0.43351036310195923 -1.3973157405853271 0.32467982172966003
-0.716810405254364 1.1154953241348267 -1.425340175628662
1.938463568687439 -1.2345913648605347 0.7285714149475098
0.9810367226600647 -0.12052711844444275 1.081393837928772
-0.6955991983413696 0.9731995463371277 -2.7461609840393066
-1.5643402338027954 1.4607014656066895 -0.6085560321807861
1.6241140365600586 -0.09793414175510406 -0.06698861718177795
0.12150020152330399 -1.3989531993865967 0.18169374763965607
0.13016504049301147 -0.10465466976165771 -0.015788797289133072
-1.3672456741333008 2.078106641769409 -1.2477566003799438
-0.19634997844696045 -0.18704813718795776 -2.4842207431793213
1.4082640409469604 0.2280251383781433 2.4794700145721436
-1.34712553024292 -0.3683100938796997 -0.26003140211105347
-1.587567687034607 1.5785586833953857 -0.029788518324494362
-0.44690391421318054 -0.08778062462806702 -0.8660419583320618
-0.7506360411643982 0.44835877418518066 0.9449416399002075
-1.2845230102539062 -0.6796456575393677 2.66261625289917
-1.2676101922988892 -1.0027989149093628 2.414396286010742
1.9645071029663086 -0.44500550627708435 1.8591609001159668
1.530850887298584 -0.08340761065483093 -0.1258557289838791
-1.2322802543640137 1.0221443176269531 2.730571746826172
1.4820480346679688 -0.35084426403045654 -2.7742159366607666
-1.539768934249878 2.084841012954712 -0.5679383873939514
-1.3038561344146729 -0.7581244707107544 -0.7133585214614868
1.4025973081588745 -0.6839050650596619 -2.7632570266723633
-0.2264063060283661 0.4564725458621979 -2.1856982707977295
-0.39574119448661804 -0.11738571524620056 -1.8679025173187256
-1.453522801399231 0.20745369791984558 -2.3623859882354736
1.4777566194534302 -0.5905591249465942 -2.7945058345794678
0.24183133244514465 -1.4021941423416138 -0.3162298798561096
1.921820878982544 0.09764423966407776 2.5351755619049072
-1.3526709079742432 -0.2671261429786682 -0.42739003896713257
0.35014399886131287 -1.3766005039215088 2.774974822998047
0.8147408962249756 -1.400713324546814 -1.1948509216308594
-0.8932087421417236 1.2348726987838745 1.2226953506469727
-1.5272963047027588 1.2886180877685547 0.6102838516235352
-1.3260167837142944 -0.5700846314430237 1.0646969079971313
-1.5107752084732056 1.0765507221221924 0.5459551811218262
1.854632019996643 0.33632946014404297 -2.334063768386841
-1.437607765197754 -0.09821516275405884 -1.6771270036697388
1.8402596712112427 -1.3966392278671265 -1.53408682346344
0.3147328197956085 -1.3996226787567139 -2.3622522354125977
1.6083033084869385 -1.227302074432373 -2.785881757736206
-0.7624321579933167 0.05620869994163513 2.7948989868164062
-0.07671752572059631 0.22816839814186096 2.0150015354156494
1.2327628135681152 -1.0783394575119019 -2.7570979595184326
1.681452751159668 -1.3946913480758667 -0.43438249826431274
0.777531623840332 -0.09948866814374924 0.8957623243331909
0.505422055721283 -0.13770753145217896 1.295472502708435
-1.11678147315979 1.6579468250274658 2.6954519748687744
-0.7162395715713501 1.3674341440200806 0.04478856921195984
-0.9627833962440491 -1.3425928354263306 -2.4480671882629395
1.7337247133255005 -0.2166762799024582 2.8187832832336426
1.129060983657837 -0.07734955847263336 2.0356101989746094
-1.352311134338379 -0.5077906847000122 -2.3799891471862793
0.9772476553916931 -0.10795778036117554 1.6059592962265015
-0.5993284583091736 -1.4038043022155762 1.8138293027877808
0.21883095800876617 -0.2760086953639984 2.8339884281158447
-1.0140427350997925 -1.4082491397857666 0.8095744252204895
-0.834928035736084 0.2964884638786316 2.7879600524902344
-1.3877222537994385 -0.023444071412086487 0.6349606513977051
-0.618416965007782 -1.375508189201355 -2.4731225967407227
0.8916444778442383 -1.3955366611480713 1.9871703386306763
0.7447497844696045 -1.3952845335006714 0.40587547421455383
-0.6337850093841553 0.1284286230802536 1.8433462381362915
-0.5457326769828796 -0.08840487897396088 0.4640892744064331
-1.5815107822418213 1.4041098356246948 -1.1340833902359009
-0.5229969620704651 0.34770846366882324 2.7413148880004883
0.7209984064102173 0.44985318183898926 2.4408750534057617
-0.6984081268310547 0.2959398627281189 1.95725417137146
0.38344496488571167 -1.4001097679138184 -1.197350263595581
-0.4826303720474243 1.8107085227966309 1.8942397832870483
-1.4825615882873535 1.0676804780960083 1.3231855630874634
-1.210632085800171 1.422769546508789 2.756455421447754
-0.6113577485084534 0.5744576454162598 1.9307873249053955
1.2139132022857666 -1.3900686502456665 -1.0260136127471924
-0.1414509117603302 0.04337414354085922 2.0403082370758057
-0.8866528868675232 -1.5354565382003784 2.4234673976898193
-0.9991065263748169 0.846624493598938 -2.7489919662475586
-0.13724079728126526 -0.09015057235956192 0.24941307306289673
1.9912006855010986 -0.12852704524993896 -1.0296354293823242
1.257612705230713 -0.3816113770008087 2.981201171875
-1.426496148109436 0.49949246644973755 2.5848822593688965
-1.6933618783950806 1.9327384233474731 1.9332424402236938
1.687015414237976 -0.08770217001438141 -1.9638005495071411
-0.5267524123191833 -0.08630433678627014 -0.195997953414917
1.1995524168014526 -0.10762347280979156 1.4776643514633179
-0.6692335605621338 1.5710161924362183 -2.7442080974578857
-0.21427308022975922 0.573236346244812 1.954197883605957
0.5448207259178162 -1.383253574371338 1.8798935413360596
1.762365698814392 -1.1588090658187866 -2.7720260620117188
1.9903240203857422 -0.47180676460266113 -2.1416032314300537
2.009364604949951 -0.13478803634643555 -0.6478934288024902
-0.7155066132545471 0.3202030062675476 -2.499983549118042
-1.5622239112854004 1.520596981048584 1.214920163154602
0.758662223815918 -0.11462301015853882 1.137861728668213
-0.7509431838989258 -0.07743966579437256 -2.32709002494812
-1.4163775444030762 2.113291025161743 -2.071323871612549
-1.1873267889022827 -1.3056426048278809 1.8031176328659058
1.8130691051483154 -1.571163296699524 -2.260056495666504
-0.5847405195236206 1.8416614532470703 1.972578525543213
-1.2168002128601074 -1.3293429613113403 -0.8875308036804199
-1.0764268636703491 0.5802341103553772 2.77592396736145
-1.4399231672286987 0.20230728387832642 0.6424025893211365
-0.5749664306640625 -1.3692352771759033 -1.2018336057662964
0.8717241287231445 -1.3970142602920532 -2.429253101348877
1.9524219036102295 -1.2803932428359985 0.06033613160252571
0.39407727122306824 -1.39683198928833 1.0118930339813232
-1.5154670476913452 0.8861870765686035 -1.6225721836090088
-0.9679595828056335 1.6428080797195435 1.3000272512435913
-1.691957950592041 2.0673887729644775 -1.6540740728378296
-0.8392786979675293 1.098219633102417 -0.053971897810697556
0.304434597492218 0.37536096572875977 -2.346791982650757
0.74736487865448 -0.09991227835416794 -1.314886212348938
-1.0667918920516968 1.0079559087753296 2.7787458896636963
1.9908554553985596 -1.14421546459198 -1.645362138748169
2.008136034011841 -0.21467743813991547 -0.5105147361755371
1.7323040962219238 -0.11957213282585144 1.004766821861267
-1.4491382837295532 0.3072388172149658 1.971035122871399
-0.2919222414493561 -0.9701314568519592 2.8351805210113525
-1.282859444618225 -0.7758099436759949 1.8593722581863403
-0.1047629565000534 -0.2139977663755417 -2.6474313735961914
1.9520312547683716 -0.777777910232544 1.325710415840149
-1.3158538341522217 1.6370569467544556 2.791447401046753
-1.134478211402893 -0.10862359404563904 -2.6754086017608643
-0.8929303884506226 0.7768927216529846 2.7880499362945557
0.5909624099731445 0.4275347590446472 2.245572805404663
0.41715168952941895 -0.1120251715183258 0.1787911206483841
0.5946106314659119 -1.197115421295166 2.8410189151763916
-1.3058439493179321 -0.8755117654800415 -1.41502046585083
-1.4824076890945435 0.7465452551841736 1.4730602502822876
1.5066529512405396 -1.7321346998214722 2.3839266300201416
-0.7447685599327087 0.4456472396850586 0.5607237219810486
-0.5598323941230774 -1.3994407653808594 2.589846611022949
-0.6116327047348022 0.5028815269470215 2.1243927478790283
0.053082842379808426 0.429710328578949 -2.582658290863037
0.31298500299453735 0.09628516435623169 2.070953130722046
-0.3007644712924957 1.2326433658599854 -2.6669816970825195
-1.4671717882156372 0.46114206314086914 0.3935279846191406
-1.4850451946258545 0.8382470607757568 1.4376788139343262
-0.7281830310821533 1.068338394165039 -0.7546420693397522
-1.024416446685791 -0.8759105801582336 2.7395482063293457
0.3880738615989685 -0.010915398597717285 -2.8269593715667725
1.7653976678848267 -1.412941336631775 0.09611962735652924
-1.6694753170013428 1.7227545976638794 -1.6525572538375854
1.8578492403030396 -1.4664573669433594 -2.3346638679504395
1.7647666931152344 -1.5874946117401123 -2.269193172454834
-1.4833984375 1.1320850849151611 1.797794222831726
-0.04334253817796707 -0.09763884544372559 0.41672661900520325
1.6801496744155884 -1.3777729272842407 -1.9267113208770752
1.9497344493865967 -0.7224246263504028 1.0036931037902832
-1.4172499179840088 2.0967071056365967 -2.0092272758483887
-0.7219476699829102 -0.2889125347137451 2.808621406555176
-1.1925612688064575 0.43180549144744873 -2.748652696609497
-0.15825703740119934 0.8692774772644043 1.9112273454666138
-0.9962172508239746 1.4836649894714355 2.3444247245788574
-0.6912543177604675 -0.011967301368713379 1.4546979665756226
-1.3483103513717651 2.0627853870391846 0.441220223903656
-0.7539140582084656 1.0977449417114258 -2.7485108375549316
1.4589271545410156 -1.373663306236267 -1.4069746732711792
-1.2687619924545288 2.0322892665863037 0.8514916300773621
0.018620610237121582 1.1350547075271606 2.1037650108337402
-1.3518158197402954 -0.4019809365272522 -2.586930513381958
-1.5956043004989624 1.494302749633789 -0.8761655688285828
-0.03346944600343704 -0.09604457020759583 1.1161010265350342
-0.7870148420333862 1.5124506950378418 1.7932698726654053
0.9587684869766235 -0.09099240601062775 1.5817229747772217
0.7516060471534729 -0.09780332446098328 -0.4814780652523041
-1.2552213668823242 -1.1647512912750244 -0.020593199878931046
-1.320507287979126 1.6677863597869873 -2.716914176940918
1.9505352973937988 -0.6293908953666687 2.290543556213379
-0.13198186457157135 1.4930397272109985 2.4692084789276123
1.8557506799697876 0.3125072717666626 -2.862396001815796
-1.4810559749603271 0.30815526843070984 -1.6657921075820923
-1.4767755270004272 0.8710878491401672 0.1288081854581833
-1.5521693229675293 1.5156701803207397 0.9642931222915649
1.9608948230743408 -1.0599907636642456 0.9052701592445374
0.1224399209022522 -0.013817638158798218 2.1152799129486084
-1.638805627822876 1.7282127141952515 0.7182327508926392
0.4961387515068054 -0.25599801540374756 -2.7975234985351562
-1.1508214473724365 1.9918667078018188 -0.7690749168395996
-0.9051231741905212 1.0115654468536377 2.7831950187683105
-0.47609078884124756 1.8244335651397705 2.25148868560791
-0.8757083415985107 1.7684816122055054 -1.233558177947998
0.5503847002983093 -1.400983452796936 1.6283358335494995
1.0958049297332764 -1.3810821771621704 1.4219223260879517
-0.35124844312667847 -0.5379747152328491 -2.7847585678100586
1.7650651931762695 0.1874227523803711 2.3622865676879883
-1.6284468173980713 1.7004363536834717 0.19258026778697968
1.2094411849975586 -0.08042168617248535 -1.1597216129302979
-0.004295915365219116 -0.5708039402961731 -2.791064977645874
-0.8147961497306824 0.6982748508453369 1.6129150390625
0.3312188386917114 -0.09753236174583435 -0.47420167922973633
-1.0817070007324219 1.8650891780853271 -2.7426187992095947
-0.5212383270263672 -0.344506174325943 2.8099215030670166
-1.407263994216919 0.9059841632843018 2.600785493850708
-0.6249116659164429 -0.06815797090530396 -1.030699610710144
-0.8973052501678467 1.399323582649231 1.1152766942977905
-0.7892879843711853 1.1613578796386719 -1.305207371711731
-1.0349074602127075 1.8779127597808838 1.877355694770813
0.5430464744567871 0.4125325679779053 -2.640317440032959
-1.0483936071395874 1.9542139768600464 0.06837111711502075
-0.5543079376220703 1.4703989028930664 2.431307315826416
0.05037323012948036 1.5411547422409058 2.226130485534668
0.8156903982162476 -1.3725695610046387 -1.5889085531234741
-0.6053428649902344 1.3877023458480835 -2.7437751293182373
1.988146424293518 -0.6526078581809998 -2.1083009243011475
-0.6855649352073669 -1.395038366317749 -2.2623558044433594
-0.5846673250198364 -0.0631222277879715 -2.3666346073150635
2.008822441101074 -0.8371345400810242 -2.736997365951538
-0.06803259253501892 -0.0714845061302185 -1.3762236833572388
-0.8601625561714172 1.5286366939544678 0.7386948466300964
-0.16409896314144135 -0.08963879942893982 -0.12741145491600037
1.964332938194275 -0.5966605544090271 0.3828246295452118
-1.6774311065673828 1.8472648859024048 -2.1463470458984375
-1.6908313035964966 2.047394037246704 1.4577885866165161
-0.11293114721775055 -1.4117426872253418 -0.8289030194282532
-0.956326425075531 -0.6035008430480957 -2.775779962539673
1.5933030843734741 -1.4006909132003784 -0.46689116954803467
1.5683009624481201 -1.394410252571106 -0.6921881437301636
-1.2155451774597168 2.0195791721343994 -0.41878560185432434
2.0019447803497314 -0.1606355905532837 -0.7532387971878052
-1.5457829236984253 1.3168450593948364 1.0831512212753296
-0.2558959722518921 -0.04911114275455475 2.106649160385132
1.9915231466293335 -0.3430536985397339 2.3848876953125
-1.1245063543319702 1.9306830167770386 1.160698652267456
-1.436782717704773 0.18903662264347076 -2.509728193283081
-1.1648342609405518 -1.3454475402832031 2.3794374465942383
1.9067057371139526 -0.09279870986938477 2.0258371829986572
-0.741706371307373 1.2544142007827759 2.4787449836730957
-1.4011484384536743 -0.2744898200035095 -1.7485707998275757
1.535259485244751 -0.09530957788228989 -0.11421460658311844
1.9746952056884766 -0.8034337162971497 0.3263498842716217
-0.9727830290794373 1.7939516305923462 2.234861135482788
-1.666797399520874 1.6819639205932617 -1.1057929992675781
1.4855231046676636 -1.401474952697754 0.05729807913303375
-0.8800386786460876 0.9733355045318604 -1.9437838792800903
-0.11586758494377136 -1.4171791076660156 2.408536672592163
-1.6839083433151245 2.0534822940826416 -1.5317286252975464
-0.7050708532333374 -1.3977868556976318 -1.2672817707061768
-1.272965431213379 -1.0302069187164307 -2.3451807498931885
0.8925878405570984 -1.409593105316162 2.2546567916870117
-0.7028745412826538 0.27353864908218384 1.847360372543335
0.7916851043701172 -0.10465849936008453 -0.7267424464225769
-0.29664692282676697 0.5964640974998474 -2.8044798374176025
1.9813545942306519 -1.1430259943008423 -1.450843095779419
1.9794358015060425 -0.07600286602973938 2.3909101486206055
-1.4326673746109009 0.6620059609413147 2.5570945739746094
-1.4685113430023193 0.2905815839767456 -2.259596109390259
-0.8351467847824097 -0.45326027274131775 -2.7711195945739746
-0.6676008105278015 0.17309921979904175 -0.9728364944458008
-0.48924776911735535 0.5327491164207458 -1.4665367603302002
-1.2895289659500122 2.0864944458007812 -2.1405391693115234
-1.4810503721237183 0.8258679509162903 0.60772705078125
-0.8314094543457031 1.0815930366516113 -0.22828759253025055
1.7631659507751465 -0.09990563988685608 -2.1252408027648926
1.252098798751831 -1.4126174449920654 -0.6287295818328857
1.7447315454483032 0.02873285859823227 -2.8560118675231934
1.2596954107284546 -1.1104167699813843 2.8546435832977295
-1.253288745880127 -1.1071304082870483 2.4276695251464844
1.945880651473999 -1.2162163257598877 0.3044997751712799
1.9923725128173828 -1.1685250997543335 -2.4795567989349365
1.9330939054489136 -0.48178887367248535 1.203926682472229
1.1798548698425293 -1.395858883857727 -2.3428754806518555
-1.1851565837860107 2.033886194229126 -2.511303186416626
1.9010580778121948 -1.272472620010376 2.5849452018737793
1.2168554067611694 -0.737878680229187 2.8638176918029785
-0.6608402132987976 -0.027299553155899048 -2.21393084526062
1.1218746900558472 -1.40314781665802 -0.18943539261817932
-1.2364754676818848 1.8762967586517334 2.5358493328094482
1.1677464246749878 -0.07234877347946167 -2.2375195026397705
-0.2831016778945923 1.5179715156555176 1.835720419883728
-1.5188653469085693 2.099010467529297 -0.2518814504146576
-0.9363632798194885 -0.27086737751960754 -2.688873052597046
1.460363745689392 0.061044707894325256 2.6691501140594482
1.4495928287506104 -1.5305343866348267 -2.378124713897705
0.1612410843372345 -1.3868581056594849 -2.726331949234009
-1.0694071054458618 1.0786186456680298 -1.7693578004837036
-0.35134443640708923 1.4243569374084473 -2.4917006492614746
-1.5100831985473633 1.0888253450393677 0.3654872477054596
1.9428406953811646 -0.7781935930252075 1.6533493995666504
-0.522504448890686 -0.5470355749130249 -2.775428533554077
-1.2574341297149658 -1.1050642728805542 -0.1682286560535431
-0.3336838483810425 1.255756139755249 -2.331069231033325
1.060481309890747 -1.4031376838684082 -2.3749849796295166
-0.8263075351715088 1.6776578426361084 0.37935155630111694
-0.3171159327030182 -0.10138508677482605 -1.8697901964187622
-1.0733054876327515 -1.400864601135254 -2.6304819583892822
0.9516667127609253 0.3487764596939087 -2.2925610542297363
1.6018167734146118 -1.4005156755447388 1.40776526927948
-1.6752451658248901 1.915028691291809 1.0734554529190063
0.08709320425987244 1.5242942571640015 2.2481188774108887
1.4160525798797607 -1.3992726802825928 -1.3901746273040771
1.7850607633590698 -1.4159867763519287 -1.6556742191314697
-1.6051630973815918 1.552379846572876 0.5895807147026062
-1.0552424192428589 1.954328179359436 -1.4944807291030884
-1.4583778381347656 0.6782907247543335 1.288120150566101
-0.7086484432220459 0.7802626490592957 2.7473671436309814
-1.4582544565200806 0.3484380841255188 1.2116293907165527
0.9633201956748962 -0.10604202747344971 1.140486478805542
-0.758604109287262 0.8974965214729309 -1.0511081218719482
1.6205521821975708 0.15138807892799377 2.1449391841888428
-0.41845613718032837 -0.06916707754135132 -0.927165687084198
2.009693145751953 -0.19453400373458862 -0.19493459165096283
-0.2518084645271301 -1.3976454734802246 -2.2049360275268555
-1.3389486074447632 -0.5199844241142273 -0.35078421235084534
1.5536271333694458 -0.08309915661811829 -1.400167465209961
-0.0044390130788087845 1.5033214092254639 2.029958486557007
0.20483063161373138 -0.39484304189682007 -2.779602527618408
-0.6408253908157349 -0.014220103621482849 -2.801746368408203
-0.9782302975654602 0.9684736132621765 -1.8931058645248413
1.6668925285339355 0.22735944390296936 -2.286769151687622
-0.028494559228420258 -0.7787498235702515 -2.7906627655029297
-0.3349303901195526 0.10231725126504898 -1.6533914804458618
-1.017772912979126 1.731040596961975 1.2427290678024292
-0.04432716220617294 -1.4014408588409424 0.08973430097103119
1.7285736799240112 -0.27452290058135986 -2.8137152194976807
-1.241519570350647 -1.0857651233673096 2.189819574356079
0.3631262183189392 -1.4059462547302246 -1.8612663745880127
-1.302420973777771 -0.7900455594062805 -1.1236227750778198
-0.41280707716941833 -1.4014064073562622 2.504506826400757
0.06140586733818054 0.13819573819637299 -2.342284917831421
-1.446745753288269 0.6935675740242004 2.1580474376678467
-1.5088828802108765 1.0410336256027222 0.0071856314316391945
-0.8553902506828308 1.2238140106201172 0.8377760052680969
-1.4807863235473633 0.5319904088973999 -0.4619479775428772
-1.4909371137619019 0.5664766430854797 2.2910425662994385
1.082554578781128 -0.10531105101108551 0.09099939465522766
-0.709892749786377 1.4021947383880615 -0.7091641426086426
-1.297736406326294 -0.856242299079895 -2.3773109912872314
-0.900461733341217 1.7981371879577637 -1.1524429321289062
1.7546049356460571 -0.2257654070854187 -2.8205580711364746
-1.303708791732788 -0.647376537322998 1.3128799200057983
0.1571248173713684 -1.3702996969223022 -1.9506841897964478
-0.8743954300880432 1.5949888229370117 0.8739630579948425
-0.6937598586082458 -0.20516087114810944 -2.767977476119995
-0.8724832534790039 1.751152753829956 -0.909762442111969
0.9237707257270813 -0.10243219137191772 0.667206883430481
1.6781401634216309 -0.08870218694210052 0.18018245697021484
-0.37480178475379944 0.20669618248939514 2.716843843460083
-1.6697523593902588 1.761065125465393 -1.7024989128112793
-1.7222834825515747 1.9954885244369507 -1.7997673749923706
0.41192275285720825 -0.5362032055854797 -2.7859888076782227
-1.11745023727417 -1.3701592683792114 1.6181501150131226
-0.7756527066230774 -1.7265578508377075 -2.3869519233703613
-0.7861798405647278 -1.6959084272384644 -2.4491379261016846
-0.32568442821502686 -0.10777066648006439 2.7831380367279053
-1.3588237762451172 -0.21564026176929474 -0.32958412170410156
1.0138119459152222 -0.9417321681976318 2.857917308807373
-0.70505690574646 0.9521967768669128 0.4560262858867645
1.266603708267212 -1.3978627920150757 2.3997676372528076
-0.1473550647497177 -1.0143311023712158 -2.789330244064331
1.9754592180252075 -0.9641181230545044 -0.35585400462150574
0.09860529750585556 -0.09779796749353409 0.6075902581214905
-0.6001753807067871 -1.3953105211257935 -2.0163633823394775
-0.6777268648147583 -0.06400430202484131 -2.1369802951812744
-0.5438597798347473 0.3939552903175354 -2.3015143871307373
0.1354251503944397 0.9707211256027222 2.5977768898010254
-0.5121132731437683 -1.2708014249801636 2.8216140270233154
1.3008121252059937 -0.9993530511856079 -2.765282154083252
-1.4278231859207153 1.3132569789886475 2.680007219314575
1.6472758054733276 -0.5685811042785645 2.8659446239471436
-1.5479024648666382 2.0811948776245117 0.9525103569030762
-0.2267622947692871 -1.399113655090332 1.7100977897644043
-1.338097333908081 -0.48722922801971436 1.0091438293457031
0.4941568374633789 -1.3990085124969482 -2.4582836627960205
-0.6620389223098755 -0.0006890743970870972 -1.4277064800262451
-1.463161587715149 0.12588176131248474 -1.80142080783844
-1.4379444122314453 0.17148052155971527 0.7959258556365967
-1.4228253364562988 1.0386148691177368 -1.7316704988479614
1.9640227556228638 -0.7739201188087463 -0.04214223846793175
-0.9586465954780579 1.896256685256958 0.09878837317228317
1.3662039041519165 -0.3681733310222626 -2.786738157272339
-0.49911290407180786 -0.08890607953071594 -0.16258132457733154
1.9905165433883667 -0.17498283088207245 0.6990109086036682
1.975277304649353 -1.1712721586227417 -1.5805127620697021
-0.8564791083335876 -1.5428919792175293 2.2799909114837646
-1.5077872276306152 0.7841532230377197 -0.826564371585846
1.8091721534729004 -0.0872022807598114 0.48869118094444275
0.8935806751251221 -1.3965669870376587 0.06944552809000015
1.0612190961837769 0.03370298445224762 2.048398971557617
1.903977870941162 -1.2881615161895752 -2.1368982791900635
0.16167177259922028 -1.392402172088623 -0.5909377336502075
-0.8796013593673706 1.5061357021331787 0.8775400519371033
-1.4168329238891602 -0.11420182883739471 2.008239269256592
-0.8228311538696289 1.703054666519165 -0.38538113236427307
1.7289471626281738 -1.6455934047698975 -2.2402074337005615
1.9785727262496948 -1.1864687204360962 -0.38651299476623535
1.0347352027893066 -1.382261037826538 0.23889398574829102
2.0335893630981445 -0.23526984453201294 0.12701071798801422
-0.7103285193443298 -1.3987770080566406 0.7262216210365295
0.8016942739486694 -0.1057862639427185 1.903664469718933
1.8852670192718506 -1.3490744829177856 -2.4514474868774414
-0.9640809893608093 -1.3947687149047852 -1.3369905948638916
0.33280280232429504 -1.0821493864059448 2.8409767150878906
0.657419741153717 -1.3992118835449219 -2.1721832752227783
0.8169405460357666 -0.5581418871879578 -2.78399658203125
-1.678830623626709 1.777727723121643 -0.8704707622528076
0.050906166434288025 -1.412837266921997 1.9269511699676514
-0.2678142488002777 0.0731915682554245 2.03460693359375
-0.7738201022148132 1.3854092359542847 0.21409112215042114
1.8586935997009277 -1.4888228178024292 -2.4052505493164062
-0.12932519614696503 -0.17682133615016937 -2.796388626098633
-1.3305946588516235 -0.6632050275802612 -1.420251727104187
-1.4036154747009277 0.17475949227809906 -2.6117234230041504
-1.5301744937896729 2.111753463745117 -1.9449671506881714
-1.3705254793167114 -0.27228665351867676 2.4544100761413574
-0.8675304651260376 -0.03876809775829315 -2.2417149543762207
-1.6385895013809204 1.8425981998443604 0.7766129970550537
-1.2590906620025635 -1.0901474952697754 0.5959819555282593
-1.5783199071884155 1.528022050857544 0.659252405166626
0.03265759348869324 0.46172845363616943 -2.587024211883545
-0.6734723448753357 0.05592518299818039 -1.1569499969482422
1.873513102531433 -0.06313597410917282 -2.0410213470458984
1.879144549369812 -1.3524763584136963 2.384459972381592
-0.8047991991043091 0.86855548620224 -2.719571828842163
-1.463096261024475 0.4180895686149597 0.8724240064620972
0.31423628330230713 -1.3990051746368408 1.413190484046936
-0.8233464956283569 -1.4151817560195923 2.4534778594970703
-1.1715822219848633 -1.3148722648620605 1.7601004838943481
-0.763056218624115 1.4309468269348145 0.11651340872049332
-1.4967198371887207 0.9917598366737366 0.5645801424980164
1.8816696405410767 -0.7862130999565125 2.468709707260132
-1.2765915393829346 -0.9598999619483948 1.0931466817855835
0.4417238235473633 -0.3196892738342285 -2.7958593368530273
-0.7770360708236694 0.50115966796875 1.007900595664978
-1.4341986179351807 2.0688095092773438 0.7122455835342407
-1.396757960319519 2.0348639488220215 1.7212586402893066
-0.6395992040634155 -0.18288667500019073 2.7933688163757324
-0.6772171258926392 -1.3845462799072266 0.08020461350679398
1.9391417503356934 -0.6852346658706665 2.4652576446533203
0.01516905426979065 1.5942885875701904 2.390995979309082
0.6650599837303162 -0.11893796920776367 2.766885757446289
-0.9733642339706421 1.6715425252914429 1.083789587020874
2.005528450012207 -0.1699821799993515 -2.5691311359405518
-1.2309576272964478 2.0326685905456543 -0.06582703441381454
-0.4483948349952698 -1.3220752477645874 2.8064465522766113
-0.1681637465953827 -0.061044879257678986 -1.4196394681930542
-1.4967540502548218 1.1232807636260986 1.0520654916763306
-0.10502342879772186 -1.4125378131866455 -0.5052906274795532
-1.2483437061309814 -1.0818923711776733 1.1511030197143555
-0.7187552452087402 -0.11244426667690277 -2.3735673427581787
0.5440518260002136 -0.33208566904067993 2.861575126647949
2.0112504959106445 -1.100041151046753 -2.7033920288085938
-0.49417978525161743 1.699633240699768 -2.3848204612731934
1.9485608339309692 -1.1123745441436768 0.4519179165363312
1.7490956783294678 -1.3886502981185913 1.7006608247756958
0.6076343059539795 -0.10151541233062744 0.6769448518753052
-0.6065828800201416 1.6798615455627441 1.775207757949829
-0.7531167268753052 1.2338719367980957 -1.1978873014450073
-1.6598039865493774 1.8190149068832397 1.65518319606781
-0.8224271535873413 -1.724768877029419 -2.558379650115967
1.9868559837341309 -0.4840540885925293 -0.7283111214637756
-1.4581570625305176 0.40299808979034424 1.7716199159622192
0.2818998694419861 -0.10388842225074768 -0.075263611972332
-0.6882842183113098 1.363766074180603 2.413339614868164
-0.8136841058731079 -0.7822611331939697 2.795532464981079
1.9179720878601074 -1.1605432033538818 1.8385238647460938
-0.6028894186019897 -0.08289514482021332 0.2351488173007965
-0.9180788397789001 1.3634310960769653 1.1651549339294434
-0.9414764642715454 1.3566354513168335 -2.7436678409576416
1.9157133102416992 -1.014840841293335 2.052718162536621
-0.5273438692092896 0.9483907222747803 2.630143880844116
0.49830329418182373 -0.7961985468864441 -2.790541648864746
-1.5526821613311768 1.0210603475570679 -1.5998244285583496
-1.7108784914016724 1.975148320198059 -0.6966210603713989
-0.7194560170173645 0.5058348178863525 -0.7710452079772949
-0.9342544078826904 0.459563672542572 2.784289836883545
-1.5048797130584717 0.8621216416358948 -0.3999239206314087
1.9943492412567139 -0.747607946395874 -2.103363513946533
0.14793458580970764 -0.06810472905635834 -2.8261923789978027
0.46635910868644714 -1.2324727773666382 -2.771186351776123
1.9916486740112305 -1.0950534343719482 -1.7058852910995483
-1.5891203880310059 1.2542660236358643 -1.554922342300415
1.9348444938659668 -0.9621772766113281 1.507002592086792
-0.2988891899585724 -0.09899528324604034 1.281220555305481
0.0016272480133920908 1.6531189680099487 2.2546770572662354
-0.8766012787818909 -0.5707521438598633 -2.7707481384277344
1.0164364576339722 -0.11033201217651367 1.8769586086273193
-1.6329329013824463 1.6401010751724243 -0.5784569978713989
-1.0251963138580322 0.8314186334609985 2.783787488937378
1.4423140287399292 -0.09038444608449936 -1.0945942401885986
-1.6340912580490112 2.018848180770874 2.0526504516601562
1.9454818964004517 -0.5831112265586853 1.8381240367889404
-1.0266932249069214 1.4313526153564453 -2.747483015060425
-1.534947395324707 0.8472747802734375 -2.1324408054351807
0.4624212980270386 -0.0904504805803299 -1.124910593032837
1.3288525342941284 -0.09134453535079956 -0.2080373913049698
0.8457627892494202 -1.3878397941589355 1.9407728910446167
1.9636653661727905 -0.617350161075592 2.7470295429229736
1.266899585723877 -1.3945543766021729 0.5013378262519836
-1.4552292823791504 0.12351040542125702 -1.382816195487976
0.23534701764583588 0.5566805005073547 2.651536226272583
1.0352823734283447 -1.2761625051498413 -2.743655204772949
-1.3036192655563354 0.9650431871414185 2.7034595012664795
1.7715153694152832 -0.5024053454399109 2.865032196044922
-0.9562820196151733 -1.3801517486572266 0.20472776889801025
0.2843154966831207 0.461539626121521 -2.2946250438690186
-0.4280014932155609 0.12636421620845795 -1.7690824270248413
-1.2444894313812256 -0.9243919253349304 2.638711929321289
-1.008205533027649 1.871728539466858 -2.7176706790924072
-1.6416287422180176 1.8503600358963013 -2.4840660095214844
-0.33282050490379333 -0.1013418436050415 1.984582543373108
-0.6557856202125549 0.13119186460971832 -1.1307693719863892
0.13691958785057068 -1.397749900817871 0.9595800638198853
-1.05818510055542 -1.3957654237747192 0.5796300172805786
-1.5575990676879883 1.4073214530944824 -0.597582995891571
1.97942054271698 -0.25808852910995483 2.7139675617218018
-1.4235984086990356 0.6909613609313965 2.591740846633911
-1.6961182355880737 1.9757083654403687 -1.292534351348877
-1.4722306728363037 1.0991101264953613 1.9368280172348022
-0.7011440396308899 1.4585552215576172 2.421506881713867
-0.7496733665466309 1.638161063194275 1.7649049758911133
0.7804945111274719 -1.3992189168930054 1.0974918603897095
-1.7169750928878784 2.0221076011657715 1.4260514974594116
-0.7113614082336426 0.2517685294151306 1.9382455348968506
0.11717424541711807 1.2016103267669678 2.286749839782715
1.989359736442566 -0.39320915937423706 -1.2938432693481445
-0.7802151441574097 1.5189406871795654 -0.03463049232959747
0.4101727306842804 -1.4244039058685303 0.49763306975364685
0.8884865641593933 -0.11068356037139893 0.050102733075618744
-0.9150208830833435 0.9124391078948975 -2.7491536140441895
1.4013928174972534 -1.467063307762146 -2.3752944469451904
-1.1917849779129028 -1.284193515777588 1.892585039138794
1.9759551286697388 -0.5551861524581909 -0.20511777698993683
1.9384503364562988 -0.8803110718727112 1.9217921495437622
0.2531226575374603 -0.10395300388336182 1.1223886013031006
-0.9053967595100403 1.4047431945800781 1.3962547779083252
1.5703407526016235 -0.08376311510801315 -1.8776443004608154
-1.5347250699996948 1.2737759351730347 0.4347969591617584
-0.6757311820983887 -1.3769387006759644 -1.57255220413208
-1.412453055381775 -0.12449592351913452 -1.2911605834960938
1.246705174446106 0.3663260042667389 -2.7835068702697754
-0.7086942195892334 -1.3510901927947998 2.7586429119110107
-0.16928023099899292 0.43714046478271484 1.9620387554168701
-0.8272775411605835 -0.20185409486293793 -2.4013307094573975
-0.8727694749832153 1.7162197828292847 0.5688768029212952
0.5094649195671082 -0.3650209307670593 -2.8001811504364014
-0.4176257848739624 -1.4005001783370972 2.071133613586426
1.6999940872192383 -0.07561622560024261 -1.5065568685531616
-0.36918210983276367 0.11421756446361542 -2.404240369796753
1.9630000591278076 -0.4170782268047333 1.7430989742279053
-1.5530462265014648 2.0529794692993164 2.017726182937622
1.0862257480621338 -0.8995480537414551 2.8549296855926514
1.078237533569336 0.2693014144897461 2.247952699661255
-1.5288608074188232 1.3603031635284424 1.4419959783554077
0.27444326877593994 -1.4021550416946411 -1.8166921138763428
-0.051545292139053345 -0.08993810415267944 0.9548446536064148
0.021003421396017075 -1.4108761548995972 -0.5765271186828613
-1.4953417778015137 0.5841389894485474 -1.51414954662323
-1.4510425329208374 0.23401238024234772 2.2884421348571777
-1.373058557510376 -0.3250628709793091 2.210657835006714
0.7060108184814453 -0.09366649389266968 -0.7146968841552734
2.000657081604004 -0.23743534088134766 0.024389537051320076
-0.4464319348335266 -1.3907954692840576 -0.02815083973109722
-1.6991013288497925 1.8545129299163818 -1.2958192825317383
-1.4560786485671997 0.9064532518386841 1.7182319164276123
0.41598713397979736 -0.2584589123725891 2.8542494773864746
-1.3984167575836182 -0.042162105441093445 0.9432296752929688
-1.4571881294250488 0.6441335678100586 1.9849351644515991
-0.6932128667831421 0.17321854829788208 -2.3321731090545654
-0.481038898229599 0.24180267751216888 -2.3303675651550293
0.7101206183433533 0.056999571621418 -2.851970672607422
-1.5047954320907593 0.7427376508712769 -0.8558111190795898
1.527635931968689 -1.411942958831787 0.38985538482666016
-1.6470060348510742 2.100128412246704 -1.4599660634994507
0.8101428151130676 0.2586635947227478 2.212547779083252
0.8132927417755127 -1.3981938362121582 -1.6626663208007812
2.0072178840637207 -0.4308164119720459 -2.4988179206848145
-1.488675594329834 0.8176569938659668 0.09640958160161972
0.8784915804862976 -0.46451953053474426 2.884922981262207
-0.9429054856300354 1.8514769077301025 -1.2916488647460938
-1.2554761171340942 -0.9340819716453552 1.799164891242981
-1.261915922164917 -1.1800529956817627 -0.9953485727310181
-0.12080647051334381 -0.10138748586177826 -2.8109934329986572
1.3871018886566162 -1.553654670715332 -2.2806410789489746
1.3976579904556274 -1.192973256111145 -2.7522284984588623
-0.48174557089805603 -1.0877652168273926 2.828906536102295
0.06303462386131287 -0.12018582224845886 0.97884202003479
-1.2684202194213867 -0.7549039721488953 2.6573901176452637
-0.15774041414260864 1.1071161031723022 1.8972305059432983
1.9344279766082764 -1.3175042867660522 -2.4154484272003174
1.944732666015625 -0.7426774501800537 1.357562780380249
1.8551487922668457 -1.4197564125061035 2.6050150394439697
0.3241517245769501 -1.406545639038086 -2.1873865127563477
0.10485699027776718 -1.408437967300415 -2.5649526119232178
-0.08992631733417511 -0.0450868159532547 2.0119285583496094
-1.435355305671692 0.10814482718706131 1.4570368528366089
-1.3531051874160767 -0.4791795611381531 -1.0903559923171997
-0.4887140691280365 -1.3995254039764404 0.6642624735832214
1.841229796409607 -0.05909085273742676 -1.3245664834976196
1.975928544998169 0.21287542581558228 -2.4896798133850098
-0.8101844787597656 1.5968979597091675 0.4634031355381012
-0.515212893486023 -0.0688532143831253 -2.438497304916382
0.8700498938560486 -0.10241162776947021 0.1435411125421524
1.9882638454437256 -0.3181424140930176 -1.1067419052124023
-1.0883073806762695 1.963755488395691 -0.5094101428985596
0.4197888672351837 0.042660877108573914 2.596639394760132
-0.7988625764846802 1.6658523082733154 2.4626145362854004
-1.264505386352539 -0.9084745645523071 1.4556024074554443
-0.5801975131034851 -0.684166431427002 -2.784977912902832
-1.4189698696136475 0.06923045963048935 -0.4207572340965271
-1.0057728290557861 1.7650412321090698 1.5619511604309082
1.830179214477539 -1.400789737701416 1.1112490892410278
1.9360829591751099 -1.1275570392608643 1.0146018266677856
1.9978669881820679 -0.44839006662368774 -2.7647294998168945
1.782408356666565 -1.3974708318710327 0.6294876933097839
-1.297641634941101 -0.7409231662750244 0.48921307921409607
-0.683361291885376 0.06575482338666916 -1.0765091180801392
-1.3329931497573853 -0.42109233140945435 1.5552293062210083
-1.6754846572875977 1.8665645122528076 -2.2430648803710938
-0.9443976879119873 -0.2295476347208023 -2.766664981842041
-0.7626610994338989 1.3398841619491577 0.048807546496391296
1.9899054765701294 -0.48996701836586 -1.4968798160552979
-1.1568161249160767 -0.8541695475578308 -2.763641834259033
-0.39363160729408264 -1.3976056575775146 -2.1619374752044678
0.4003632962703705 -1.0882657766342163 2.6798243522644043
-0.6063084602355957 1.1096316576004028 1.8732446432113647
-1.0620462894439697 1.5272908210754395 -2.7423367500305176
-0.21480464935302734 -1.4030849933624268 -1.6705257892608643
0.02780642732977867 -0.09905586391687393 1.1200227737426758
1.3987070322036743 -0.39029762148857117 -2.7786905765533447
0.05777500197291374 1.0779470205307007 2.5717687606811523
-1.4193997383117676 -0.025914952158927917 1.6936719417572021
-0.8786031603813171 -1.3873058557510376 -2.1879448890686035
-0.03001599758863449 0.342529833316803 2.6932146549224854
0.7552584409713745 -1.4045121669769287 2.652578830718994
-0.5188740491867065 0.24140338599681854 2.243391752243042
-0.39264288544654846 -1.3908753395080566 2.793055772781372
1.9714038372039795 -0.4158655107021332 2.0734782218933105
-0.8316003680229187 0.7978079915046692 0.8805999755859375
-1.4403759241104126 1.114312767982483 2.58669376373291
1.9836926460266113 -0.7502450346946716 -2.310987710952759
-0.6769744157791138 -1.3946127891540527 -1.970027208328247
-0.2027687430381775 -1.372760534286499 0.18809296190738678
1.1435554027557373 -1.4282300472259521 0.1410190910100937
-1.2140367031097412 -1.2433518171310425 -2.406923532485962
-1.2527719736099243 -0.9397820830345154 1.7595834732055664
-1.651621699333191 2.080864667892456 -1.313310146331787
-1.5489482879638672 2.088477611541748 0.40101537108421326
-1.4910438060760498 0.7798826694488525 0.11317253857851028
-0.8950499296188354 1.1788338422775269 1.2734795808792114
0.48064684867858887 0.6435756087303162 2.403846502304077
1.831713318824768 -0.08835823833942413 -1.0470918416976929
-1.6882179975509644 1.9090962409973145 0.24464856088161469
1.384103536605835 -0.8540904521942139 2.8622851371765137
-0.6805950403213501 -0.06904570758342743 1.9168834686279297
-1.4588638544082642 0.293765664100647 -0.4350557029247284
-0.6150147318840027 -0.07999555766582489 -0.33600059151649475
-0.23310649394989014 -0.09485061466693878 1.1292825937271118
1.7315865755081177 -1.4036540985107422 -0.10164114832878113
0.6166433095932007 -1.3976025581359863 -0.3437524139881134
1.9905341863632202 -0.18619857728481293 1.487335443496704
0.7043570876121521 0.04865095019340515 2.6894445419311523
-0.7974114418029785 1.6060073375701904 -1.1908938884735107
-0.8352730870246887 0.8376424312591553 1.344234585762024
0.65988689661026 -1.401270866394043 -2.1562719345092773
-0.794556736946106 1.6184759140014648 -1.3782730102539062
1.775360107421875 -1.3825533390045166 -1.2763465642929077
-1.392560362815857 -0.2811211943626404 -2.389082908630371
1.8860396146774292 -0.9896919131278992 2.2784948348999023
-0.7111659049987793 -1.3890615701675415 -0.7220743298530579
0.15817201137542725 0.9535051584243774 2.5745067596435547
-0.48923417925834656 0.13729925453662872 -1.5487934350967407
1.9675794839859009 -0.5336775779724121 0.4795692265033722
0.4085882008075714 -0.059725210070610046 -2.2467880249023438
-1.4081634283065796 -0.2867307960987091 -1.9385242462158203
-1.2107901573181152 -1.3499521017074585 -1.7830054759979248
-1.3419026136398315 -0.34314531087875366 0.37319475412368774
1.95596182346344 -0.5387212038040161 2.7333972454071045
-0.6824847459793091 -1.3963453769683838 -1.2179769277572632
0.5640939474105835 -0.0996125265955925 1.2865153551101685
1.871424913406372 -1.35075843334198 1.9464809894561768
-0.5502030253410339 -1.415061593055725 0.5207661390304565
-1.3369897603988647 -0.2309311181306839 0.5755014419555664
-1.1957042217254639 1.6985528469085693 -2.7314600944519043
-1.4649544954299927 0.7701430320739746 1.8727530241012573
1.2619826793670654 -1.3943192958831787 -2.056767702102661
-0.39791810512542725 -0.08675536513328552 0.27681371569633484
0.2709363102912903 0.4885781407356262 -2.1445887088775635
-0.051419418305158615 1.6519230604171753 2.4013242721557617
-0.5620582699775696 -1.4087193012237549 -1.7169718742370605
-0.7412002682685852 0.786706805229187 -0.7008762359619141
-1.2274858951568604 -1.1225258111953735 2.2354178428649902
-1.4983006715774536 2.0795743465423584 -0.6513410210609436
1.4856483936309814 -1.4053657054901123 2.0863161087036133
1.0736483335494995 -1.444931983947754 -1.7143985033035278
-0.721576452255249 0.30619603395462036 0.7557345628738403
0.2668401300907135 -1.3980690240859985 -1.3270395994186401
0.010111112147569656 -0.19836367666721344 -2.7902703285217285
-1.4999639987945557 1.1207072734832764 -0.12269715964794159
-0.18679559230804443 -0.7812451124191284 2.8899221420288086
1.9005577564239502 -1.349527359008789 -1.1749778985977173
0.17975294589996338 -1.4014661312103271 -0.767006516456604
0.07315021753311157 -1.4111909866333008 0.5132010579109192
-1.450749397277832 0.303524374961853 0.25173404812812805
-0.6658509969711304 1.6807911396026611 -2.1718475818634033
-1.4875344038009644 0.8083889484405518 0.41826772689819336
1.330838680267334 -1.102627158164978 -2.754065990447998
-0.852491021156311 1.7483201026916504 -0.5425885319709778
-1.1394892930984497 1.9398902654647827 1.1193079948425293
0.9938669204711914 0.2188478708267212 2.564903974533081
-0.9052630066871643 1.4523632526397705 1.0712926387786865
-0.4657752513885498 -0.0865020751953125 0.9007253646850586
-1.6722995042800903 1.8729724884033203 1.1039475202560425
-1.4964964389801025 0.6325505971908569 -2.426420211791992
1.6458672285079956 -0.16792920231819153 -2.819704294204712
1.9987425804138184 -0.33097708225250244 -1.6382222175598145
0.6011983156204224 -1.40089750289917 -1.0523598194122314
-0.78840571641922 1.5998352766036987 -1.3465181589126587
1.1973867416381836 0.13173924386501312 -2.8590681552886963
1.8420393466949463 0.1766144186258316 2.4941556453704834
1.6611473560333252 -1.3317887783050537 2.813241958618164
-1.04983651638031 -0.7575029134750366 -2.7821898460388184
1.547182321548462 -1.594781756401062 -2.193398952484131
1.1218957901000977 -0.1071174144744873 1.5266807079315186
0.07074467837810516 -1.3972983360290527 0.7144486308097839
-1.4767730236053467 0.3387138247489929 -1.5996479988098145
-0.7981830835342407 0.9891459345817566 0.8486249446868896
0.818729817867279 -1.4015376567840576 -2.2752485275268555
-0.749103307723999 1.0660711526870728 0.6449133157730103
0.018673710525035858 -0.10479019582271576 0.694625198841095
1.1510170698165894 0.005544930696487427 1.9463801383972168
-0.4656805694103241 0.14718039333820343 -1.3007968664169312
-0.7630776762962341 1.543335199356079 -0.8414909839630127
-1.3077783584594727 -0.7247853875160217 -0.26306256651878357
1.1011239290237427 -1.2161871194839478 2.8379125595092773
-0.8324287533760071 0.9956614971160889 1.049075961112976
0.24132095277309418 -0.09571608901023865 1.837074875831604
0.040102794766426086 -0.8328953981399536 -2.7820868492126465
0.3407891094684601 -0.09608283638954163 -0.878478467464447
-1.2448278665542603 -1.2801640033721924 -0.8106563091278076
1.9501334428787231 -0.525347888469696 2.2375128269195557
1.461931586265564 -0.09803585708141327 -0.4574196934700012
1.5562323331832886 -0.0029281973838806152 2.6875576972961426
-0.9068967700004578 1.1188143491744995 1.6367218494415283
1.5328558683395386 -0.09025242924690247 -1.8905929327011108
-1.6602869033813477 1.7573707103729248 -0.28605973720550537
-0.840557336807251 1.7053471803665161 0.3448658883571625
-1.4969431161880493 0.7752231955528259 0.0024405154399573803
0.146652951836586 0.19045810401439667 2.6769022941589355
0.6029894351959229 -1.383844256401062 -2.649681806564331
0.6815060377120972 -0.09638822078704834 -0.7597655653953552
-1.2399009466171265 0.04729530215263367 -2.672559976577759
-1.480672001838684 1.0637985467910767 -2.5465385913848877
-0.1595505326986313 -0.07732982933521271 -1.0867490768432617
1.0530818700790405 -1.248656988143921 2.844665765762329
-1.1849886178970337 1.8321952819824219 2.3945870399475098
1.3134995698928833 -0.19094932079315186 2.799858331680298
-1.2847219705581665 -0.7148550748825073 1.8586196899414062
1.9010510444641113 -0.11176566779613495 1.3155579566955566
1.5318759679794312 0.06635178625583649 2.073136568069458
1.9063334465026855 -1.21266508102417 2.408306360244751
-1.5384712219238281 1.3477985858917236 1.0721725225448608
1.7488877773284912 -1.395119071006775 -0.7871405482292175
-0.8978604078292847 -1.3764710426330566 0.19251178205013275
0.7270901203155518 -0.9188394546508789 -2.7873294353485107
1.8773671388626099 -1.3772566318511963 0.24620449542999268
-1.4757037162780762 0.5577446222305298 2.488713502883911
-0.09419577568769455 -0.08960286527872086 0.5581324696540833
-1.4391366243362427 1.0747441053390503 2.5462279319763184
-0.47216320037841797 0.00030197203159332275 -2.2359187602996826
0.04056806117296219 -1.4005166292190552 -2.5429322719573975
-1.3404396772384644 1.9866328239440918 2.4725234508514404
-1.2875348329544067 -0.863792896270752 -0.7263396382331848
0.3034723997116089 -1.4038819074630737 -1.3030370473861694
1.751695990562439 -1.4006671905517578 -0.44940340518951416
-0.03750511258840561 -1.4114339351654053 1.009159803390503
1.113926887512207 -1.4188735485076904 1.020931363105774
-1.5577391386032104 2.0855915546417236 1.161881446838379
-0.5504089593887329 -0.09327977895736694 0.1599469631910324
-0.5835956335067749 -0.08767180144786835 0.02390812523663044
1.5456582307815552 -0.2563324570655823 -2.800800085067749
-0.41288748383522034 1.5579347610473633 -2.3808727264404297
-1.5409682989120483 1.3679702281951904 0.626237154006958
-0.9089272022247314 1.410081148147583 1.5241105556488037
0.7581835389137268 -0.10811783373355865 -1.4733996391296387
-0.7983548641204834 1.6784454584121704 1.7298671007156372
0.36268651485443115 -0.10233300924301147 -0.056756436824798584
1.6595977544784546 -1.2347224950790405 -2.765538215637207
0.2013217806816101 0.4770907461643219 -2.1776981353759766
1.9909859895706177 -0.7776784896850586 -1.9934102296829224
-0.15521486103534698 -0.0319780558347702 -2.797683000564575
0.6750240921974182 0.33977842330932617 -2.304394006729126
1.0815796852111816 -1.3808821439743042 -0.6301694512367249
-1.431465983390808 -0.004571899771690369 -1.16204035282135
-1.3956092596054077 -0.11129316687583923 1.3657208681106567
1.5157350301742554 0.020458601415157318 2.694232940673828
-0.6311557292938232 -1.396257758140564 -1.7354191541671753
1.3463256359100342 -1.3907562494277954 2.5173184871673584
-0.05888218432664871 -1.387900471687317 -1.777722716331482
-1.6373857259750366 1.671906590461731 -2.4610390663146973
-1.463960886001587 0.5003457069396973 -2.523359775543213
-0.600775420665741 0.8194560408592224 -2.698455810546875
-1.5679885149002075 1.529294490814209 1.6111505031585693
0.5865514874458313 -1.4178569316864014 0.06455280631780624
-1.6093446016311646 1.362350344657898 -1.4884792566299438
1.5776138305664062 0.10299866646528244 2.1116433143615723
1.9483367204666138 -1.3175241947174072 -1.0269461870193481
0.06156538799405098 -0.0866270363330841 -0.45808014273643494
-0.010026667267084122 0.4198446273803711 -2.825162410736084
1.9781135320663452 -0.13951808214187622 1.5396023988723755
-0.2930004894733429 0.7815022468566895 1.9131606817245483
1.0588310956954956 -1.392385721206665 1.745152235031128
1.3351095914840698 -0.10676151514053345 0.011935935355722904
1.8407022953033447 -1.1486780643463135 2.81547474861145
0.04848683625459671 -0.08532446622848511 -1.759182095527649
0.38248389959335327 -0.11963602900505066 1.8100286722183228
-0.8534643054008484 1.7410951852798462 -1.3108835220336914
-1.653229832649231 1.736922025680542 1.0168468952178955
-1.5964041948318481 2.051607370376587 1.9715830087661743
0.9763040542602539 -0.09391510486602783 -0.6764005422592163
-0.5466266870498657 -1.382764220237732 -2.0196239948272705
1.979557752609253 -1.0670242309570312 -1.8758950233459473
1.2730746269226074 -1.4175896644592285 1.9193809032440186
0.5093202590942383 -1.3841314315795898 1.7631827592849731
-0.1511250138282776 -0.26659780740737915 -2.782963752746582
-0.703231930732727 0.4097025394439697 -0.696567952632904
1.2376676797866821 -1.0868277549743652 -2.753814697265625
-0.9126056432723999 1.8142094612121582 -1.195314645767212
-1.5682713985443115 1.0837125778198242 -1.7385607957839966
1.9643995761871338 -0.7279679179191589 -0.012451538816094398
-1.5316271781921387 1.3059468269348145 1.0170224905014038
-0.7306679487228394 0.25403711199760437 -2.5185024738311768
-1.5067062377929688 1.0792831182479858 -0.3689090609550476
-1.3026710748672485 -0.7730280160903931 0.3444026708602905
1.9463452100753784 -0.9529336094856262 1.1896612644195557
-0.46132025122642517 -1.3900858163833618 -2.0493927001953125
0.1664959341287613 0.41148877143859863 -2.4502692222595215
-1.2292428016662598 -1.1033034324645996 -2.7320432662963867
-0.8158986568450928 0.7605294585227966 0.9334967136383057
-0.8991993069648743 1.1473374366760254 1.373397946357727
0.4306468367576599 -0.3351021409034729 -2.797867774963379
0.6876059174537659 -1.3989677429199219 -1.5788218975067139
1.4831105470657349 -1.392461895942688 0.2572111189365387
-0.7162055969238281 -0.1315072476863861 0.14208264648914337
-0.9489409923553467 1.7035881280899048 1.659764051437378
-1.1426739692687988 0.8799038529396057 -1.7940013408660889
-0.6458269357681274 -0.061419546604156494 0.9034357666969299
-1.5014097690582275 0.9392115473747253 -0.5255770683288574
-0.9010623097419739 -1.384340763092041 -1.6094162464141846
0.17284172773361206 -1.405112385749817 -2.423189640045166
0.9703190326690674 -1.4000928401947021 2.4079794883728027
0.38553693890571594 -1.403446912765503 0.8889326453208923
-1.53115975856781 1.2622586488723755 -0.4516195058822632
0.4892180562019348 -0.2494790405035019 2.840081214904785
-1.7061821222305298 1.8686785697937012 -0.45730912685394287
-1.5007123947143555 0.8261610865592957 -0.7637635469436646
0.18898195028305054 -1.3969920873641968 -2.4595088958740234
