ply
format ascii 1.0
element vertex 2048
property float x
property float y
property float z
end_header
0.4688853621482849 0.8765947222709656 -0.9506822824478149
0.04484318941831589 1.381598711013794 -0.8587695956230164
0.05309409648180008 0.24078479409217834 0.7569377422332764
0.35396522283554077 1.525199055671692 -0.10805047303438187
0.42168211936950684 1.4464812278747559 1.373285174369812
0.05895617604255676 0.07496559619903564 -2.7410058975219727
0.4513159692287445 1.0964980125427246 1.640911340713501
0.42654258012771606 1.4665039777755737 -0.818101167678833
0.44095224142074585 -0.4088738262653351 1.5024328231811523
0.04936014115810394 1.3494961261749268 -0.658427357673645
0.04732006788253784 0.2294043004512787 -2.1050150394439697
0.4361599385738373 -0.36405643820762634 0.7035778164863586
0.06017763912677765 -0.03991967439651489 -1.7459733486175537
0.05229176580905914 1.3973499536514282 -2.253943920135498
0.15553733706474304 -0.5677185654640198 -2.8788998126983643
0.3730522692203522 1.5183959007263184 -0.9462422728538513
-0.16672493517398834 -0.9976450204849243 -1.8769147396087646
0.05473420396447182 1.3091230392456055 -2.4553864002227783
0.038689643144607544 -0.2670398950576782 -2.561370849609375
0.4470626413822174 0.3971576988697052 -0.3939078748226166
0.48012349009513855 -0.7875480651855469 2.353177309036255
0.42274999618530273 -0.6320856809616089 -2.817366361618042
0.4455453157424927 1.111604928970337 0.2041165977716446
0.4515315592288971 -0.44829800724983215 -0.1682111620903015
0.45701074600219727 0.1304333359003067 -0.6745783090591431
0.03626662492752075 -0.04419627785682678 2.5816218852996826
0.4467916488647461 0.585500955581665 1.1271308660507202
0.46112489700317383 0.45061030983924866 -0.8303290009498596
0.039651960134506226 0.46278074383735657 0.19891144335269928
0.050258517265319824 0.8997198939323425 1.5626444816589355
0.45075473189353943 0.06942328810691833 -1.091064691543579
0.04569490998983383 -0.05304831266403198 1.559332251548767
0.4415671229362488 1.4797377586364746 -0.7438684701919556
-0.1833643615245819 -0.9859299063682556 -2.066953182220459
0.03803018480539322 0.29021650552749634 0.17859016358852386
0.43561697006225586 0.267471581697464 -2.067187547683716
0.050076499581336975 1.3609185218811035 1.019113302230835
0.04209031164646149 0.6742629408836365 -0.1314164400100708
0.15540799498558044 1.4974007606506348 -2.3152008056640625
0.04494069516658783 1.009251356124878 1.1453739404678345
0.43070507049560547 0.476793110370636 0.5953461527824402
0.048033714294433594 0.8311601281166077 -1.9864734411239624
0.305175244808197 -0.6002578735351562 -2.6492645740509033
0.44417065382003784 -0.48501822352409363 -0.8108875751495361
0.4492073953151703 0.28416362404823303 -0.8358723521232605
0.4566856026649475 1.3310965299606323 -1.3367698192596436
0.4433700442314148 -0.03043524920940399 -1.4127863645553589
0.4352017343044281 -0.26676756143569946 0.4869837760925293
0.05045513063669205 0.9694610238075256 0.2767602801322937
-0.14991681277751923 -0.9480555653572083 1.9137870073318481
0.4198768436908722 -0.8677781820297241 -1.9049063920974731
0.048180028796195984 0.8785092830657959 -0.3987392485141754
0.051067885011434555 1.1878209114074707 -2.4550364017486572
0.4397990107536316 0.7323974967002869 -2.6154696941375732
0.46101272106170654 0.25134214758872986 -1.2005215883255005
0.09274142235517502 1.5011146068572998 -1.2731064558029175
0.4497292637825012 0.611550509929657 1.3695064783096313
0.17649047076702118 1.5103524923324585 1.704205870628357
0.05503404513001442 1.1613744497299194 2.115107297897339
0.059870507568120956 -0.32861748337745667 -0.5739137530326843
0.05277615785598755 0.07041901350021362 -2.5718564987182617
0.4420807957649231 1.022072434425354 -0.3763127624988556
0.45037591457366943 0.7325273156166077 -2.3801140785217285
0.45255246758461 0.4462580978870392 -1.8415381908416748
0.5460489988327026 -0.970306932926178 1.0945128202438354
0.40362006425857544 -0.8165276050567627 0.40312132239341736
0.48953959345817566 1.3225151300430298 -1.048427939414978
0.046372681856155396 1.463852047920227 1.3888200521469116
0.03532789647579193 1.4086105823516846 -1.977409839630127
0.4359731376171112 1.5221338272094727 -1.006996989250183
0.45481619238853455 -0.5230001211166382 -2.521409034729004
0.4471909999847412 1.336169719696045 -1.678196907043457
0.4425331950187683 1.057417869567871 1.7662941217422485
-0.1596778929233551 -1.009339451789856 -0.3722718060016632
0.2116789072751999 -0.6397812366485596 -2.103783130645752
0.4275854527950287 -0.31764549016952515 1.8089572191238403
0.28540685772895813 1.2795913219451904 -2.8833632469177246
0.26317182183265686 -0.7304215431213379 2.8438565731048584
-0.20074093341827393 -0.9881118535995483 0.01259024441242218
0.076046884059906 -0.3082081079483032 -1.5306737422943115
0.07628950476646423 -0.5920330286026001 -2.5660855770111084
0.014047536998987198 -0.8069016933441162 1.7847260236740112
0.04060232639312744 1.2445142269134521 -0.7313356399536133
0.4064992666244507 -0.8406556844711304 0.22436809539794922
0.444200724363327 0.9728550910949707 0.8135024905204773
0.04026596248149872 0.5932112336158752 2.5240283012390137
0.4499608278274536 0.23369616270065308 -2.752891778945923
0.05488138273358345 0.9157735109329224 1.6888861656188965
0.011540975421667099 -1.0162941217422485 1.2596684694290161
0.4474625289440155 1.0602010488510132 1.513501524925232
0.05269094556570053 -0.43095874786376953 -0.1018880158662796
0.1965249478816986 -0.7780495882034302 0.9997546076774597
0.04494517296552658 0.3940414786338806 -1.1181992292404175
0.3957293629646301 1.1409921646118164 0.32605311274528503
-0.1924641728401184 -0.9849836826324463 -1.6478573083877563
0.1896839141845703 -0.035527393221855164 -2.874728202819824
0.03661917895078659 -0.2715441584587097 1.879792332649231
-0.20139402151107788 -0.925931990146637 0.7833002209663391
0.44736236333847046 -0.5619718432426453 -0.9237480163574219
0.4470953941345215 0.8861321210861206 -2.5697805881500244
0.45795145630836487 -0.1005467027425766 -2.4799108505249023
0.051498088985681534 1.4084140062332153 0.8997817039489746
0.4501006603240967 0.14465799927711487 0.3285495638847351
0.46186119318008423 -0.1896972507238388 -2.1353466510772705
0.0805894136428833 -0.1270984560251236 -2.7891502380371094
0.04879787564277649 0.6524677872657776 1.3254759311676025
0.38911330699920654 1.473184585571289 -2.1151583194732666
0.053718507289886475 0.29846176505088806 -1.3929497003555298
0.04351392388343811 0.09544255584478378 1.4798074960708618
0.4290354251861572 1.418149471282959 1.7722549438476562
0.28446999192237854 -1.0151407718658447 -1.699159860610962
0.4439803659915924 -0.681374192237854 -0.6269738078117371
0.3757033944129944 0.4680196940898895 2.8790745735168457
-0.09323671460151672 -0.8048263788223267 2.1863341331481934
0.45672446489334106 -0.568114161491394 -2.793369770050049
0.07740034908056259 1.491274118423462 -0.5692840218544006
0.29925376176834106 -0.9899739027023315 -0.41034069657325745
0.39007431268692017 1.4810431003570557 -2.3466992378234863
0.19038572907447815 -0.9948301315307617 1.7475744485855103
0.381481409072876 -0.8451915979385376 1.251192569732666
0.4436613917350769 0.838291347026825 0.5324701070785522
0.2849576473236084 -0.7763767838478088 0.9043254852294922
0.038613080978393555 0.11627382040023804 0.47526341676712036
0.31801217794418335 -0.5263320207595825 0.91205894947052
0.45292070508003235 -0.24211540818214417 -0.8645161986351013
0.02572856843471527 -0.8443983197212219 0.1269393414258957
0.05481843650341034 -0.3699755370616913 2.4876954555511475
0.0391102135181427 0.15005141496658325 2.6550023555755615
0.052205640822649 1.0262322425842285 0.6191642880439758
0.44768059253692627 0.41013509035110474 1.446610689163208
0.4462432265281677 -0.30352991819381714 1.3313900232315063
0.04364306479692459 1.226613163948059 0.052741888910532
0.41864466667175293 1.4712636470794678 -2.225729465484619
0.43518587946891785 0.5761573314666748 -1.0901308059692383
-0.19491641223430634 -0.9684457182884216 0.8113983869552612
0.4537125825881958 0.7432981133460999 -1.209903359413147
0.38037389516830444 0.8251408338546753 2.8766050338745117
0.0627184584736824 -0.41120368242263794 -1.97499418258667
-0.13416773080825806 -0.8602920770645142 1.9701435565948486
0.4420390725135803 1.411437749862671 -1.037077784538269
0.061735548079013824 -0.2719994783401489 -2.71199107170105
0.2708296775817871 1.1667953729629517 -2.865164279937744
0.033314049243927 1.3966983556747437 -1.2561982870101929
0.41166961193084717 -0.37559774518013 1.635816216468811
0.0427975058555603 0.5649299025535583 -0.021493978798389435
0.28795790672302246 -1.0197705030441284 -1.973101019859314
-0.07420521974563599 -0.861480712890625 0.34248560667037964
0.05071598291397095 -0.012231260538101196 -2.5976672172546387
0.13583247363567352 -0.7107189297676086 -0.9322876334190369
0.13697996735572815 1.3281773328781128 -2.8522675037384033
0.06296661496162415 1.4678088426589966 -1.3721036911010742
0.050683289766311646 0.3052246570587158 -2.7099626064300537
0.42975133657455444 -0.3341289758682251 0.4267882704734802
0.2230178564786911 -0.8221778869628906 0.27992329001426697
0.01124921441078186 0.15483202040195465 1.6601566076278687
0.5296791791915894 -0.9595870971679688 0.8149334788322449
0.4371352195739746 -0.21355779469013214 2.0556657314300537
-0.17427760362625122 -0.9856550097465515 -2.0721583366394043
0.23160505294799805 -0.3789810538291931 -2.927220344543457
0.4441647231578827 0.8937058448791504 -1.0431839227676392
0.051126956939697266 0.43658000230789185 1.3117132186889648
0.4366430640220642 0.9205148816108704 0.7301809191703796
0.15258894860744476 -0.5993839502334595 -2.662609577178955
0.04396231472492218 0.7825900316238403 0.3374016284942627
0.34377336502075195 -1.017849087715149 -0.3978941738605499
0.45990365743637085 -0.12886843085289001 -1.9676169157028198
0.4427955746650696 0.5789129734039307 0.2553747892379761
0.13812051713466644 -0.5468814969062805 -2.894876718521118
0.41209831833839417 1.4674564599990845 1.70968496799469
0.27711987495422363 -0.9869248270988464 2.2192959785461426
0.42854857444763184 1.4109952449798584 1.1678612232208252
0.4531089663505554 -0.006712481379508972 -0.34684300422668457
-0.0034222379326820374 -0.8121640086174011 2.2303290367126465
0.45634725689888 0.11149655282497406 -0.921076774597168
0.08186781406402588 1.4690449237823486 -2.470062494277954
0.4419254660606384 -0.26040536165237427 0.1293850690126419
0.045255959033966064 0.5126924514770508 -1.1411006450653076
0.040365319699048996 0.40264323353767395 -2.4922983646392822
0.036905437707901 0.877348780632019 -0.7813055515289307
0.44154125452041626 0.7214985489845276 -0.5992526412010193
0.4512549638748169 -0.4765424430370331 -0.7065907716751099
0.4342307448387146 -0.272719144821167 1.9058136940002441
0.059814125299453735 0.40112054347991943 2.816269874572754
0.5177736282348633 -1.0430042743682861 0.33162155747413635
0.045843809843063354 0.3671392798423767 1.234978437423706
0.44532617926597595 -0.5176581144332886 -0.9796121716499329
0.04393792897462845 -0.02985590696334839 1.1876155138015747
0.08801315724849701 -0.8583781123161316 -1.509667158126831
0.04414963722229004 0.8539298176765442 -0.07334671914577484
0.026866614818572998 -0.8412484526634216 -1.08065927028656
0.4443291127681732 -0.5234655737876892 -0.4611096680164337
0.04529675096273422 0.4377988874912262 -0.38443687558174133
0.4261939525604248 1.4474149942398071 1.3737596273422241
0.08186320215463638 1.4766783714294434 -1.9491550922393799
0.388247549533844 -1.0118974447250366 -0.4599000811576843
0.4427809715270996 -0.7431631684303284 1.5313453674316406
0.05089488625526428 1.1011863946914673 -2.548961639404297
0.31153053045272827 -0.7632545232772827 2.8519818782806396
0.445911705493927 0.8357682228088379 -0.6315204501152039
0.4455259442329407 0.560784637928009 -0.7923376560211182
0.43634647130966187 -0.42492425441741943 0.6510029435157776
0.43345028162002563 0.3803620934486389 -1.6349563598632812
0.45070549845695496 0.13647671043872833 -1.1567667722702026
0.43414032459259033 -0.6160976886749268 0.20389479398727417
0.4480336308479309 0.49400603771209717 -0.48013168573379517
0.16696405410766602 -0.603003978729248 1.3658536672592163
0.3852482736110687 1.5209648609161377 0.7067400217056274
0.045699890702962875 0.4615877568721771 0.615311324596405
0.44526374340057373 0.8019064664840698 0.07943905889987946
0.43685775995254517 0.48980897665023804 1.8060107231140137
-0.10904905200004578 -0.9407249093055725 2.3074841499328613
0.04771553725004196 1.2970771789550781 -1.1688326597213745
0.4715040624141693 -0.9944861531257629 0.750576376914978
-0.21823036670684814 -0.9944032430648804 0.6718340516090393
0.44366776943206787 1.4286338090896606 -1.4025565385818481
0.1123286783695221 1.5201259851455688 0.15716052055358887
0.4613228440284729 0.9529336094856262 1.6870142221450806
0.049812257289886475 0.9538699388504028 -0.2792266607284546
0.45248469710350037 1.33887779712677 -0.7675698399543762
0.44375279545783997 -0.4363113045692444 -1.420302152633667
0.05264735966920853 0.633959174156189 2.296427011489868
0.05934248864650726 1.2478693723678589 -2.4731757640838623
0.4569678008556366 1.3634237051010132 -2.754753589630127
-0.09920492023229599 -1.0264487266540527 -1.6069365739822388
0.04965315759181976 0.8040809035301208 -1.6087552309036255
0.37454602122306824 1.5015417337417603 1.4407378435134888
0.14734122157096863 -0.19154630601406097 -2.8670754432678223
0.1271730661392212 -0.9713440537452698 -0.11476150900125504
0.04394642636179924 0.6375206708908081 0.2281186282634735
-0.2004772275686264 -0.9185930490493774 1.1609859466552734
0.4753025472164154 -1.00106942653656 -1.5611140727996826
0.5521270036697388 -0.9317333698272705 1.9692730903625488
0.1861966848373413 1.1376720666885376 -2.8604464530944824
0.028701752424240112 0.13378052413463593 0.9642390608787537
0.43027982115745544 -0.3028431236743927 2.3769845962524414
0.4490866959095001 0.46451815962791443 -2.3411474227905273
0.5358687043190002 -1.0000898838043213 -0.34578925371170044
0.4503965675830841 -0.12939311563968658 -0.5438976883888245
0.2142321765422821 1.4550600051879883 2.7200257778167725
0.4513974189758301 0.4936211109161377 -1.4537038803100586
0.03929759934544563 -0.11296437680721283 1.103134274482727
0.4480474889278412 0.7331880927085876 -1.9055105447769165
0.4307078421115875 -0.3105926811695099 2.091014862060547
0.4335075616836548 -0.8012299537658691 -0.7289950251579285
0.04538191482424736 0.6939552426338196 1.0090746879577637
0.11467292904853821 -0.5689252614974976 0.660201370716095
0.27311503887176514 -0.9843637943267822 -1.1388038396835327
0.4432656466960907 -0.24637041985988617 0.10562416166067123
0.44279420375823975 1.2351888418197632 -0.6371037364006042
0.058644652366638184 1.4643253087997437 -2.3552467823028564
0.44354939460754395 1.446760892868042 -0.44070926308631897
0.03251709043979645 0.02792397141456604 2.5615384578704834
0.05847796052694321 -0.1974773108959198 -1.970796823501587
0.45318344235420227 0.276170015335083 -0.7618365287780762
0.11819799989461899 1.4901111125946045 -2.5067830085754395
0.053162943571805954 0.7944278717041016 2.369732141494751
0.050262611359357834 1.4009488821029663 -0.581068217754364
0.4448406994342804 1.0227330923080444 1.8049551248550415
0.04029129445552826 -0.009786680340766907 0.20905275642871857
0.4198606610298157 -0.27625131607055664 2.477912187576294
0.45060378313064575 1.1238787174224854 0.6837300658226013
0.44446808099746704 -0.26344817876815796 0.9397184252738953
0.45259761810302734 0.5258610844612122 -0.3285004496574402
0.44387051463127136 -0.22718402743339539 1.5491936206817627
0.04898717999458313 1.1828999519348145 -2.514897584915161
0.05299324169754982 1.1104893684387207 -0.1820383220911026
0.4391123652458191 -0.9971857070922852 0.22962985932826996
0.11391305178403854 1.4945096969604492 1.6761583089828491
0.04356622323393822 1.4247140884399414 -0.0649862065911293
0.0638452023267746 -0.4993179440498352 -2.112959861755371
0.4625473916530609 -0.969031035900116 -1.5445393323898315
0.05364582687616348 0.8610060811042786 -1.8149577379226685
0.22548386454582214 1.5123169422149658 -1.47756826877594
-0.03997098654508591 -0.8556569814682007 0.28944212198257446
0.43551674485206604 0.37848401069641113 -0.32715296745300293
0.18330922722816467 1.4817767143249512 -2.1652159690856934
0.44591566920280457 0.18286019563674927 1.8952772617340088
0.3329954445362091 1.4282139539718628 -2.8401012420654297
0.3475036323070526 -0.5669808387756348 -2.90272855758667
0.04653093218803406 0.20855505764484406 -2.5282819271087646
0.26817378401756287 -0.43265169858932495 2.6009418964385986
0.05000044405460358 0.8100219964981079 -0.7543476223945618
0.04812193661928177 1.1760315895080566 -1.77705979347229
0.4417538344860077 0.7948415875434875 0.09578129649162292
0.2708989083766937 -0.5839679837226868 1.4864455461502075
0.16838307678699493 -0.6959843635559082 -0.7864908576011658
0.04287185147404671 0.08469700813293457 1.4234853982925415
0.45783689618110657 -0.16378605365753174 -2.2602310180664062
0.4451124370098114 0.45881712436676025 -0.12130846828222275
0.04307960718870163 0.7389010787010193 -0.39474642276763916
0.32299676537513733 -0.996415913105011 0.1105431467294693
0.037450917065143585 -0.19511066377162933 2.5396761894226074
0.050444528460502625 0.0330427885055542 -0.7308825254440308
0.32394924759864807 -0.5922948122024536 2.78928804397583
-0.06884847581386566 -0.9793645143508911 2.3372089862823486
-0.15368476510047913 -1.014686107635498 -0.5535616874694824
0.045212119817733765 1.001293420791626 1.3228579759597778
0.39419952034950256 -0.9941021800041199 1.7333983182907104
0.04412713646888733 1.025472640991211 1.1239984035491943
0.04036978632211685 0.5343160033226013 -1.762253761291504
0.35918325185775757 -1.0093053579330444 -1.7258456945419312
0.20483118295669556 -1.0162246227264404 0.44880932569503784
0.03759756684303284 0.43915867805480957 -2.122525930404663
0.4492177963256836 0.6008620858192444 1.5217880010604858
0.04731877148151398 1.1810848712921143 0.446583092212677
0.04181493818759918 -0.27117300033569336 -0.28162097930908203
0.18537941575050354 -0.8588700890541077 -1.438549280166626
0.047921329736709595 -1.0323063135147095 -1.0456554889678955
-0.0020553767681121826 -0.8322262763977051 1.7908544540405273
0.15663564205169678 -0.6583425402641296 2.218212366104126
0.4476117491722107 1.0603350400924683 0.34321823716163635
0.358593225479126 1.4311870336532593 2.620124340057373
0.052127204835414886 0.9997150301933289 0.628637969493866
0.3967660963535309 -0.6567565202713013 0.5953179001808167
0.4493979513645172 0.9826360940933228 1.069612979888916
0.1264878511428833 -0.6630284786224365 -0.33519724011421204
-0.17349769175052643 -0.9620053172111511 -2.1306803226470947
0.45683473348617554 0.20561754703521729 -2.240638494491577
0.05516555905342102 1.0941033363342285 0.7683220505714417
0.04140383005142212 0.5539906024932861 -1.4424992799758911
0.04815403372049332 1.4387574195861816 1.0060817003250122
0.07186289876699448 1.4981012344360352 -0.03149528428912163
0.38049277663230896 1.5058069229125977 0.5299967527389526
0.20561517775058746 -1.0152074098587036 -0.6395329833030701
0.20390334725379944 -0.6558880805969238 -2.6614186763763428
0.03999219834804535 -0.31904399394989014 0.5220752954483032
0.43546369671821594 0.9988511800765991 2.773045063018799
0.544013261795044 -0.9429580569267273 1.1563074588775635
0.4342121481895447 1.4082067012786865 -2.7823455333709717
0.4456082880496979 1.080470085144043 -0.8950254917144775
0.051977381110191345 -0.04294745624065399 0.32637766003608704
0.04766735062003136 1.154680848121643 -1.9199159145355225
0.04427792504429817 0.7827824354171753 -0.053714752197265625
0.4396056532859802 0.4387155771255493 2.6462864875793457
0.04060419648885727 0.10647590458393097 2.611738443374634
0.2866063416004181 1.5238584280014038 1.1154817342758179
0.05520031601190567 0.8225858211517334 -2.7397055625915527
0.10526663064956665 -0.7325284481048584 0.17763714492321014
0.19165439903736115 1.2440128326416016 2.871546983718872
0.44587719440460205 -0.1331121027469635 1.2227213382720947
0.5451565980911255 -0.9607380628585815 2.008342742919922
0.31247586011886597 0.7987483739852905 -2.8667187690734863
0.19252923130989075 -1.020736575126648 -1.8136523962020874
0.45015642046928406 0.08375357836484909 1.3410069942474365
0.4893060624599457 -1.012087345123291 0.5955305099487305
0.45114046335220337 -0.11965414881706238 -1.1995174884796143
-0.04317420721054077 -1.0170602798461914 -1.7305649518966675
-0.22546634078025818 -0.9709635972976685 0.6110472679138184
0.4187503755092621 1.4973828792572021 -0.8317798376083374
0.04872943460941315 1.0726127624511719 0.5213358998298645
0.4447409510612488 0.9108208417892456 0.637771487236023
-0.08527613431215286 -1.011138677597046 0.709632158279419
0.4491223096847534 -0.25875794887542725 -1.5825425386428833
0.4560054838657379 -0.35286760330200195 -2.178546667098999
0.07345810532569885 -0.5673136711120605 0.07042115181684494
0.22944089770317078 -0.6637951135635376 -0.998046875
0.4455024302005768 0.6984028220176697 1.7318190336227417
0.1384126842021942 1.5149744749069214 1.2057172060012817
0.05318071320652962 1.3253260850906372 0.6806302070617676
0.45966392755508423 0.9801931977272034 -2.336543321609497
0.3191031217575073 1.5299041271209717 1.057751178741455
0.03639483451843262 -0.8862924575805664 -0.43487024307250977
0.051569923758506775 1.162267804145813 -0.5927718281745911
0.13351048529148102 -0.44444072246551514 2.5491132736206055
0.33214613795280457 -0.7964211106300354 1.2188061475753784
0.25132283568382263 -0.6385465860366821 1.5059664249420166
0.1570495218038559 -0.5942283868789673 1.2487820386886597
0.053831517696380615 -0.11107143759727478 -0.8733435869216919
0.4495853781700134 0.09745859354734421 0.4439198672771454
0.07172355055809021 -0.3127683997154236 -1.7552961111068726
0.4544490575790405 1.0752503871917725 -1.7252953052520752
0.44708892703056335 0.5079187154769897 1.584566593170166
0.4404979646205902 -0.017718270421028137 -2.8425517082214355
0.04030458629131317 0.5479099750518799 2.6622207164764404
0.04862115904688835 0.8003167510032654 2.4842350482940674
0.22007769346237183 -0.6429234743118286 -2.6967556476593018
0.4441361129283905 0.692308783531189 1.2395607233047485
-0.1930437833070755 -0.9833412170410156 -0.28812122344970703
0.4485040009021759 1.1555373668670654 1.633297085762024
0.04412945359945297 1.0248372554779053 -1.7256790399551392
0.04371584951877594 0.9427545070648193 -0.5116326808929443
0.045255549252033234 0.27350300550460815 -1.5636848211288452
-0.08209210634231567 -0.681459367275238 1.6670973300933838
-0.0051362961530685425 -1.0187128782272339 -0.4022744596004486
0.44703739881515503 -0.1458471417427063 -1.482189416885376
-0.08988836407661438 -0.8264844417572021 1.2177622318267822
0.042479731142520905 0.6108130216598511 -0.54899662733078
0.4483594596385956 1.2461756467819214 2.158254861831665
0.3639945387840271 -1.01141357421875 -0.8784813284873962
0.44912463426589966 -0.46369224786758423 -0.010962064377963543
0.5380233526229858 -0.8246459364891052 1.6161733865737915
0.08175398409366608 1.0182266235351562 1.9330168962478638
0.42576444149017334 1.4034709930419922 0.8236663341522217
0.43344202637672424 -0.26350417733192444 0.6692355871200562
0.04313138127326965 0.7582084536552429 -0.8228488564491272
0.43675804138183594 -0.1540377289056778 0.3918563723564148
0.18437594175338745 -0.15354272723197937 -2.8759899139404297
0.46922022104263306 1.1387640237808228 -1.4090665578842163
-0.01724918931722641 -0.9123383164405823 -1.1541764736175537
0.3783774971961975 -0.9837331771850586 1.3818081617355347
0.4503679573535919 1.0827322006225586 -0.9145171642303467
0.4551539123058319 0.5506377816200256 -0.6540305614471436
0.06093263626098633 -0.8774994611740112 -1.9258733987808228
0.04952377825975418 0.23479828238487244 -2.3439555168151855
0.041708286851644516 0.3257032632827759 1.5051097869873047
0.03703656420111656 0.14902231097221375 1.7194710969924927
0.05066780373454094 0.5245604515075684 2.2769432067871094
0.5051868557929993 -1.0027104616165161 -0.6097393035888672
0.059670209884643555 1.06223726272583 -2.3785226345062256
-0.032123006880283356 -1.0190175771713257 -1.709067702293396
0.44992321729660034 -0.5181038975715637 -1.0467605590820312
0.4050002694129944 -0.6300474405288696 -2.5654516220092773
0.37818643450737 1.416368007659912 2.5630178451538086
0.26631996035575867 -0.803636372089386 2.7937445640563965
-0.022147994488477707 -1.0137600898742676 -0.08985435962677002
0.5277697443962097 -0.9377126693725586 0.4685044586658478
0.2822500467300415 -1.010623574256897 -0.3952426612377167
0.11623252928256989 -1.0062620639801025 0.8436055779457092
0.04377588629722595 0.3130720257759094 -1.3780577182769775
0.4488108158111572 -0.5219664573669434 -0.8846253156661987
0.4474758803844452 0.4132523536682129 0.6562871336936951
0.030886024236679077 0.17413747310638428 -0.196714386343956
-0.20534804463386536 -0.8904282450675964 1.3648290634155273
0.44976717233657837 0.6776581406593323 1.9979373216629028
0.05522181838750839 -0.304836630821228 -1.8818272352218628
0.04011458158493042 0.6764484643936157 -0.8628499507904053
0.2747872471809387 1.4899038076400757 -2.5898191928863525
0.06096459552645683 0.8589107990264893 2.177510976791382
0.04611040651798248 0.5968580842018127 -0.01173944678157568
0.4481065571308136 -0.835882842540741 -1.4334360361099243
0.048693396151065826 1.134822130203247 -2.5400497913360596
0.4473921060562134 0.44900304079055786 -2.499143362045288
0.48636314272880554 -0.9655423164367676 -2.1734344959259033
0.054489731788635254 0.4654184579849243 -0.2538710832595825
0.43385550379753113 1.4510979652404785 1.3152730464935303
0.1219206154346466 -0.6613110899925232 -0.11690574884414673
0.44069889187812805 0.48740988969802856 -0.07928643375635147
0.439530611038208 1.1694984436035156 0.23762662708759308
0.04644818603992462 -0.08573302626609802 1.6291353702545166
-0.20367400348186493 -0.976252019405365 0.8655067086219788
0.40493249893188477 -0.8298201560974121 0.6408790349960327
0.45343974232673645 -0.6411479711532593 -0.8835234045982361
-0.04324015974998474 -1.012086033821106 0.13292153179645538
0.04571069777011871 0.6105143427848816 -0.9482008814811707
0.43412965536117554 0.48381146788597107 2.7604854106903076
0.21766993403434753 -1.0116649866104126 -0.8314759135246277
0.06013566255569458 -0.8031526803970337 1.7794485092163086
0.44524794816970825 0.7101852893829346 -2.4365007877349854
0.4520392417907715 0.6508447527885437 0.5887176990509033
0.16612893342971802 -1.0096832513809204 -1.129210114479065
0.36747080087661743 -1.0221467018127441 0.6444843411445618
0.05047266185283661 -0.27426671981811523 2.2764270305633545
0.040974147617816925 1.2246174812316895 -1.0939282178878784
0.4425744414329529 1.1606199741363525 2.4301226139068604
0.037056051194667816 0.1257850080728531 2.5235817432403564
0.43815043568611145 -0.7922707796096802 0.9707869291305542
0.05440947413444519 0.9119240641593933 1.2409656047821045
-0.18501436710357666 -0.9486911296844482 1.4098730087280273
0.05131051689386368 0.9491672515869141 2.1700448989868164
0.4454733431339264 -0.532027542591095 -1.088248610496521
-0.15703773498535156 -0.8955134749412537 -0.7660814523696899
0.24415411055088043 1.5329476594924927 -1.1010247468948364
0.4608352780342102 -0.42116180062294006 -0.17311346530914307
0.3086211085319519 -0.7281017303466797 2.517672538757324
0.3613128066062927 -0.5706799626350403 0.7778270244598389
-0.20405738055706024 -0.9094325304031372 1.1025099754333496
0.44812068343162537 -0.3812055289745331 -0.012065835297107697
0.4569219946861267 1.3266558647155762 -1.2288377285003662
0.5201050043106079 -0.9957984089851379 -1.002678632736206
0.046077702194452286 0.40440183877944946 1.31732976436615
0.05721578747034073 -0.15844546258449554 -1.194696307182312
0.4486061930656433 0.019323453307151794 1.831215262413025
0.4567868411540985 -0.5407755374908447 -2.159353017807007
0.4408649504184723 0.7847850322723389 0.49047139286994934
0.04045190289616585 0.7953044176101685 1.2321799993515015
0.44019216299057007 1.1676812171936035 1.753502368927002
0.4518324136734009 0.5614132285118103 -0.6004867553710938
0.17094603180885315 1.521356463432312 -0.7401864528656006
0.05531265586614609 1.4516524076461792 0.4419296383857727
0.44419461488723755 0.13382560014724731 0.2539815604686737
0.16777130961418152 -0.7871990203857422 1.8620556592941284
0.04172303527593613 0.13818037509918213 -0.6589789390563965
0.03981596231460571 -0.1339532434940338 -0.8320792317390442
0.065631203353405 0.9848583340644836 -2.750964641571045
0.05351953208446503 1.459250807762146 -2.7403340339660645
0.44486671686172485 0.3291049599647522 2.196869373321533
0.4549216628074646 0.7197144031524658 -0.38385167717933655
0.16710573434829712 1.1665270328521729 -2.856003522872925
0.4523349702358246 1.4051008224487305 -1.2699329853057861
0.4288979768753052 -1.0131397247314453 -0.23571699857711792
0.22745336592197418 -0.8042116165161133 0.11407854408025742
0.45438337326049805 0.8834298849105835 0.4287298619747162
0.3668656349182129 -0.5544096231460571 -0.9930400252342224
0.3846223056316376 1.4935781955718994 0.48568055033683777
0.2821235656738281 -0.07703058421611786 -2.9104084968566895
0.04136763513088226 -0.3785877227783203 1.330990195274353
0.4465358853340149 -0.7410293221473694 -2.1367526054382324
0.04454550892114639 1.4598064422607422 0.3296491205692291
0.059888601303100586 0.8963443040847778 1.1527903079986572
0.4529263377189636 0.2649852931499481 0.08028505742549896
0.05288580060005188 -0.06803527474403381 -0.10132763534784317
0.053623344749212265 1.1063933372497559 -2.161595106124878
0.4351467788219452 1.4195741415023804 0.44183534383773804
0.05837008357048035 0.4095853567123413 0.33597490191459656
0.039148930460214615 1.1885112524032593 0.07061885297298431
0.28272733092308044 0.9595802426338196 2.8883111476898193
0.04621107503771782 0.4389403462409973 -0.39000439643859863
0.39072489738464355 -0.6040902137756348 2.8148844242095947
0.05672241002321243 1.2906296253204346 1.7593774795532227
0.4554242491722107 1.3295143842697144 -0.6524359583854675
0.04224955290555954 1.3541877269744873 -1.8782349824905396
0.03536622226238251 0.9976328611373901 -2.447039842605591
-0.026740513741970062 -0.84550541639328 0.5350335240364075
0.04155580699443817 0.273480623960495 0.6844324469566345
0.41913658380508423 -0.7648380994796753 -0.8740017414093018
0.05788459628820419 1.467016577720642 1.0549243688583374
0.45907294750213623 -0.9466592669487 -2.1425838470458984
0.0591278150677681 -0.4489763379096985 0.27190926671028137
0.4468548893928528 1.1639909744262695 1.186951994895935
0.06091649830341339 1.396720290184021 1.7786668539047241
0.05250869691371918 0.8436908721923828 -1.0436683893203735
0.03630036115646362 -0.22404420375823975 1.6641526222229004
0.13412389159202576 1.4870054721832275 -2.2960855960845947
0.056456342339515686 1.3200325965881348 1.5727596282958984
0.4517243504524231 0.6020801663398743 0.8454596400260925
0.05110545456409454 1.33031165599823 -2.0369150638580322
0.439850389957428 -1.0130858421325684 -1.6383216381072998
0.46701526641845703 0.1152590662240982 2.1349265575408936
-0.09585823863744736 -1.0116654634475708 0.07602887600660324
0.03889627754688263 0.03652910888195038 -0.45526641607284546
0.06404535472393036 1.2451305389404297 1.7163209915161133
0.4497378468513489 0.16650722920894623 0.11652398109436035
-0.14672601222991943 -1.01939857006073 -0.6108201146125793
0.4556031823158264 0.028528675436973572 -1.3131728172302246
0.4393448531627655 1.3220882415771484 1.4964120388031006
0.5497114062309265 -0.8953419923782349 1.1821140050888062
0.2952079176902771 -0.2717851400375366 2.8909192085266113
0.09499915689229965 -0.8363131284713745 0.7215877771377563
0.4604676365852356 0.3045557737350464 -2.6493210792541504
0.04829997196793556 0.9541957974433899 -1.189150333404541
0.40688052773475647 -1.0220718383789062 1.1215249300003052
-0.01652367413043976 -0.16967377066612244 2.549654006958008
-0.05541115254163742 -1.0125350952148438 0.3904113471508026
0.2532934844493866 1.3216216564178467 1.9730134010314941
0.45429643988609314 -0.41612181067466736 -0.32313835620880127
-0.02747815102338791 -0.870287299156189 -0.03271130099892616
0.04051467776298523 1.4371016025543213 0.029262520372867584
0.11849318444728851 -0.6436756253242493 0.3059709668159485
0.0545182079076767 0.9128640294075012 -2.4233014583587646
0.045809727162122726 0.7540037035942078 -1.5912503004074097
0.2138606309890747 1.5062941312789917 -0.21942418813705444
0.4363583028316498 0.1581607460975647 2.759758710861206
0.45176270604133606 1.1102607250213623 1.5949739217758179
0.4273560047149658 -1.023984670639038 -0.5713045597076416
0.47371774911880493 -0.99287348985672 -1.771005630493164
0.04994886368513107 -0.2387448102235794 -0.4608347415924072
0.5268054604530334 -0.8876980543136597 2.1943063735961914
0.46982672810554504 0.4004558324813843 -1.4467577934265137
-0.046553581953048706 -0.8961889743804932 -1.631388783454895
0.4349397122859955 0.30705007910728455 0.5526493787765503
0.08694799244403839 1.3787201642990112 2.821887969970703
0.44111692905426025 -0.3393251895904541 1.4683750867843628
0.4468992352485657 0.22263631224632263 1.1089215278625488
0.0402652844786644 -0.11639164388179779 0.6449639797210693
0.44297122955322266 0.6844921112060547 2.1267166137695312
0.04962628334760666 0.23849540948867798 -1.3645505905151367
0.4572489559650421 0.34288299083709717 -2.0915396213531494
0.44573333859443665 -0.15855619311332703 1.813825249671936
0.0370020717382431 0.03232391178607941 2.602618455886841
0.4620858430862427 -0.22433221340179443 -2.1265182495117188
0.4411849081516266 0.7269770503044128 0.49736571311950684
0.5220224857330322 -0.8396310210227966 2.263753652572632
0.579185962677002 -0.9546250104904175 -0.7528459429740906
0.37894073128700256 -0.5112444162368774 2.8427720069885254
0.05201037973165512 -0.47874778509140015 1.6734638214111328
0.4559732973575592 -0.5491971969604492 -1.898482084274292
0.4773934781551361 -1.01262629032135 -0.41746827960014343
0.20317891240119934 1.5355420112609863 0.7890706062316895
-0.16076412796974182 -1.0006320476531982 0.6267089247703552
0.4446806013584137 0.8428045511245728 0.9775362610816956
0.44619134068489075 0.8444631099700928 1.0618773698806763
-0.17562688887119293 -0.891954243183136 1.6612144708633423
0.11485730856657028 -0.5006896257400513 1.0532357692718506
0.04024331271648407 -0.014779672026634216 2.464312791824341
0.44534406065940857 -0.7239314913749695 1.7188328504562378
0.06245281547307968 0.6664317846298218 -2.3441665172576904
0.4536852538585663 -0.1819903552532196 -1.6276705265045166
-0.13430474698543549 -0.9026217460632324 -1.3586031198501587
0.44770124554634094 -0.6690429449081421 -2.142331838607788
0.14825397729873657 -0.5491397380828857 2.5901730060577393
0.4887957274913788 -0.9711472392082214 -1.6728118658065796
0.4432709217071533 1.4524173736572266 1.516287088394165
0.45187908411026 -0.24522680044174194 -0.34503817558288574
-0.0006539225578308105 -1.0038914680480957 1.9381335973739624
0.04267621785402298 1.2879207134246826 1.199790120124817
0.4501985013484955 1.3686461448669434 -1.7673561573028564
0.446793794631958 1.418592095375061 -2.241178274154663
-0.07471759617328644 -0.8451341390609741 -0.803248941898346
0.4480026364326477 -0.6300735473632812 -0.578769862651825
0.043429285287857056 0.13797533512115479 2.698470115661621
0.04738474264740944 0.02928079664707184 -0.5112980008125305
0.37603890895843506 0.6423587203025818 -2.865124464035034
0.4837588667869568 0.27685362100601196 -0.5807670950889587
0.254747599363327 -0.9901941418647766 -0.8129221200942993
0.4663940966129303 -0.9968793988227844 1.4306516647338867
0.04924923926591873 1.3641880750656128 0.5287550687789917
0.0547783225774765 0.642946720123291 -2.634291648864746
0.48156246542930603 -0.9919261932373047 -1.8668357133865356
0.1581268310546875 1.5199309587478638 0.5277635455131531
0.4691266119480133 -0.08313660323619843 -2.3036460876464844
0.3787510097026825 -1.0028538703918457 1.0152555704116821
0.042766161262989044 1.0347776412963867 -1.0454586744308472
-0.05591458082199097 -1.012768030166626 0.6647094488143921
0.03167909383773804 -0.0022721290588378906 -0.09058277308940887
0.45046138763427734 1.0361261367797852 1.0928432941436768
0.06616726517677307 -0.24616926908493042 -2.5902082920074463
0.04565279185771942 0.9220424294471741 -1.4864723682403564
0.03770500421524048 -0.47717198729515076 -0.04793330654501915
0.3940263092517853 -0.6233128309249878 -2.8409881591796875
0.08306501060724258 -0.8189065456390381 0.4713905155658722
0.2621545195579529 -0.6823571920394897 -2.0615713596343994
0.07515028119087219 1.4777880907058716 -0.6351423859596252
0.4517136216163635 0.8494731187820435 -0.25441962480545044
0.2977028787136078 1.519433856010437 1.5229780673980713
0.4568933844566345 0.5728694200515747 -2.3600010871887207
0.4398009479045868 0.19187843799591064 2.5413475036621094
0.04542616009712219 1.331898808479309 -0.747203528881073
0.5291235446929932 -0.9945477843284607 -0.1697913557291031
0.04478327929973602 0.41933631896972656 -2.0962369441986084
0.43661245703697205 0.7916440963745117 0.18197950720787048
0.04732699692249298 0.711269736289978 2.215261459350586
0.43723997473716736 1.2966890335083008 0.792853057384491
-0.1891901195049286 -0.9737491607666016 -0.5037549138069153
0.4528493881225586 0.9010152220726013 -0.943389356136322
0.45025789737701416 0.6253752708435059 -0.9467891454696655
0.039722930639982224 -0.14360839128494263 -2.093916654586792
0.043981924653053284 0.10132148116827011 1.4628340005874634
0.12051818519830704 -0.7748544216156006 2.2674548625946045
0.05099372938275337 1.2233136892318726 1.5671579837799072
0.04426194727420807 0.4541959762573242 2.8025941848754883
0.4511382579803467 -0.5253151059150696 -0.15665516257286072
0.47593986988067627 1.2919974327087402 -1.805404543876648
0.03473593294620514 -0.8116757869720459 1.5492711067199707
0.44579944014549255 0.00720667839050293 1.774557113647461
0.43093201518058777 0.7023215889930725 -0.08436396718025208
0.4674747884273529 -0.4998146891593933 -2.6072421073913574
0.06208452954888344 -0.1592828929424286 -1.4173483848571777
0.044536445289850235 0.15113218128681183 1.0364596843719482
0.4509263038635254 1.3665677309036255 -0.2559504210948944
0.4716390371322632 -0.32687437534332275 -2.4595072269439697
0.44480276107788086 0.9890142679214478 1.5474013090133667
0.1804540753364563 0.6471023559570312 -0.8053598403930664
0.44953641295433044 -0.04648703336715698 0.6726280450820923
0.37741413712501526 -0.013383984565734863 2.8813304901123047
0.024859055876731873 0.3054184913635254 2.3188576698303223
0.08407790958881378 -0.5905460715293884 0.08615094423294067
0.42370209097862244 0.2194257527589798 2.7927587032318115
0.4551973342895508 0.5043957829475403 1.8842809200286865
0.04426361992955208 0.8819336295127869 -0.8403396606445312
0.4383928179740906 0.7377268075942993 0.6453617811203003
0.33766135573387146 -0.8427503108978271 0.7473053932189941
0.45400315523147583 -0.04210042953491211 -0.04057800769805908
0.4891718924045563 -1.009806513786316 -1.780130386352539
0.03993992507457733 0.8855365514755249 2.4840221405029297
0.04179834574460983 1.068787693977356 -1.2370489835739136
0.2454923689365387 -0.7105793952941895 2.525150775909424
0.4285122752189636 -0.21122974157333374 0.9195253252983093
0.4495165944099426 0.6805835366249084 0.31596264243125916
-0.08374319970607758 -0.7767929434776306 2.1380112171173096
0.4435078799724579 0.1189340353012085 -1.1613260507583618
0.44890737533569336 0.7680681943893433 -2.5331451892852783
0.4383719861507416 0.3343697786331177 2.6739110946655273
0.04617317393422127 0.3312608003616333 2.382464647293091
-0.09202400594949722 -1.0123828649520874 1.6203845739364624
0.4438420832157135 -0.19303728640079498 2.017498731613159
0.22195017337799072 -0.8322824239730835 0.7047172784805298
0.4452277421951294 0.2778673768043518 2.3496816158294678
0.4529910385608673 0.18944288790225983 0.5805403590202332
0.0483662374317646 0.003647923469543457 -0.8754740953445435
-0.18974067270755768 -1.032646894454956 1.6701278686523438
0.5201582312583923 -0.8977950215339661 2.4310061931610107
0.04728618264198303 0.4047445058822632 2.071354389190674
0.21911388635635376 -0.6426438093185425 2.3844475746154785
0.44944676756858826 -0.01348009705543518 -0.20522786676883698
0.07805021852254868 1.4734293222427368 -2.041140079498291
0.44560131430625916 0.06708637624979019 2.6591603755950928
0.43423229455947876 1.3427600860595703 1.7813290357589722
0.05252012610435486 0.2015703320503235 -0.1273239552974701
0.26129305362701416 -0.5750531554222107 2.8315370082855225
0.43859410285949707 1.1660809516906738 1.4656952619552612
0.36286845803260803 1.4934148788452148 1.8137954473495483
0.4683976173400879 0.39191168546676636 2.671142101287842
0.3129492700099945 1.4964103698730469 2.076317310333252
0.046456627547740936 -0.04125984013080597 0.42049625515937805
0.43340522050857544 -0.7565208673477173 -1.694955587387085
0.38892942667007446 -1.0136892795562744 -1.486854910850525
0.44369378685951233 0.6833613514900208 1.039455533027649
0.04370422661304474 -0.41722413897514343 -2.430087089538574
0.04416665807366371 0.027012556791305542 -0.9849998354911804
0.2671351134777069 -0.8174787163734436 1.3702822923660278
0.4375714957714081 1.0781320333480835 0.6631625890731812
0.05963936448097229 1.1990851163864136 1.7398712635040283
0.1055656373500824 -1.0032769441604614 1.7817753553390503
-0.10141412913799286 -0.8642062544822693 0.2244584560394287
0.04697804152965546 0.713975191116333 -1.490505337715149
0.0516938641667366 0.9967957735061646 -1.080479621887207
0.5018588900566101 -0.8926487565040588 -0.7145742774009705
0.0487014502286911 0.8851851224899292 0.5106222629547119
0.05308127403259277 0.9181346297264099 -2.484697103500366
0.45550674200057983 -0.6222060918807983 -1.893498182296753
0.3753232955932617 -0.9893158078193665 2.019080638885498
0.45236584544181824 0.5319278836250305 1.273906946182251
0.45421528816223145 0.02069653570652008 -2.0024471282958984
0.0319514125585556 1.3000187873840332 0.6416246891021729
0.44913846254348755 -0.2963125705718994 -0.46256500482559204
0.4298456311225891 0.11273591220378876 1.0365092754364014
0.360160768032074 1.486274003982544 -2.274677038192749
-0.19504667818546295 -1.0253132581710815 -0.9184512495994568
0.04837287962436676 1.0927609205245972 0.7014813423156738
0.43064644932746887 1.4283174276351929 0.4851294755935669
0.04993468523025513 0.5501935482025146 1.605928659439087
0.050265200436115265 -0.13034915924072266 -2.366734027862549
0.04600968211889267 1.2842073440551758 0.6197020411491394
0.48644551634788513 1.3281797170639038 -2.483474016189575
0.44417911767959595 -0.16994543373584747 0.9745866656303406
-0.04371776431798935 -1.030332326889038 -0.5059821605682373
0.04430925473570824 0.6407251954078674 -1.5585618019104004
0.16446082293987274 -0.8106544017791748 1.08220374584198
-0.16142825782299042 -0.9158320426940918 -1.716568946838379
0.26846450567245483 -0.9766393303871155 2.3565146923065186
0.2625490725040436 -0.9870474934577942 1.1232080459594727
-0.1518881618976593 -0.9932151436805725 0.38456135988235474
0.4496326744556427 0.6242210865020752 -2.491421937942505
0.45087024569511414 0.8641570210456848 -2.2539451122283936
0.4515279531478882 0.6846792697906494 -0.38939976692199707
0.4530653953552246 0.7471300363540649 1.572755217552185
0.44962096214294434 0.15055404603481293 0.7901514768600464
0.05104868859052658 1.4365264177322388 -2.1448795795440674
0.29253584146499634 -0.7722718119621277 2.3087069988250732
0.0387738011777401 1.0740931034088135 0.17528901994228363
0.0663367435336113 1.2964353561401367 -2.8040919303894043
0.041991494596004486 1.053747534751892 0.8978936076164246
0.06183266639709473 0.04558455944061279 -2.250007390975952
0.4408468008041382 -0.17423656582832336 0.4985421597957611
0.22495728731155396 -0.8583077192306519 2.3798158168792725
0.4537354111671448 -0.5477415323257446 -1.8265211582183838
0.07298675179481506 -0.84503173828125 0.4996802508831024
0.2322874665260315 1.0619372129440308 2.8867576122283936
0.4542681574821472 0.6286342740058899 0.10653756558895111
0.1891554296016693 -0.8387027978897095 0.9467489123344421
0.22860875725746155 -0.7711140513420105 -0.5262991786003113
0.05717732757329941 1.3590059280395508 1.6210064888000488
0.43943485617637634 0.4544858932495117 0.16797026991844177
0.04735323041677475 0.7655584812164307 0.11528428643941879
0.03989488258957863 0.3388630151748657 -0.36259058117866516
-0.19427059590816498 -0.9274579286575317 -0.26304692029953003
0.17603906989097595 -1.0074902772903442 -1.6094833612442017
0.43780386447906494 0.4595993757247925 1.6762094497680664
0.44470906257629395 0.9322767853736877 0.13830164074897766
0.44776028394699097 -0.19826579093933105 -1.9165925979614258
0.44307026267051697 0.15816161036491394 2.0549254417419434
0.04245961457490921 0.24160441756248474 0.1526855081319809
-0.008087649941444397 0.8597908020019531 1.6252987384796143
0.04748256504535675 -0.11849524080753326 -2.35030198097229
0.05547575652599335 0.3463605046272278 -1.9771339893341064
0.4529556632041931 -0.05259817838668823 0.2697294056415558
0.05234493315219879 1.396599292755127 -2.2172651290893555
0.4485967755317688 0.16277705132961273 0.8949577212333679
0.04703398421406746 0.6276828646659851 0.8848967552185059
0.4508090913295746 -0.5034345388412476 -0.18157808482646942
0.040386296808719635 0.6363232731819153 1.8073943853378296
0.06698295474052429 -0.05425633490085602 2.0476155281066895
0.06067746877670288 1.3702476024627686 2.3357725143432617
0.5315731167793274 -0.8884007930755615 1.091126799583435
0.45533686876296997 1.3516223430633545 -0.7833321690559387
0.047022394835948944 -0.11579756438732147 -0.01878071390092373
-0.11567698419094086 -0.820604145526886 1.0785033702850342
0.040448665618896484 1.0065304040908813 1.3681198358535767
0.446833074092865 -0.7510471940040588 1.6058478355407715
0.12271501868963242 -0.9830476641654968 2.3390965461730957
0.05938620865345001 1.1328718662261963 -2.654231548309326
0.17763593792915344 1.4336259365081787 2.8799142837524414
0.4454021155834198 1.2513161897659302 1.302649736404419
0.45601174235343933 -0.8055880069732666 1.3417905569076538
0.05204012617468834 -1.0148499011993408 -1.9467403888702393
0.18008363246917725 1.5318918228149414 1.3264797925949097
0.4223051071166992 -0.5846542716026306 0.9439696669578552
0.45709744095802307 -0.34558218717575073 -1.889774203300476
0.05241970345377922 -0.9764796495437622 1.663258671760559
0.4590236246585846 1.3172847032546997 -1.3036668300628662
0.06520964205265045 0.5704471468925476 -1.6114771366119385
0.42939966917037964 1.4718964099884033 -1.6336486339569092
0.044958267360925674 0.09428414702415466 1.0312572717666626
0.05213996767997742 0.734700083732605 1.4721750020980835
0.04207038879394531 0.44038331508636475 -0.2420666664838791
0.04228150099515915 0.10414682328701019 -0.7110607624053955
0.0457625612616539 1.294393539428711 -1.5882964134216309
0.042091742157936096 0.5327896475791931 1.254231333732605
0.12915319204330444 1.5248701572418213 0.6863451600074768
0.4407447874546051 -0.49782106280326843 -0.8565149307250977
0.4479341208934784 -0.33012092113494873 -1.8194924592971802
0.4385550022125244 1.3316632509231567 1.5248230695724487
0.06662249565124512 0.46844950318336487 -1.1765315532684326
0.4550425708293915 1.3760865926742554 -2.14500093460083
0.05415995419025421 -0.035490378737449646 -0.2561635971069336
0.4508368670940399 0.5934799313545227 -1.9069501161575317
0.04185982793569565 0.23615282773971558 2.095283031463623
0.4390091896057129 -0.8283525705337524 -1.9513096809387207
0.45300841331481934 -0.01563107967376709 -1.1140741109848022
0.46010616421699524 1.0230971574783325 -1.8999296426773071
0.4494096338748932 0.08575877547264099 -0.6886187195777893
0.09306178987026215 -0.3007502555847168 -0.7490745186805725
0.45269787311553955 1.3075754642486572 -0.7039669156074524
0.04639652371406555 -0.22972247004508972 0.057999372482299805
0.47075173258781433 -0.3112936019897461 -2.7292020320892334
0.45022428035736084 -0.19066303968429565 -0.30978283286094666
-0.12946417927742004 -0.9904183745384216 1.671494960784912
0.08815048635005951 -0.04998257756233215 2.9213452339172363
0.4527011215686798 0.7872986793518066 1.9469995498657227
0.2569343149662018 1.0740410089492798 2.889275312423706
0.4357208013534546 -0.7563261985778809 1.8202520608901978
0.11070869863033295 -0.6320195198059082 -2.2382450103759766
0.042513158172369 0.34200620651245117 1.5744106769561768
0.29531532526016235 0.22834016382694244 -2.884596824645996
0.42600196599960327 0.059452593326568604 -2.8607370853424072
0.4366317391395569 -0.3212752938270569 0.43626078963279724
0.4450097978115082 0.8843321800231934 2.327039957046509
-0.2277195304632187 -0.9760326743125916 0.5971181988716125
0.3682214617729187 1.511407494544983 -0.8354031443595886
0.4368184804916382 0.7935754060745239 1.5151612758636475
0.4686826765537262 1.1742093563079834 -2.6603169441223145
0.32661598920822144 -1.0234171152114868 -1.2960046529769897
0.19831262528896332 -0.9599979519844055 -1.6799428462982178
0.48440757393836975 -0.7931188344955444 1.3518065214157104
0.22330772876739502 -0.8152177333831787 0.9232929348945618
0.05905726179480553 1.3313839435577393 2.0641517639160156
0.4325699210166931 0.5933143496513367 2.7220003604888916
0.441769003868103 -0.01003865897655487 -1.9266676902770996
0.44327470660209656 -0.04245007038116455 2.349717378616333
0.44623711705207825 0.8447549939155579 1.2204104661941528
0.053932152688503265 1.2941343784332275 2.182917356491089
0.035409435629844666 0.09425896406173706 -0.2485710233449936
0.4504799246788025 0.29321128129959106 0.7510568499565125
0.06307261437177658 1.3486366271972656 1.215396761894226
0.04324020445346832 -0.2935720682144165 1.2733641862869263
0.4329019784927368 0.9498438835144043 2.6487045288085938
-0.18373800814151764 -0.9959807991981506 -1.8509256839752197
0.02405521273612976 0.1786651909351349 -2.3405673503875732
0.44809287786483765 0.5979048609733582 -2.320413827896118
0.4402908682823181 1.4253278970718384 -1.4631071090698242
0.45703554153442383 0.3905611038208008 -1.970654845237732
0.2850164771080017 1.4825035333633423 -2.4516592025756836
0.0736892819404602 -0.5776185989379883 -0.2971076965332031
0.33241701126098633 -1.0245932340621948 -1.0354938507080078
0.4415940046310425 -0.09732106328010559 0.430475652217865
0.4647049903869629 1.2993513345718384 0.23471955955028534
0.4328096807003021 1.116335153579712 2.6876773834228516
0.05628335475921631 0.9099122285842896 -0.7361313104629517
0.04610886424779892 0.9353525638580322 2.5432636737823486
0.4339534640312195 0.18520832061767578 2.1944046020507812
0.03414738178253174 -1.000002384185791 1.7706756591796875
0.07818392664194107 0.563036322593689 2.8775200843811035
0.4534987211227417 0.36997395753860474 0.45037248730659485
0.05635267496109009 1.1216586828231812 1.8336060047149658
0.45453542470932007 1.1913652420043945 -1.1829149723052979
0.43049341440200806 1.2274527549743652 2.6314444541931152
0.3073272407054901 -0.5453538298606873 1.2385308742523193
0.06272100657224655 1.2804036140441895 1.1624808311462402
0.42460837960243225 0.0729096308350563 2.779348611831665
0.04932286962866783 0.8595666289329529 0.7077013850212097
0.39975813031196594 -0.8308714628219604 2.750972032546997
0.3507917523384094 -0.9277586936950684 2.4830713272094727
0.4531526565551758 1.254738450050354 -2.59541654586792
0.0627371296286583 -1.0336023569107056 -1.1177486181259155
0.05675183981657028 -0.4419217109680176 0.07291406393051147
0.46198248863220215 0.7443653345108032 -2.4099643230438232
0.4503346085548401 1.107689619064331 1.6569403409957886
0.47515633702278137 -1.013911247253418 1.0769175291061401
0.4527221918106079 -0.33262526988983154 0.40054941177368164
0.4454387128353119 0.4025183618068695 2.571917772293091
0.19472739100456238 -0.9943854808807373 1.5250718593597412
0.05092879384756088 0.7272324562072754 1.2495131492614746
0.05687013268470764 1.111415982246399 0.6471084356307983
0.046639759093523026 0.19560346007347107 -2.3703701496124268
0.07773377001285553 -0.28951647877693176 -1.2729181051254272
0.04954451322555542 -0.4496275782585144 -2.283728837966919
0.44892168045043945 0.060084134340286255 2.094365358352661
0.10472328215837479 -0.4458191990852356 1.0849915742874146
0.07293500751256943 0.44714125990867615 2.8733296394348145
0.4471112787723541 0.9246683120727539 -0.09068964421749115
0.3389001488685608 -0.9927608370780945 2.044966220855713
0.04594271257519722 0.5630452036857605 -0.9306583404541016
0.46485722064971924 1.3401650190353394 -0.4888639748096466
0.05000835284590721 1.0446257591247559 1.2988146543502808
0.04966631531715393 1.318087100982666 -2.1617703437805176
0.07191582769155502 -0.6551834344863892 -0.7479328513145447
0.45964697003364563 -0.3789764642715454 -2.013432502746582
0.45388558506965637 1.2479825019836426 -2.0174405574798584
0.44432127475738525 0.30566132068634033 -1.5646567344665527
0.2105318009853363 1.2681782245635986 -2.86523699760437
0.05028833821415901 0.14795152842998505 -1.153331995010376
0.04671120643615723 0.7278491258621216 2.067737102508545
0.04596465826034546 -0.3188401460647583 2.5432255268096924
0.041540034115314484 -0.06646676361560822 0.8714996576309204
0.16049404442310333 0.48886585235595703 2.9098379611968994
0.43999454379081726 0.8186690807342529 -2.2570340633392334
0.45209094882011414 1.1918537616729736 -0.8103588223457336
0.43125060200691223 1.4319539070129395 1.6200119256973267
0.029900401830673218 0.4927231967449188 2.641538381576538
0.05055919289588928 1.1829464435577393 0.43835631012916565
0.046230945736169815 0.4016849994659424 1.4756520986557007
0.25106537342071533 -0.977023720741272 2.3679893016815186
0.44686293601989746 0.6522704362869263 -0.09778618812561035
0.44850075244903564 1.1806683540344238 1.729225516319275
0.5110636949539185 -0.9797853231430054 1.7759937047958374
0.45383018255233765 0.9171335101127625 1.845329761505127
0.043438367545604706 0.48847031593322754 0.5896351933479309
0.09240563958883286 1.378922700881958 2.8475563526153564
0.04637826234102249 0.49311357736587524 1.728331446647644
0.3695669174194336 -1.0146892070770264 -0.8533557057380676
0.4225125014781952 1.4141579866409302 1.6514796018600464
0.06125238537788391 0.00226418673992157 0.7289858460426331
0.21624816954135895 1.504834532737732 -2.575226068496704
0.39078396558761597 1.2497777938842773 -2.8460495471954346
-0.12469206750392914 -1.0247015953063965 -1.8373353481292725
0.4519765079021454 0.4398949444293976 2.179915189743042
0.039715126156806946 -0.8393938541412354 0.8178191781044006
0.0381811261177063 0.20225544273853302 0.5654935836791992
0.45158761739730835 0.9952675104141235 -2.739133834838867
0.11387978494167328 -0.6424554586410522 -0.6878162026405334
-0.18085524439811707 -0.8752831220626831 0.31636205315589905
0.12437914311885834 -0.654492199420929 0.6271966099739075
0.4626755118370056 0.29616615176200867 -0.996414303779602
0.438571035861969 1.4561247825622559 -2.2202281951904297
0.45137640833854675 -0.4746796488761902 -0.7453823089599609
-0.11295996606349945 -1.0031030178070068 0.7898887991905212
0.055962421000003815 1.212223768234253 0.749829888343811
0.04780207946896553 1.3549065589904785 -2.303682327270508
0.05270756781101227 1.465922236442566 0.3265868127346039
0.04448356851935387 0.1399497240781784 -1.322285771369934
0.44630610942840576 0.6767606735229492 0.7638407945632935
-0.14355874061584473 -1.000166654586792 1.9619262218475342
0.07289616763591766 1.258245825767517 -2.7972934246063232
0.038882121443748474 1.015116572380066 -1.7510194778442383
0.44320428371429443 0.7124944925308228 0.7376723885536194
0.20568148791790009 0.106571726500988 -2.8724777698516846
-0.005570113658905029 -1.0057528018951416 1.3194475173950195
0.4436332583427429 -0.38293105363845825 -0.6774601936340332
0.05040409788489342 -0.20126672089099884 -2.15425443649292
0.05340542644262314 -0.18294240534305573 -0.09532035887241364
0.45099467039108276 0.22101661562919617 1.6449251174926758
0.20708248019218445 -0.5019597411155701 0.8881783485412598
0.4354360103607178 1.3425098657608032 1.4527630805969238
0.04148814082145691 0.07278615981340408 0.3129526376724243
0.4483693838119507 0.8684806823730469 2.3668062686920166
0.02660568431019783 -1.0123445987701416 -1.8349906206130981
0.47633540630340576 -0.9960979223251343 -2.1413824558258057
0.45653659105300903 0.539303183555603 2.3109500408172607
0.4558267593383789 0.5589202642440796 0.8008321523666382
0.0578630194067955 0.006429031491279602 -1.4307126998901367
0.04637734591960907 0.47161489725112915 -2.0277223587036133
0.051126629114151 0.9122098684310913 -1.0170197486877441
0.22405396401882172 0.4574930667877197 2.913877487182617
0.3077590763568878 1.5282756090164185 -0.4636704623699188
0.04433661699295044 0.15878935158252716 -0.35466861724853516
0.2767814099788666 -0.5599371790885925 -2.8979134559631348
0.04622457176446915 0.5284783840179443 1.6293474435806274
0.23447339236736298 -0.7849546074867249 2.4790430068969727
0.04079941660165787 0.3831954002380371 -0.8687299489974976
-0.019603833556175232 -0.8473852276802063 0.4386630058288574
0.43006861209869385 1.4540716409683228 -0.649221658706665
0.43475738167762756 0.6067084074020386 -1.5636553764343262
0.4549705386161804 -0.23614691197872162 -1.7288780212402344
0.16931435465812683 1.5032464265823364 -2.10817813873291
0.43504390120506287 1.3051775693893433 0.2374643236398697
0.4464992582798004 -0.6171523928642273 -0.6407577395439148
0.04697409272193909 0.18476538360118866 1.026008129119873
0.4496396780014038 0.6128276586532593 1.4506278038024902
-0.23670464754104614 -0.9269812703132629 0.29569217562675476
0.0992952287197113 1.512133002281189 1.333518624305725
0.45426511764526367 1.2820004224777222 -1.7377077341079712
0.44290271401405334 1.0198180675506592 0.5418657064437866
0.44865313172340393 0.854637086391449 1.0287925004959106
0.424788236618042 1.3835742473602295 1.7858823537826538
0.05054652690887451 1.1414248943328857 -0.5361437201499939
0.4516341984272003 1.0863558053970337 1.0976145267486572
0.031027138233184814 -0.2038198858499527 2.152297019958496
0.44986391067504883 0.6511157155036926 -0.41200539469718933
0.04289086163043976 -0.276297390460968 2.2224926948547363
0.043477028608322144 0.9116905331611633 -2.2664990425109863
0.4479150176048279 0.3931884467601776 -2.3525328636169434
0.18156057596206665 -1.008815050125122 0.342337965965271
0.04845348000526428 0.9259262084960938 0.7268453240394592
0.047913409769535065 1.2552673816680908 -1.1912070512771606
0.45755770802497864 -0.009341999888420105 2.2578985691070557
0.24156323075294495 1.527320384979248 -0.020183991640806198
0.28367340564727783 -0.9382848143577576 -1.9992692470550537
0.06158405542373657 -0.12264031171798706 -1.3563002347946167
0.2680513858795166 -0.7270357608795166 -2.1523449420928955
0.4856598973274231 0.3950129747390747 0.514954686164856
0.5209959745407104 -0.9681679010391235 -1.3125964403152466
0.05387675762176514 1.3066189289093018 -0.15743087232112885
0.48151689767837524 -1.0082851648330688 -1.53554368019104
0.046617358922958374 0.8824741840362549 0.18459568917751312
0.41871750354766846 1.2672100067138672 2.734813928604126
0.4501740336418152 -0.29545843601226807 0.9577714204788208
0.04365256056189537 0.6486107707023621 -0.4878078103065491
0.4339781403541565 0.3810293674468994 -2.3752639293670654
0.4694589376449585 0.6111196875572205 -1.1974430084228516
0.04824554920196533 0.01189565658569336 2.2888846397399902
0.047465480864048004 1.422222375869751 1.196588397026062
0.3265722393989563 -0.7288017272949219 1.9790676832199097
0.036932703107595444 0.08497543632984161 -0.39976248145103455
0.1931477040052414 -0.9602652788162231 -0.6509420275688171
0.4416329860687256 0.9723010659217834 0.48096778988838196
-0.09142253547906876 -1.0064101219177246 0.23495012521743774
0.32441675662994385 1.3377853631973267 -2.8663158416748047
0.055105097591876984 -0.06582240760326385 -1.7732130289077759
-0.0536666214466095 -1.015535831451416 0.4307740330696106
0.4534752368927002 0.6349895000457764 -2.039832353591919
0.04626263305544853 0.7691900134086609 -1.4762083292007446
0.45254087448120117 -0.9993538856506348 -2.093435764312744
0.44010382890701294 1.3178702592849731 1.6873536109924316
0.08362619578838348 1.4819966554641724 -1.744908094406128
0.04425037279725075 0.5227227807044983 0.25282594561576843
0.37633320689201355 -0.7311444282531738 2.098721504211426
0.44139474630355835 1.089414358139038 0.20321768522262573
0.04477216303348541 -0.02911052107810974 0.39499542117118835
-0.06829656660556793 -1.0165143013000488 1.7520991563796997
0.048955291509628296 0.5290758609771729 -2.21333909034729
0.048441532999277115 0.6615844964981079 2.402151107788086
0.45434150099754333 0.6516419649124146 -1.454785704612732
0.4601413905620575 -0.4702945947647095 -2.02241587638855
0.44894441962242126 0.18419604003429413 1.7742688655853271
0.08237949758768082 -0.5351653099060059 0.7656971216201782
0.445244699716568 0.9600037336349487 -0.22224554419517517
-0.15103666484355927 -1.0435303449630737 -0.7727616429328918
0.40796488523483276 1.4435436725616455 -2.7804107666015625
0.044741190969944 1.2207430601119995 -1.4394651651382446
0.45429015159606934 0.41285473108291626 -1.3920336961746216
0.05869315564632416 0.5858153700828552 -2.2579262256622314
0.09724651277065277 -0.8290606737136841 -0.5771162509918213
0.44322147965431213 0.776906430721283 -0.04278009012341499
0.22164735198020935 -0.5979610085487366 2.7593863010406494
-0.038605183362960815 -1.0214028358459473 -0.5041896104812622
0.45656120777130127 0.44481778144836426 -2.6067073345184326
0.04365818202495575 0.9259939193725586 0.9860883355140686
0.0829101949930191 1.4775176048278809 -2.602715015411377
0.19702470302581787 -0.5404773354530334 0.8964824676513672
0.46761125326156616 -0.37047702074050903 -2.6817867755889893
0.20262674987316132 -1.0055338144302368 0.8730759620666504
0.4496118724346161 0.14154310524463654 -0.2684708833694458
0.3361707031726837 -0.6922727823257446 1.8969539403915405
0.44325393438339233 0.7107963562011719 2.430108070373535
0.04571503773331642 1.2191059589385986 0.03615635633468628
0.15354737639427185 1.5207463502883911 -0.7348576188087463
0.4523877799510956 0.10477004945278168 -0.004850307479500771
0.4521041214466095 -0.22311508655548096 -0.9790300130844116
0.2761477828025818 0.4323699474334717 2.9050426483154297
0.06384464353322983 -0.2660243511199951 -1.4736955165863037
0.443472683429718 -0.4275887906551361 -1.1785629987716675
0.043656960129737854 -0.10119757056236267 0.49926939606666565
0.12745128571987152 0.44175517559051514 1.7431137561798096
0.4452245235443115 1.067918300628662 2.1358726024627686
0.24578949809074402 1.5353217124938965 1.1005760431289673
0.04995179548859596 1.1683677434921265 2.0597400665283203
0.15717828273773193 -0.8146605491638184 -1.2785710096359253
0.056772954761981964 1.125949501991272 -2.6845266819000244
0.04491042345762253 0.7497730255126953 -0.5194346308708191
0.4418753981590271 -0.4560607671737671 0.17341218888759613
0.44577914476394653 -0.018800795078277588 1.7165297269821167
0.044179946184158325 0.10224435478448868 1.2729154825210571
0.44754332304000854 0.31513750553131104 1.2166835069656372
0.44723638892173767 0.6035831570625305 -2.4346630573272705
0.45249563455581665 1.172963261604309 -2.4867148399353027
-0.11065337061882019 -1.0007177591323853 0.2561716139316559
0.44557616114616394 0.3812834918498993 0.6790091395378113
0.04962299019098282 1.2321233749389648 -0.04027577117085457
-0.15602831542491913 -0.8694707751274109 -0.8373457193374634
0.24771322309970856 1.515231728553772 -1.4991707801818848
-0.17965421080589294 -1.0171151161193848 -0.695406436920166
0.35305869579315186 -0.8985481858253479 2.585426092147827
0.09956154972314835 -0.44809335470199585 -1.6852067708969116
0.5144327282905579 -0.880693793296814 1.0608429908752441
0.4444206655025482 0.6469844579696655 2.314730405807495
0.04115307331085205 0.9525574445724487 -0.9394304156303406
-0.10137191414833069 -0.837292492389679 1.2553328275680542
0.03370320051908493 -0.1929463893175125 2.0400094985961914
0.4472809135913849 0.03726950287818909 1.5797429084777832
0.46678680181503296 0.9891713857650757 2.6402480602264404
0.4555644690990448 -0.23428450524806976 -2.8372037410736084
0.24501550197601318 1.4946357011795044 -1.9259296655654907
0.44832849502563477 -0.15256519615650177 0.20867784321308136
0.047760069370269775 1.0400155782699585 -2.3307571411132812
0.44478505849838257 -0.03345416486263275 1.4335955381393433
0.44733667373657227 0.7840606570243835 -0.36091363430023193
0.4491901695728302 0.01538221538066864 2.279913902282715
0.046861112117767334 -0.1923503875732422 0.3817042410373688
0.06757302582263947 0.8478667736053467 -2.7328827381134033
0.04826617240905762 -0.18553422391414642 -0.1901220679283142
0.04023941606283188 0.4363750219345093 0.4235221743583679
0.4461278021335602 0.5568682551383972 2.5683960914611816
0.05561220273375511 1.0968033075332642 0.36994051933288574
0.5510931611061096 -0.9077243804931641 1.5287656784057617
0.05090593546628952 0.7208806276321411 -2.3468403816223145
0.321527898311615 1.5193729400634766 1.0514228343963623
0.040718525648117065 0.41440966725349426 2.426618814468384
-0.19577260315418243 -0.9013307094573975 1.4603205919265747
-0.11069129407405853 -1.004159688949585 -0.04686020687222481
0.4683736562728882 -0.1589874029159546 -1.9880056381225586
0.0357549786567688 -0.16417905688285828 0.06927087903022766
0.04302242398262024 0.44795680046081543 -1.8129782676696777
0.16528886556625366 -0.6373090744018555 -2.1217048168182373
0.0729125440120697 -0.35938140749931335 2.159609794616699
0.05732616037130356 1.3010375499725342 2.316480875015259
0.25999730825424194 -0.6599749326705933 2.5894875526428223
0.04126293957233429 0.6132718324661255 -0.428568571805954
0.45658257603645325 1.409117341041565 -0.1600552201271057
0.04247747361660004 0.2982372045516968 1.1074879169464111
0.4525425434112549 1.1896145343780518 -2.0057129859924316
0.4509156048297882 -0.24861077964305878 -1.2306711673736572
0.44285866618156433 -0.6262557506561279 -2.578944206237793
0.45617419481277466 1.1805317401885986 -2.704742670059204
0.040377676486968994 -0.20116150379180908 1.472278356552124
0.42656373977661133 -0.8978517055511475 -1.5507547855377197
0.044085320085287094 0.7875820398330688 1.534179449081421
0.09635507315397263 1.4625699520111084 -2.767179489135742
0.043112970888614655 0.7718262672424316 1.4935705661773682
0.4524635374546051 1.3309682607650757 -1.8137297630310059
0.5165601372718811 -0.9556396007537842 0.35430824756622314
-0.16879145801067352 -0.9742954969406128 1.4892091751098633
0.44866475462913513 0.8456335067749023 -0.10434465110301971
0.4438146650791168 1.0162888765335083 2.252382516860962
0.4546269178390503 0.505990207195282 -1.9827172756195068
-0.016078293323516846 -0.8776519298553467 -1.1464240550994873
0.037168294191360474 0.5249539017677307 1.7064127922058105
0.20011448860168457 1.5264427661895752 -0.4851946532726288
0.45019814372062683 0.27986353635787964 -0.3706217408180237
0.44123169779777527 0.8672662377357483 0.8406768441200256
0.0400707870721817 0.7177801728248596 1.4321908950805664
0.16234561800956726 -0.5122906565666199 -1.378132700920105
0.0472957044839859 0.720011830329895 2.6294608116149902
0.48504307866096497 -0.9657119512557983 -2.1855180263519287
0.2394859790802002 0.9062462449073792 -2.3251631259918213
0.44410333037376404 -0.10536040365695953 2.4727797508239746
0.45040011405944824 0.5604878067970276 -1.0339586734771729
-0.07795672118663788 -0.8896148204803467 -0.6074838638305664
0.054256487637758255 1.0143250226974487 -2.4008779525756836
0.20902398228645325 -0.7975065112113953 2.601254940032959
0.4572349786758423 -0.4781753122806549 -0.3520682752132416
0.11821410059928894 1.4844598770141602 2.465667486190796
0.4555705487728119 0.00945967435836792 -0.7600669264793396
0.30721315741539 0.6754124164581299 -2.894613027572632
0.45408177375793457 0.7986343502998352 1.054159164428711
0.05775613337755203 -0.3960472345352173 0.764579176902771
0.06110973656177521 -0.2010795623064041 -1.913936972618103
0.45901352167129517 -0.10965904593467712 -2.6794910430908203
0.050869882106781006 0.04948212951421738 1.0298823118209839
0.44151967763900757 0.1846078336238861 2.3037185668945312
0.4516727328300476 -0.1377166360616684 1.1927677392959595
0.23140104115009308 0.7872824668884277 2.8951423168182373
0.04379190877079964 0.38771921396255493 1.867104411125183
0.3437406122684479 0.9669283628463745 2.930878162384033
0.051167458295822144 0.05417256057262421 0.134377583861351
0.4465944468975067 -0.6542289853096008 -1.9389870166778564
0.07424178719520569 0.29267793893814087 -0.7975565195083618
0.07783475518226624 -0.8289360404014587 1.2644773721694946
0.09782300889492035 -0.3254395127296448 -0.7989941239356995
0.5271875858306885 -1.0002096891403198 0.3389788866043091
0.4565097391605377 -0.7113451957702637 -1.637499451637268
0.05908387899398804 0.4285507798194885 2.30237078666687
0.4407190680503845 1.2724461555480957 0.6352945566177368
0.06998978555202484 -0.43152111768722534 -0.8388999104499817
0.44562649726867676 -0.9200447797775269 -0.791571855545044
0.04677474498748779 0.07966172695159912 -0.587114155292511
0.47146522998809814 0.43226563930511475 -2.0695207118988037
0.04748845845460892 0.38635584712028503 -1.0167639255523682
0.06698128581047058 -0.40926432609558105 0.8936086297035217
0.047860875725746155 -0.06563787162303925 -1.5744481086730957
0.17860549688339233 1.519551396369934 -1.3374484777450562
0.041775599122047424 0.8467085957527161 -2.142155885696411
0.05584751069545746 -0.2550153434276581 -2.645491361618042
0.4423833191394806 1.1848068237304688 0.6536818742752075
0.4503813683986664 0.7614188194274902 -1.3394159078598022
0.23796683549880981 -0.8331604599952698 0.8659430146217346
0.37555819749832153 -1.0011247396469116 1.053917407989502
0.04812947288155556 1.3679826259613037 0.6075167655944824
0.21630629897117615 1.5252783298492432 0.8452727198600769
0.4494571089744568 0.8851655721664429 -0.11612562835216522
0.049327000975608826 1.2665822505950928 -2.3565590381622314
0.2640863358974457 -0.5957393050193787 2.787158966064453
0.052492618560791016 1.0340594053268433 -0.6491363048553467
0.048430342227220535 1.0138168334960938 -0.15332770347595215
0.08090627938508987 -1.006432294845581 1.6237632036209106
0.13093727827072144 -0.48694974184036255 -0.5998687148094177
0.44014644622802734 -0.04387541115283966 0.8792941570281982
0.44886887073516846 -0.12211790680885315 1.6696107387542725
0.03850790858268738 0.7692520022392273 -1.1103233098983765
0.23674139380455017 -0.7815654873847961 0.4740898311138153
0.44115060567855835 0.8367074131965637 0.8196086287498474
0.12724272906780243 1.4418365955352783 2.795029878616333
0.05530640482902527 0.6661995053291321 0.60248863697052
0.40733179450035095 1.488602876663208 0.2939373552799225
0.4232368767261505 1.483917236328125 -1.44236421585083
0.4458569884300232 1.0333788394927979 0.4478090703487396
0.45254307985305786 0.153249591588974 -1.4140703678131104
0.21701961755752563 1.541008710861206 1.855759859085083
0.45206063985824585 1.148436427116394 -1.5903874635696411
-0.0768338069319725 -0.8717257976531982 -0.0745072215795517
0.4383307993412018 1.446846842765808 0.14092379808425903
0.04489317536354065 0.8829637765884399 -1.6977821588516235
0.04461143538355827 0.5781984329223633 -0.5181471705436707
0.4438868761062622 1.0418115854263306 0.36725351214408875
0.042124658823013306 0.6495571136474609 -0.516309380531311
0.44679588079452515 1.355933427810669 1.6869150400161743
0.3513655662536621 -0.9962814450263977 1.3636102676391602
0.06368822604417801 -0.2692699432373047 -0.4005182087421417
-0.10742581635713577 -0.9941827058792114 0.043409302830696106
0.13458245992660522 -0.8853009939193726 2.345033884048462
0.4609110355377197 0.9395601749420166 -2.1992626190185547
0.4382060766220093 1.2054210901260376 0.27441641688346863
0.5028753280639648 -0.9901478290557861 -1.764082670211792
0.445978581905365 0.9189363718032837 2.6865427494049072
0.04488062858581543 -0.055197253823280334 1.355342149734497
0.45888715982437134 0.2836649715900421 -0.6955054402351379
0.32809722423553467 0.03234700858592987 2.9172518253326416
0.44834673404693604 -0.002557113766670227 1.2951959371566772
0.052463553845882416 1.3925306797027588 1.0894968509674072
0.11849390715360641 -0.6625338196754456 0.10040190815925598
0.3629720211029053 -1.008590579032898 -1.1932533979415894
0.02293001115322113 -0.11699044704437256 2.225508213043213
-0.10654352605342865 -0.8414174318313599 0.6746068596839905
0.04005255550146103 -0.01433815062046051 2.2545294761657715
0.04702206701040268 0.16447296738624573 -1.1679147481918335
0.40262311697006226 -0.9690483808517456 2.3738794326782227
0.03658679872751236 0.14279086887836456 -2.5280275344848633
0.34295549988746643 1.4875010251998901 -2.201650619506836
0.03576701134443283 0.2022133469581604 2.2118475437164307
0.32168954610824585 1.5372283458709717 0.9622225761413574
0.3793368935585022 -1.0108106136322021 0.6538503766059875
0.13274042308330536 -0.40645331144332886 2.286839246749878
0.22295039892196655 -0.9841083288192749 1.3881837129592896
0.46275705099105835 1.0836007595062256 1.4415899515151978
0.41703036427497864 1.472089171409607 0.4143299162387848
0.04698007181286812 0.8802955150604248 -0.41427212953567505
0.27107810974121094 1.502822995185852 -2.2252302169799805
0.32317349314689636 -0.7995994687080383 0.8545381426811218
0.04946679621934891 0.9146451354026794 -1.9387567043304443
0.3713860511779785 -0.5633217692375183 -2.5694007873535156
0.43720361590385437 -0.2480541616678238 2.1981301307678223
0.30086082220077515 -0.9962846040725708 0.6185811758041382
0.2335326224565506 -0.9938567876815796 -0.9527744650840759
0.551029622554779 -0.9269030094146729 1.4778231382369995
0.40397316217422485 -0.27109768986701965 2.812842607498169
0.5249336957931519 -0.9126938581466675 0.7111520171165466
0.4516083002090454 0.1267673820257187 -0.960031270980835
0.42341721057891846 1.4249086380004883 1.952088713645935
0.2857375741004944 1.522658109664917 0.030505120754241943
0.45211783051490784 0.6765199899673462 -1.7598682641983032
0.08028394728899002 -0.38732194900512695 1.0959290266036987
0.39089202880859375 1.5032553672790527 0.9579960703849792
0.2774290144443512 1.521353006362915 0.2019294947385788
0.4514501988887787 -0.16108350455760956 -2.849349021911621
0.4479984641075134 -0.3106909394264221 -0.2666490077972412
0.1543951779603958 -0.7557377815246582 -0.08071938902139664
0.44588378071784973 0.4773244857788086 2.60661244392395
0.03657734394073486 -0.17354348301887512 2.207258939743042
0.4264793395996094 1.465739130973816 1.9886059761047363
0.448610782623291 0.8939330577850342 2.4266109466552734
0.47802138328552246 1.0484764575958252 0.9777581095695496
0.1490759551525116 -0.8852791786193848 2.3065431118011475
0.44548842310905457 0.3577079772949219 0.4257703125476837
0.04149927198886871 -0.2579403221607208 1.0068327188491821
0.04626986384391785 0.5246372818946838 1.1787679195404053
0.43839895725250244 1.4599064588546753 -1.9797489643096924
0.06291618198156357 1.495224952697754 -1.014593482017517
0.0428888164460659 0.48182111978530884 -1.5766730308532715
0.04335734248161316 0.15441133081912994 0.44232261180877686
0.4463548958301544 0.567736804485321 1.2675764560699463
0.042369842529296875 0.004365578293800354 1.8136922121047974
0.039184778928756714 -0.15981368720531464 1.3068667650222778
0.16336415708065033 0.5364106893539429 -2.8655776977539062
0.3717905879020691 -1.029963493347168 -2.118535041809082
0.11287857592105865 -0.8182611465454102 -1.4308083057403564
0.38297393918037415 -0.7264629602432251 -2.1911704540252686
0.3943914771080017 -0.6820436716079712 2.0359039306640625
0.04395267367362976 1.0878957509994507 -0.8332951664924622
0.13033181428909302 -0.38407212495803833 2.4773967266082764
0.11373965442180634 -0.6367159485816956 -0.6825437545776367
0.04802735522389412 0.8514446020126343 0.9977851510047913
0.10406501591205597 -0.4481044113636017 -1.511766791343689
0.10695412755012512 -0.5012222528457642 -2.8739774227142334
0.05511696636676788 -0.3094075918197632 2.5091733932495117
0.4394453465938568 1.0522962808609009 2.419395685195923
0.4067552983760834 1.4813933372497559 -1.877149224281311
0.44108766317367554 -0.3202243447303772 0.9043559432029724
0.10681341588497162 -1.0143718719482422 -0.5114498138427734
0.45999911427497864 -0.01836492121219635 -2.676360607147217
0.04361538589000702 0.3130307197570801 -2.4976580142974854
0.3814738392829895 -0.4409574270248413 2.2090485095977783
0.4377727508544922 0.903039813041687 0.20137657225131989
0.04270118474960327 0.5392575263977051 -2.521157741546631
0.04642254486680031 0.6693592667579651 -1.597951889038086
0.12213343381881714 1.5027893781661987 -0.6856780648231506
0.038733985275030136 0.012915074825286865 1.5269765853881836
0.14746597409248352 1.5064799785614014 2.199016809463501
0.042996808886528015 0.31211429834365845 1.2989044189453125
0.4483118951320648 -0.42828065156936646 -0.14688657224178314
0.05142240226268768 1.2686152458190918 -2.0530953407287598
0.04917630925774574 0.6325864791870117 -1.7800270318984985
0.2472032606601715 -0.5020028352737427 2.5788733959198
0.05129861831665039 -0.03688642382621765 2.8452513217926025
0.47297215461730957 1.2710485458374023 -2.7276902198791504
0.43835145235061646 1.446363925933838 -2.637138843536377
0.3796284794807434 -0.9332544207572937 -1.8219773769378662
0.051435183733701706 0.08207995444536209 -1.635249137878418
0.4558107256889343 -0.5624853372573853 -2.0356075763702393
0.0519464835524559 0.9474623799324036 0.8347769379615784
-0.21032297611236572 -0.9916244149208069 -0.6843855381011963
0.16661152243614197 1.135124921798706 2.8862178325653076
0.0430646687746048 -0.0008512884378433228 0.23014947772026062
0.4449191987514496 -0.6211766004562378 -1.1888381242752075
0.41333600878715515 -1.0086729526519775 -1.8941954374313354
0.04876228794455528 1.3270223140716553 -0.568971574306488
0.1088857427239418 0.03125987946987152 2.9224236011505127
0.45241278409957886 -0.7858594655990601 -1.1457223892211914
0.052742261439561844 -1.033737063407898 -1.0552960634231567
0.37513720989227295 1.486950159072876 -1.8983644247055054
0.44845297932624817 -0.11135329306125641 -0.35522156953811646
0.04732587933540344 -0.22129525244235992 0.898420512676239
0.049434103071689606 -0.17456884682178497 -2.131793737411499
0.4512215852737427 -0.3163277506828308 -1.275251865386963
0.047169238328933716 0.07688076794147491 0.3384895920753479
0.06619328260421753 1.4730267524719238 -2.602231740951538
0.04397653788328171 1.0127861499786377 -1.4206262826919556
0.21642951667308807 -0.7935123443603516 -0.8565078973770142
0.44250503182411194 0.65720134973526 -1.0894352197647095
0.4534485936164856 1.243911623954773 -0.5290107727050781
0.4906824231147766 -1.0114128589630127 1.4436348676681519
0.045625220984220505 0.7072789669036865 -1.7462148666381836
0.04035157337784767 0.6178537607192993 1.7568645477294922
0.06771880388259888 1.2093455791473389 -2.806108236312866
0.05598842725157738 1.047872543334961 -2.353781223297119
0.22932516038417816 -0.7375199794769287 -2.153315544128418
0.027278944849967957 -1.0041015148162842 0.8748898506164551
0.4509493112564087 -0.6140962839126587 -1.1366404294967651
0.027264058589935303 0.28836536407470703 -2.216813325881958
0.3094741702079773 -1.0128471851348877 -0.8830487132072449
0.11539788544178009 -0.6489182710647583 0.3184645473957062
0.31737932562828064 -0.9374802708625793 2.2313907146453857
0.044312983751297 1.4466891288757324 0.054459430277347565
0.05170321464538574 -0.3808514475822449 0.011022614315152168
0.4529886245727539 -0.2893276810646057 -0.8611354231834412
0.4427728056907654 1.305198311805725 -0.6881102919578552
0.4374224543571472 -0.3433747887611389 1.3874050378799438
0.28092315793037415 -1.0010576248168945 0.6884006857872009
0.44158366322517395 1.4336270093917847 -0.4382586181163788
0.32520461082458496 -0.9965490102767944 2.0400753021240234
0.34034422039985657 0.2896762490272522 -2.869251012802124
0.347223162651062 -1.0352678298950195 -1.800837516784668
0.4633902907371521 1.3293547630310059 -2.5879805088043213
0.44371297955513 -0.09679949283599854 -0.6932339668273926
0.06363131105899811 -0.8332257270812988 0.9812127351760864
0.30402061343193054 -0.42119866609573364 -2.8998210430145264
0.056893490254879 1.4278714656829834 2.5536091327667236
0.18541188538074493 1.5211970806121826 -0.43034249544143677
0.4693789780139923 -1.0287306308746338 -0.8518450856208801
0.054049983620643616 0.03852984309196472 1.6550507545471191
0.44248464703559875 1.0701245069503784 0.6049001216888428
0.4629878103733063 0.3244873881340027 -0.08954885601997375
0.45908015966415405 0.05822421610355377 -0.36724796891212463
0.4431053698062897 1.079512596130371 0.3867250084877014
0.05148300901055336 0.5426651239395142 2.1116929054260254
0.4443117678165436 1.2677574157714844 0.0276243407279253
0.0462937206029892 0.039149537682533264 0.4401113986968994
0.3468996584415436 -0.6569499969482422 -2.2731642723083496
0.04221005737781525 -0.024930790066719055 1.069023609161377
0.45114216208457947 0.8449405431747437 -0.5763742327690125
0.04871014133095741 0.6977049112319946 0.7798025608062744
0.052892234176397324 1.2958351373672485 -2.3369154930114746
0.08740086108446121 -0.4489282965660095 -0.609696626663208
0.4514503479003906 0.5727063417434692 1.9868923425674438
0.45917874574661255 0.2962082028388977 -1.4568184614181519
0.12910053133964539 1.528111457824707 0.8368293642997742
0.448709100484848 1.0107066631317139 -1.401780605316162
0.047936923801898956 0.8916615843772888 1.6671966314315796
0.05295420438051224 1.3253885507583618 1.1259926557540894
0.05990619212388992 1.2162837982177734 1.7290393114089966
0.4518772065639496 -0.3840393126010895 -0.35252809524536133
0.03908708691596985 1.3321396112442017 -1.9341267347335815
0.2915347218513489 -0.99260413646698 -2.136883497238159
0.26582852005958557 0.6016996502876282 2.9062485694885254
0.05641503632068634 1.1361279487609863 -2.2798166275024414
-0.09145435690879822 -0.7878344058990479 2.032214641571045
0.049837492406368256 0.9827844500541687 1.5472172498703003
0.3596816062927246 -1.0222680568695068 0.797563910484314
0.04854843020439148 0.17401526868343353 1.0437977313995361
-0.1735106259584427 -1.0187511444091797 -0.669507622718811
0.43279504776000977 -0.10357648134231567 0.8758446574211121
0.05314318835735321 0.14092408120632172 -0.9134733080863953
0.4389079511165619 -0.27059876918792725 -1.580187439918518
0.047781795263290405 0.050909437239170074 -2.716463565826416
0.04725980758666992 0.8213107585906982 2.737145185470581
0.049472056329250336 0.20122438669204712 0.9114245772361755
0.04236532747745514 1.2390657663345337 -1.5813511610031128
0.45316946506500244 0.9046438932418823 -1.1160125732421875
0.0285428985953331 -0.3294700086116791 0.23226407170295715
0.0425037145614624 -0.007548108696937561 0.40226635336875916
0.14529184997081757 0.7373306751251221 -2.854222536087036
0.3311100900173187 -0.7628204226493835 2.874692916870117
0.4396510720252991 0.5131062865257263 1.90975022315979
0.05734110623598099 1.2024160623550415 1.3640272617340088
0.12538978457450867 -0.7475293278694153 -1.408936858177185
0.4558833837509155 -0.1631396859884262 -0.13799677789211273
0.4931134581565857 0.607128381729126 0.010290342383086681
0.09881344437599182 -0.4336927533149719 -1.5539215803146362
0.4155668616294861 1.4987246990203857 -1.4660589694976807
0.05225735530257225 0.17429561913013458 1.3213231563568115
0.06942817568778992 -0.46327078342437744 0.9103131890296936
0.05010167136788368 1.3077502250671387 -2.2984161376953125
-0.10022512823343277 -0.8372488021850586 1.9648528099060059
-0.03303372114896774 -1.0115418434143066 1.2472072839736938
0.4505758285522461 0.7069942355155945 -0.9907044768333435
0.15583588182926178 -0.6210078597068787 1.5796302556991577
0.450005441904068 0.9534859657287598 -1.7168151140213013
0.049661703407764435 0.46305981278419495 -2.5603737831115723
0.4315887987613678 -0.9966121912002563 2.0480051040649414
0.04111398011445999 0.8763676285743713 -2.3470914363861084
0.19111628830432892 -0.46430617570877075 2.391474962234497
0.3457295894622803 -0.870581328868866 -1.2355387210845947
0.5462321639060974 -0.9230576753616333 -0.6532019972801208
0.24487072229385376 -0.6361038684844971 -2.381160259246826
0.28251397609710693 1.5272853374481201 0.9800570011138916
0.4427247643470764 1.4419156312942505 -2.2058258056640625
0.04630422592163086 0.7050327658653259 0.436208575963974
0.4483802914619446 0.47807395458221436 -0.2316344827413559
0.040681734681129456 0.416189581155777 -2.12473201751709
0.4462761878967285 -0.1548350304365158 1.2416914701461792
0.03911639004945755 0.23855845630168915 -0.41154417395591736
0.4613499045372009 0.8106728196144104 2.586092472076416
0.3789156377315521 -1.0006651878356934 1.1169517040252686
0.04644237458705902 0.6849962472915649 2.758789300918579
0.05281765013933182 0.6013979911804199 0.7364972829818726
0.4428349733352661 0.7958715558052063 -2.7681918144226074
0.2490476369857788 -0.8249461054801941 -0.3096645176410675
0.048879291862249374 0.8061185479164124 -1.8622723817825317
0.053483590483665466 0.8107210993766785 2.2339730262756348
0.047622669488191605 0.7488758563995361 -0.17665527760982513
0.449765682220459 -0.093324676156044 1.3408958911895752
0.4558759331703186 0.5597890019416809 2.1859474182128906
0.14891038835048676 -0.4291400909423828 -0.6206132769584656
0.06763187050819397 1.0965849161148071 -0.7123479247093201
0.4492311179637909 0.8962708711624146 2.2883832454681396
0.09956955909729004 -1.0100889205932617 0.4546689987182617
0.54134202003479 -0.8119712471961975 1.922179102897644
0.04753967374563217 -0.2305172234773636 -0.3253572881221771
0.4497727155685425 0.15958717465400696 -1.713078260421753
0.05692896619439125 1.1675175428390503 1.7155654430389404
0.4435694217681885 0.3945765793323517 0.5877455472946167
0.06106647849082947 -0.5069834589958191 -2.751140832901001
0.1343606561422348 -0.5685970187187195 -0.9385102987289429
0.13594938814640045 -0.5663794279098511 -1.5910887718200684
0.4519028663635254 0.5570738315582275 2.08233380317688
0.44434279203414917 0.42350083589553833 0.9971439838409424
0.28612589836120605 -0.2686174809932709 -2.8907270431518555
0.4503808319568634 0.20167429745197296 0.3928106427192688
0.052153170108795166 0.7187569737434387 -1.0350652933120728
0.2503615915775299 0.33910268545150757 2.9356236457824707
0.056662678718566895 0.46462446451187134 -1.390272617340088
0.14408880472183228 1.520570158958435 -1.1827284097671509
0.4400481879711151 1.0195727348327637 -0.6387842893600464
0.4182226359844208 1.4798544645309448 -1.466841697692871
0.048239439725875854 1.274445652961731 -0.9832392930984497
0.45146438479423523 -0.08315660059452057 -1.4577127695083618
0.30159124732017517 -1.0202205181121826 -1.9067649841308594
0.17675960063934326 1.5297327041625977 -0.9178034663200378
0.43690454959869385 -0.5618578195571899 0.12488917261362076
0.4484441876411438 -0.015611708164215088 1.8666210174560547
-0.1387118399143219 -0.9976906776428223 -2.0694658756256104
0.04321273788809776 0.21672123670578003 0.5401282906532288
0.45001542568206787 0.10232837498188019 -1.2827004194259644
0.4443867802619934 0.2534228563308716 2.260096788406372
0.05466485023498535 1.3455240726470947 1.5313420295715332
0.14834120869636536 -0.39783942699432373 2.6730237007141113
-0.20055639743804932 -1.0240235328674316 -1.1632399559020996
0.421903133392334 1.4870473146438599 -0.683555006980896
0.5256800055503845 -0.9948533177375793 0.09956113994121552
0.04531724005937576 0.8293367624282837 -0.7848312854766846
0.46036458015441895 0.9303910136222839 -2.1424875259399414
0.45285892486572266 0.22902503609657288 -0.6220045685768127
0.4494396448135376 1.1685141324996948 -0.362972229719162
0.4610165059566498 -0.10240218043327332 2.6376535892486572
0.4614967107772827 0.025445029139518738 -2.058823347091675
0.04236682504415512 0.41295138001441956 -1.3513010740280151
0.4565697908401489 0.6655281782150269 2.0752663612365723
0.10655441135168076 1.5178314447402954 0.2221914827823639
0.47830161452293396 -0.8220534920692444 -0.12196227163076401
0.09173622727394104 -0.49446165561676025 -2.4943814277648926
0.17328384518623352 1.5363152027130127 -1.14530611038208
-0.10493947565555573 -1.0175294876098633 -0.19698822498321533
0.2505970299243927 -0.7868862152099609 -2.192028522491455
0.45169007778167725 1.2372969388961792 -0.8927145004272461
0.0026995614171028137 -0.9049088954925537 -2.016462802886963
0.012592613697052002 -0.1336677521467209 1.2017303705215454
0.45138469338417053 0.6639310121536255 -2.27329421043396
0.03854914754629135 0.42559128999710083 2.146205425262451
0.04985557496547699 0.18266235291957855 -0.6824463605880737
0.1423417180776596 1.5219862461090088 0.7092496156692505
0.04691147804260254 -0.42677006125450134 1.2911765575408936
0.04534081742167473 0.6178179979324341 0.20768971741199493
0.4769573211669922 -0.9891549348831177 -1.8086098432540894
0.01621176302433014 -1.0111764669418335 1.1715140342712402
-0.15144529938697815 -0.8347930312156677 1.0069929361343384
0.4446401000022888 0.25562846660614014 2.084894895553589
0.23178963363170624 -0.3887102007865906 -2.8983497619628906
0.45043233036994934 1.2496318817138672 -2.04109263420105
0.5464029312133789 -0.976850152015686 1.753614902496338
0.03981354832649231 0.018407270312309265 -0.5138998627662659
0.05521304905414581 1.023177146911621 0.25228381156921387
0.45391538739204407 0.0261802077293396 0.9801089763641357
0.44624000787734985 0.5763052105903625 1.8043879270553589
0.05012889206409454 1.1866198778152466 0.5328565835952759
0.40466922521591187 -0.7973158955574036 2.3512630462646484
0.46372002363204956 1.0194461345672607 -0.5865262746810913
-0.1488746702671051 -0.9135384559631348 -1.2833600044250488
0.45406588912010193 0.8915417194366455 -1.7937707901000977
-0.18119092285633087 -0.9961313009262085 -1.4249035120010376
0.04521768167614937 0.3371233642101288 1.6971065998077393
0.04404404014348984 0.7424626350402832 -0.561714231967926
0.059177324175834656 0.1522948443889618 -1.5394724607467651
0.4412761330604553 0.23246175050735474 2.4867441654205322
0.4479454457759857 0.1398526281118393 1.7151252031326294
0.44439640641212463 0.5571218729019165 0.5334692597389221
-0.0008561015129089355 -0.9530168771743774 1.3294246196746826
0.35705310106277466 1.4754095077514648 -2.6803879737854004
-0.15049999952316284 -0.8367815017700195 1.1667404174804688
0.532038152217865 -0.9188757538795471 0.853534460067749
0.4505159556865692 -0.36564314365386963 -0.0929664671421051
0.44281986355781555 0.6776394844055176 0.5577300190925598
0.06267307698726654 1.4513154029846191 -1.8616937398910522
0.4493183195590973 0.20899036526679993 -0.3527979254722595
0.04857785999774933 0.5953836441040039 2.753857374191284
0.24707616865634918 -0.6855243444442749 -2.1426608562469482
0.10915914177894592 -0.45383623242378235 -1.6013294458389282
0.29376548528671265 1.3230435848236084 2.9088566303253174
0.4362868666648865 1.0948421955108643 2.2522974014282227
0.4527795910835266 -0.1627793163061142 -0.49921587109565735
0.03911709040403366 0.9329363107681274 1.2513048648834229
0.44183632731437683 -0.16012603044509888 2.42470645904541
-0.0671982616186142 -1.0197689533233643 0.6541991233825684
0.47733014822006226 1.3724020719528198 -2.4201245307922363
0.12187940627336502 0.5883130431175232 1.7259035110473633
0.05135110765695572 1.4012118577957153 0.4280649423599243
0.04365996643900871 0.32721835374832153 -1.5372568368911743
0.3130619525909424 -0.9989376068115234 -0.3823069930076599
0.10861583799123764 1.4998550415039062 -0.09189122170209885
0.4725368916988373 1.316238284111023 -1.0963984727859497
0.43775129318237305 -0.342566579580307 0.6569695472717285
0.05039207637310028 0.5126862525939941 0.7097272872924805
0.04286106675863266 0.02062550187110901 -2.665083408355713
0.23297284543514252 -0.9974126815795898 0.6118491888046265
0.47871890664100647 -1.0136826038360596 0.2551515996456146
0.44721153378486633 0.25171536207199097 2.310574769973755
0.04499376192688942 0.25655820965766907 1.3629502058029175
0.44987642765045166 0.1981671154499054 -0.4946345090866089
0.4497142732143402 0.7699037790298462 -0.5959923267364502
0.04508479684591293 -0.23984776437282562 0.5468664765357971
0.43826133012771606 -0.047019168734550476 -0.36183950304985046
0.1598350554704666 0.7672464847564697 -2.867783784866333
0.44672441482543945 0.12072179466485977 2.598738193511963
0.20244638621807098 -0.9858887195587158 2.144118547439575
0.011545419692993164 -0.2089768648147583 2.7623777389526367
0.44378405809402466 0.06568266451358795 2.6558637619018555
0.45812755823135376 0.6439075469970703 1.9530675411224365
0.46591508388519287 0.022142857313156128 -2.298673391342163
0.12019577622413635 -0.5161608457565308 -1.6132009029388428
0.4556538164615631 -0.5604568719863892 -2.1762924194335938
0.041885122656822205 0.2709798216819763 -1.8263689279556274
0.03870423138141632 -0.2487298846244812 2.5292229652404785
0.4516419470310211 0.898159384727478 0.45931434631347656
0.4546367824077606 0.4882923364639282 -1.041499376296997
-0.2564266324043274 -0.9846190214157104 0.26797810196876526
0.056731075048446655 -0.8368452787399292 0.9653505682945251
0.07787854224443436 -0.4437922239303589 -1.8953136205673218
0.18531553447246552 -0.5726367235183716 0.8014893531799316
0.04638628661632538 0.3891732096672058 1.451149821281433
0.04811815172433853 -0.30420956015586853 -0.18333043158054352
0.44699275493621826 0.08251619338989258 -2.043076276779175
0.16873279213905334 1.2354141473770142 2.8880960941314697
0.4514150321483612 -0.552631139755249 -0.21544454991817474
0.05492088943719864 -0.2989901602268219 -0.5046335458755493
0.03660416603088379 0.709633469581604 1.2594629526138306
0.4489718973636627 0.8359177112579346 -2.2102251052856445
0.4423167407512665 -0.4694846272468567 -1.186647891998291
0.04641936719417572 1.2909833192825317 0.15430966019630432
0.04789295047521591 -0.18088944256305695 0.45256277918815613
-0.02813459187746048 -0.7794357538223267 2.2314412593841553
0.04273815453052521 0.2937024235725403 -1.8873175382614136
0.03544358164072037 0.08227758854627609 2.4237208366394043
0.4494166970252991 1.083027958869934 -0.6822860836982727
0.049640953540802 1.032406210899353 2.287993907928467
0.04757215082645416 1.2359635829925537 -1.9791185855865479
0.11953103542327881 -0.39637067914009094 2.319742441177368
0.23561054468154907 -0.20046357810497284 -2.8899993896484375
0.29696470499038696 -1.0197657346725464 -1.4132252931594849
0.4476836621761322 1.1775891780853271 0.21521994471549988
0.05324273183941841 -0.9140444397926331 -1.9851939678192139
0.2042848765850067 -0.5950900316238403 2.5844101905822754
0.4676348567008972 -0.45756232738494873 -2.6287152767181396
0.2484130859375 1.2124474048614502 2.8934242725372314
0.04668378829956055 1.0465855598449707 1.4107084274291992
0.05538831278681755 1.3118557929992676 1.6045268774032593
0.4415475130081177 -0.8174101114273071 -1.0206689834594727
0.03924091160297394 -0.09518507122993469 2.361117362976074
0.0962340235710144 -0.5875898003578186 0.4374425709247589
0.42853814363479614 -0.06388220191001892 2.791767120361328
0.05275365710258484 1.3653340339660645 0.6232181787490845
0.5592013597488403 -0.9967096447944641 -0.2941334843635559
0.03410126268863678 -0.8633295297622681 -1.272614598274231
0.4457007646560669 0.5889779925346375 0.21162202954292297
-0.14608968794345856 -0.8247104287147522 0.7912271022796631
0.04741021618247032 0.8027989864349365 1.6762535572052002
0.4513684809207916 -0.8393502235412598 -1.5060319900512695
0.23150798678398132 1.0810381174087524 -2.8648250102996826
0.06072338670492172 1.490990161895752 1.0759867429733276
0.3853349983692169 -0.8477648496627808 2.756272315979004
0.04471676051616669 0.3784402906894684 0.32923728227615356
0.05067143589258194 0.0023823827505111694 -2.1391148567199707
0.05372226983308792 1.2094800472259521 2.6120541095733643
0.5508706569671631 -0.9672020077705383 -0.22926829755306244
0.13212206959724426 1.513702630996704 0.94544917345047
0.05904420465230942 -0.18934179842472076 -1.771809458732605
0.1842873990535736 -0.9997593760490417 1.0339086055755615
0.038066565990448 -0.13631750643253326 2.6528239250183105
0.43208473920822144 1.0724427700042725 -0.6036935448646545
0.44858357310295105 -0.5849218964576721 -2.86104416847229
0.40390443801879883 1.507728934288025 0.6737308502197266
0.04846964031457901 0.8220189809799194 -1.1446565389633179
0.45443636178970337 0.8300270438194275 -1.4022979736328125
0.05400805547833443 0.17482182383537292 -1.8958559036254883
0.0980246439576149 -0.38953065872192383 2.306223154067993
0.033317334949970245 0.19050031900405884 2.3546745777130127
0.47504159808158875 -0.8718390464782715 -0.5728452205657959
0.45579400658607483 1.283608317375183 -0.5126082897186279
0.08311138302087784 -0.48047369718551636 1.415584921836853
0.015200972557067871 0.8287345170974731 2.788024425506592
0.043405741453170776 -0.3228191137313843 -0.29008781909942627
0.45048919320106506 0.34907346963882446 1.225364327430725
0.06514319777488708 0.06623074412345886 -2.286289691925049
0.4426925480365753 1.0370185375213623 0.1756625771522522
0.4429699778556824 -0.7507020831108093 0.2705523669719696
0.4695957601070404 0.6723328828811646 -2.0481507778167725
0.05229470506310463 0.8102461695671082 2.091946601867676
0.4516568183898926 0.13286446034908295 -2.4948108196258545
0.04967023432254791 0.49665898084640503 -2.3308427333831787
0.3557004928588867 1.4953291416168213 1.9269932508468628
0.4478055238723755 -0.5473223328590393 -1.2624658346176147
0.047929797321558 0.9492112398147583 0.44534891843795776
0.04474705830216408 0.14660762250423431 -2.385078191757202
0.4466080665588379 0.916635274887085 0.31903761625289917
0.44302716851234436 0.49107295274734497 0.33635762333869934
0.03839343041181564 0.8142496943473816 -0.4824303388595581
0.48966801166534424 -1.0165563821792603 0.3588470220565796
0.45248550176620483 0.4460568130016327 -0.7019684910774231
0.4464912712574005 1.2750834226608276 0.2405729740858078
0.05690440535545349 0.3247920870780945 -0.7592007517814636
0.023952141404151917 0.9514651894569397 1.6480528116226196
0.09250977635383606 -0.8042601943016052 1.8893917798995972
0.18819285929203033 1.5080822706222534 1.672978401184082
0.21760989725589752 -1.0078140497207642 -1.1610859632492065
0.04663245379924774 1.442850947380066 0.9971502423286438
0.14622923731803894 -0.4576807916164398 -1.4106357097625732
0.44805073738098145 1.1074079275131226 -0.9170944690704346
0.056996189057826996 -0.3656689524650574 0.25626423954963684
0.4487135708332062 0.5950479507446289 -0.7233092784881592
0.04952945187687874 1.1053235530853271 -0.12881863117218018
0.09337583929300308 1.4190515279769897 2.803952217102051
0.04476058483123779 0.3974907696247101 -0.747350811958313
0.44865453243255615 0.09259752184152603 -0.35333362221717834
0.07600130140781403 -0.51600182056427 0.06503381580114365
0.04339837655425072 0.6717333793640137 1.004410982131958
0.05615115910768509 -0.44054651260375977 -2.6069045066833496
0.05436086654663086 0.8711507320404053 -0.4605569839477539
0.06058706343173981 0.840620756149292 1.7925992012023926
0.03207489848136902 -0.020021915435791016 0.31424081325531006
0.054935261607170105 1.3024214506149292 1.2948780059814453
0.03794325888156891 -0.3300260901451111 -2.259032726287842
0.4677272439002991 1.2995209693908691 -1.3590372800827026
0.4199007749557495 0.0008252263069152832 2.8259615898132324
0.13780003786087036 -1.0131069421768188 -1.2826672792434692
0.44648095965385437 0.9308167099952698 2.5822243690490723
0.4456661641597748 1.3461679220199585 -2.1038806438446045
0.03616374731063843 0.09834635257720947 2.1656298637390137
0.15974806249141693 -1.017936110496521 -1.61629319190979
0.49744147062301636 -0.831964910030365 1.7920299768447876
0.5615353584289551 -0.9724360704421997 -0.6553075313568115
0.054587047547101974 0.94068843126297 -2.334549903869629
0.0451493002474308 0.6009238958358765 -1.7680379152297974
0.04322509840130806 0.6116993427276611 2.342334747314453
0.45381537079811096 1.1146042346954346 -0.3384430408477783
0.4541400671005249 0.5858069658279419 1.2013143301010132
0.2317427098751068 -0.4395903944969177 2.5670571327209473
0.0397275909781456 0.07128769904375076 -0.32948336005210876
0.04259273037314415 -0.13447768986225128 1.4929052591323853
0.04910723865032196 -0.1754576563835144 -0.8495612740516663
0.4448205232620239 0.47785863280296326 -2.510632276535034
0.3072996735572815 0.6177154779434204 -2.898231029510498
0.45262619853019714 0.8082180023193359 -1.6001317501068115
0.04494909942150116 1.4473283290863037 0.5051381587982178
0.4477545917034149 1.0519927740097046 -1.0891880989074707
0.04455052316188812 0.6059481501579285 -0.03130436688661575
0.4548875391483307 -0.2760680317878723 -2.761688709259033
0.10991565138101578 -0.5536694526672363 -0.07137147337198257
0.4579671025276184 -1.0113203525543213 0.41251319646835327
0.15295001864433289 -0.24328719079494476 -2.8716378211975098
0.40984857082366943 0.8783909678459167 2.77195143699646
0.04654240980744362 0.827355682849884 1.2398382425308228
0.2402310073375702 1.5007171630859375 2.19944429397583
0.4332636594772339 1.4930477142333984 -1.2056959867477417
0.5425378680229187 -0.9749975800514221 0.6681723594665527
0.4519023001194 0.8645200729370117 1.615485668182373
0.04344240576028824 0.2684887945652008 0.6342402696609497
0.4249858260154724 -0.48455893993377686 0.735266387462616
0.456055223941803 1.2647520303726196 -2.184319496154785
0.05816473066806793 1.3509246110916138 1.3862738609313965
0.047423213720321655 -0.14699478447437286 0.14880403876304626
0.4341038763523102 1.3105982542037964 1.681196689605713
-0.12039856612682343 -0.8630129098892212 0.19710077345371246
0.45903751254081726 -0.6875004768371582 -0.15423431992530823
0.15567080676555634 -0.822512149810791 0.8064789175987244
-0.20765650272369385 -0.9473052024841309 -1.0514708757400513
-0.17963412404060364 -0.969470739364624 -1.623176097869873
0.47534090280532837 -1.0128787755966187 0.5278688073158264
0.04507201164960861 0.457328736782074 1.1416629552841187
0.32398104667663574 1.4909688234329224 -1.869710922241211
0.460161030292511 -0.4405094385147095 -2.499178886413574
0.07162783294916153 -0.4413210153579712 0.4986652731895447
0.03356213867664337 0.504173219203949 -1.296716570854187
0.10473164916038513 -0.34346723556518555 -1.3104783296585083
0.45188266038894653 0.03902430832386017 -0.2251710295677185
0.4553343653678894 0.5291889905929565 -2.0161690711975098
0.04955178499221802 0.4597136974334717 -1.94541597366333
0.07858994603157043 -1.0107511281967163 0.48900076746940613
0.433422327041626 0.20560407638549805 1.7222697734832764
0.3045988976955414 1.5146621465682983 -0.19812463223934174
0.06477668881416321 1.466874361038208 1.5220813751220703
0.45604443550109863 0.48119741678237915 -1.9933174848556519
0.4387199878692627 -0.03498849272727966 2.0238561630249023
0.451189249753952 0.6051383018493652 -1.2347142696380615
0.22024910151958466 1.5294110774993896 -0.25785645842552185
0.04484228789806366 0.33748888969421387 -1.6488068103790283
0.035818301141262054 -0.14528094232082367 1.9086966514587402
0.2774275541305542 -1.0051162242889404 -0.5493518710136414
0.03157883882522583 -0.05117194354534149 -0.7497503757476807
0.46800559759140015 0.26809653639793396 -1.1912872791290283
0.05455629527568817 0.9879348278045654 2.3085851669311523
0.15460318326950073 -0.8187627196311951 1.0000720024108887
0.456747442483902 -0.520243763923645 -2.5320093631744385
0.45494356751441956 -0.05076052248477936 -2.497251272201538
0.4479815363883972 -0.5792675018310547 -1.2807749509811401
0.4256061613559723 1.274084210395813 2.3633975982666016
0.46942606568336487 0.689180850982666 -1.4574167728424072
0.20085425674915314 1.1266767978668213 -2.86311674118042
0.46232929825782776 0.9457765817642212 -2.497751235961914
0.38331297039985657 -0.5163339376449585 2.840156078338623
0.04207924008369446 0.40044620633125305 2.693962812423706
0.45930215716362 0.7937439680099487 0.9144368171691895
0.028337687253952026 0.5945377945899963 0.3733442723751068
0.03866896033287048 0.04438118636608124 1.6500556468963623
0.054900482296943665 -0.48064088821411133 -2.4895293712615967
0.4501141309738159 0.06222732365131378 -2.1307055950164795
0.41858041286468506 1.4316290616989136 1.7558696269989014
0.044852808117866516 0.9604254961013794 -0.019702842459082603
0.09026554971933365 0.9983780980110168 2.86924147605896
0.054393164813518524 1.3977843523025513 0.7917345762252808
0.07209403812885284 0.752819299697876 2.866154670715332
0.44716447591781616 0.5786226987838745 0.8755528330802917
0.05798681825399399 -0.37173599004745483 2.1299898624420166
0.09426812827587128 -0.49270498752593994 1.5451384782791138
0.04413677752017975 -0.2745053172111511 2.758951187133789
0.04401867464184761 0.6800816059112549 0.4336642026901245
0.07020051777362823 1.4886424541473389 1.7462234497070312
0.37488996982574463 -0.6980646848678589 2.3174166679382324
0.049923621118068695 1.0575937032699585 1.1067603826522827
0.19708172976970673 -0.6408247947692871 -1.994513750076294
0.4399610161781311 -0.3872024416923523 1.1589385271072388
0.0552949383854866 -0.29722732305526733 0.6145326495170593
-0.08131387829780579 -0.9802001118659973 1.224698543548584
0.5328657627105713 -0.8737159967422485 0.8510162830352783
0.3284512758255005 -0.6554921269416809 0.772975504398346
0.44522741436958313 0.6406471133232117 -2.6269419193267822
0.05043196678161621 0.9234799742698669 1.4043751955032349
0.4189568758010864 0.6046000719070435 2.8443267345428467
0.45391082763671875 -0.5431124567985535 -0.35811424255371094
-0.21275269985198975 -1.0195847749710083 -0.616301953792572
0.04252486675977707 -0.13995765149593353 1.5748716592788696
0.5118563175201416 -0.9472205638885498 0.6946918368339539
0.04202107712626457 0.9041690230369568 2.397770643234253
0.15311112999916077 -0.7399393916130066 2.5434820652008057
0.44943779706954956 1.0504810810089111 -0.12271703779697418
0.15048737823963165 1.4937747716903687 2.5580289363861084
0.0006980001926422119 -0.8181714415550232 -0.8470765352249146
0.04387379437685013 0.5994528532028198 0.4384692311286926
0.45138055086135864 0.6476091146469116 -2.529820680618286
-0.18509292602539062 -0.9095258712768555 1.3602991104125977
0.04047756642103195 -0.18091940879821777 2.525266170501709
0.4437309205532074 -0.24805045127868652 1.1554224491119385
0.1959679126739502 1.5186691284179688 -1.0119911432266235
0.4558170437812805 -0.11925630271434784 -2.449103355407715
0.44527238607406616 0.8756834268569946 -0.19358816742897034
0.5451467037200928 -0.9647043943405151 2.1782891750335693
-0.026431091129779816 -0.9556871652603149 2.367063283920288
0.4497327208518982 -0.6253392696380615 -2.1463465690612793
0.37415260076522827 -0.944622278213501 -2.1502885818481445
0.4505043625831604 0.419184148311615 -0.7421342730522156
0.4487203061580658 0.35496729612350464 2.3992481231689453
0.3028687834739685 1.4962660074234009 -1.7393056154251099
0.4615151882171631 -0.006806820631027222 -0.8005008697509766
0.4511042833328247 -0.058359742164611816 -1.3291895389556885
0.4410770833492279 0.5024275779724121 -2.741541624069214
0.05638863146305084 0.4258906841278076 1.0460749864578247
0.045511215925216675 0.7556154727935791 2.4481465816497803
-0.019172996282577515 -0.8838748335838318 -0.18526923656463623
0.03951965272426605 1.1970049142837524 -0.929902970790863
0.04802727699279785 -0.018070802092552185 -0.1974613070487976
0.07220719754695892 0.5870739817619324 1.9719657897949219
0.2268058955669403 -0.11597046256065369 -2.8814802169799805
0.42201709747314453 1.4472699165344238 -1.2623841762542725
-0.1110614761710167 -0.8572049140930176 0.24217481911182404
0.053834959864616394 1.0249645709991455 2.3036346435546875
0.05196171626448631 1.276976466178894 1.0184483528137207
0.4846188724040985 -1.0136864185333252 -0.7634668350219727
0.18728487193584442 -0.45171087980270386 -1.1214765310287476
0.32763853669166565 -1.0136486291885376 -0.45511218905448914
0.24133217334747314 -0.6079673767089844 -2.895880937576294
0.27747613191604614 -0.800561249256134 1.5241557359695435
0.051365938037633896 1.1135233640670776 0.9720114469528198
0.4486011266708374 0.06907634437084198 1.5292812585830688
0.04517460986971855 0.47653067111968994 -0.18003110587596893
0.4070032238960266 1.368107557296753 2.547579288482666
0.42184603214263916 -0.8480384945869446 -1.8722232580184937
0.4356316924095154 -0.9775719046592712 -1.759487509727478
0.06255567073822021 -0.037761032581329346 -1.4183552265167236
0.05727250501513481 -0.8263158202171326 0.6783431172370911
0.052288901060819626 1.0379854440689087 2.1158576011657715
0.44525113701820374 1.3026574850082397 0.12972697615623474
0.43435603380203247 0.11638453602790833 -2.850220203399658
0.2523159086704254 -0.8349112272262573 -1.8605451583862305
-0.21407809853553772 -0.9225424528121948 0.1177736148238182
0.04539745673537254 0.7493581771850586 -1.9274441003799438
0.4425757825374603 1.3892146348953247 0.7909275889396667
0.040806517004966736 0.2946910858154297 -2.7028727531433105
0.43158894777297974 -0.35690414905548096 1.5733791589736938
0.4307187795639038 0.8204021453857422 1.1812154054641724
0.4492186903953552 1.0335158109664917 1.2656365633010864
0.047244712710380554 1.025721788406372 2.1127822399139404
0.058921217918395996 0.2868027687072754 -2.1925766468048096
0.45601803064346313 0.6666368842124939 -0.9334568381309509
-0.24260054528713226 -0.9120915532112122 0.5087857246398926
0.05969303473830223 -0.19580574333667755 -1.869593620300293
0.45416170358657837 0.43617352843284607 1.8680777549743652
0.4452798366546631 0.2740996181964874 2.183551549911499
0.12916620075702667 -0.4140048027038574 2.341705322265625
0.45410239696502686 -0.1235581785440445 2.5405547618865967
0.04776063561439514 0.6752439737319946 2.3538033962249756
0.46065425872802734 0.3215511441230774 1.9501091241836548
0.44894835352897644 0.5938347578048706 0.8095887303352356
-0.15968869626522064 -0.9140435457229614 -1.9504027366638184
0.11248607933521271 -0.6968821287155151 0.07330340892076492
0.03272341191768646 0.4781670570373535 2.1229896545410156
0.44841688871383667 0.4032898545265198 1.8317108154296875
0.2041323482990265 -0.833160400390625 1.1422284841537476
-0.11559949815273285 -0.824896514415741 1.0473016500473022
0.09125013649463654 1.0636720657348633 -2.831763505935669
0.04591852426528931 0.3765701651573181 1.4373422861099243
0.4462272822856903 0.2885344624519348 1.0887415409088135
0.04569442570209503 0.3095923066139221 2.1932766437530518
0.45040881633758545 1.240501046180725 0.6221306324005127
0.5020668506622314 -0.8995351195335388 0.4184669554233551
0.11380717158317566 1.5052859783172607 2.053088665008545
0.053839296102523804 -0.04391314089298248 -0.8357481360435486
0.3723651170730591 -0.22133925557136536 0.49311795830726624
0.37688368558883667 -1.0147137641906738 1.4781628847122192
0.44786667823791504 0.2579326331615448 -0.8811914920806885
-0.0394621267914772 -0.844333827495575 1.578373908996582
0.4509715735912323 0.007513970136642456 -1.6170804500579834
0.44572001695632935 -0.047609224915504456 -0.9486615061759949
0.27608004212379456 -0.9935550689697266 0.9404191970825195
0.04537856578826904 0.5521327257156372 -0.6586424112319946
0.24426914751529694 -0.6379888653755188 -1.6528913974761963
0.3983716070652008 1.2189385890960693 2.822373867034912
0.4549636244773865 0.41879549622535706 -1.5892078876495361
0.4611491560935974 -0.8461019992828369 -0.7009108662605286
0.4045891761779785 -1.0236759185791016 -1.6514005661010742
0.43485313653945923 1.4267913103103638 -0.36194685101509094
0.4506511390209198 -0.24980172514915466 -1.508522391319275
0.3547007441520691 -0.16516980528831482 2.884528160095215
0.44940507411956787 0.32831183075904846 0.08136102557182312
0.32290130853652954 1.496200680732727 -2.7489917278289795
0.48866114020347595 -1.0137468576431274 0.2663915157318115
0.04314342886209488 0.5010377168655396 1.3813506364822388
0.04098687320947647 0.4757064878940582 -0.8112014532089233
0.03551347553730011 0.6123133301734924 -1.216321587562561
0.449853777885437 1.4146790504455566 -2.440851926803589
0.44396117329597473 -0.4625779390335083 0.19619452953338623
0.01792047917842865 -0.9990247488021851 2.0708563327789307
0.44362393021583557 -0.5640772581100464 -0.9038630127906799
0.039393916726112366 0.019103631377220154 1.104968547821045
0.044320106506347656 0.5161838531494141 -0.8832216858863831
0.05065581202507019 1.4563480615615845 -1.3029876947402954
0.4477729797363281 -0.19654977321624756 -1.322020411491394
0.04779918119311333 1.227668046951294 -0.1761416792869568
0.17493936419487 -0.6236385107040405 -1.8703540563583374
0.44758865237236023 -0.4848511219024658 -0.43283170461654663
0.23203906416893005 -0.7826331853866577 -0.5152814984321594
0.44377845525741577 0.8153724074363708 -0.12696103751659393
0.44874507188796997 0.6424973011016846 -0.603698194026947
0.05406000465154648 1.1897132396697998 -2.497882843017578
0.07142519950866699 -0.4778124690055847 1.6705043315887451
0.051300033926963806 1.1155332326889038 2.5159494876861572
0.02433513104915619 -0.3237265944480896 2.7649178504943848
0.040581926703453064 0.5467204451560974 -2.4347729682922363
0.03807903826236725 1.3101460933685303 2.7318732738494873
0.44200050830841064 0.8933106660842896 0.7326384782791138
0.05380881577730179 1.0800154209136963 2.1375346183776855
0.041885484009981155 -0.26208996772766113 2.099430799484253
0.29712358117103577 1.4857220649719238 -2.522855281829834
0.4390052556991577 1.3390233516693115 1.0731112957000732
0.06010213494300842 1.490472435951233 -0.6280903816223145
0.4529276490211487 1.1894477605819702 -1.9882298707962036
0.043979763984680176 -0.1653597205877304 1.2347228527069092
0.0625082403421402 0.46033143997192383 -0.8315157294273376
0.45419663190841675 -0.3726378083229065 -0.9707467555999756
0.452170193195343 0.3204611837863922 0.5949103236198425
0.380595862865448 -0.753086268901825 2.3951256275177
0.04382807016372681 0.019165322184562683 -0.8796762228012085
0.042381539940834045 0.30085575580596924 2.460750102996826
0.45896807312965393 0.1816733032464981 -0.8533202409744263
0.16000667214393616 -0.6120684146881104 -2.564502716064453
0.45415106415748596 1.2734401226043701 -1.5073202848434448
0.04587381333112717 1.072221279144287 -0.8335772752761841
0.16615474224090576 1.5048295259475708 1.9364237785339355
-0.046598903834819794 -1.0088284015655518 -1.0874338150024414
0.04674701392650604 0.7649360299110413 -0.11843178421258926
0.21518154442310333 -1.0079538822174072 0.73178631067276
0.4496089220046997 0.7766990661621094 2.6605536937713623
0.12595000863075256 1.5149383544921875 -0.2170443832874298
0.15246522426605225 -0.9985887408256531 1.3822160959243774
0.05212031304836273 -0.027712419629096985 -1.4753968715667725
0.041948482394218445 0.40410393476486206 -0.8282757997512817
0.4595140516757965 0.3814939260482788 1.7368348836898804
0.21798111498355865 -1.0074824094772339 0.638024091720581
0.05245204642415047 1.2765564918518066 -2.0660159587860107
0.4045291543006897 1.4734410047531128 1.6163302659988403
0.42262911796569824 -0.34123504161834717 2.0262503623962402
-0.1360614001750946 -0.9036733508110046 -0.5401009321212769
0.042719993740320206 0.9180641770362854 -0.20084993541240692
0.04771384596824646 0.8655518293380737 -1.3563367128372192
0.045723237097263336 0.5831469893455505 -1.725763201713562
0.07071693241596222 -0.5103726387023926 -2.7916195392608643
0.04849202185869217 0.1871734857559204 -2.1512162685394287
0.08412647247314453 1.3774440288543701 -2.812535524368286
0.05795895308256149 1.1948498487472534 1.6807541847229004
0.06283795833587646 0.8617565631866455 2.6058366298675537
0.1622859090566635 -0.7432872653007507 -1.430966854095459
0.46025776863098145 -0.21324998140335083 -2.4337353706359863
0.25701001286506653 -0.7203758358955383 -2.3695220947265625
0.04113071411848068 -0.03258782625198364 1.3176846504211426
0.44732537865638733 -0.05852679908275604 -1.644747018814087
0.05212360620498657 0.2552404999732971 0.05220259353518486
0.04736711457371712 1.280205249786377 -1.1313892602920532
0.055333275347948074 1.1953941583633423 2.068488121032715
0.4480600953102112 0.9225552678108215 1.68881094455719
0.5122354626655579 -0.8708071708679199 0.8710049390792847
0.49198946356773376 -0.8620145320892334 -0.29275795817375183
0.17084743082523346 -0.9282099604606628 -2.0898709297180176
0.45362910628318787 0.30191460251808167 -2.757988929748535
0.03821146860718727 -0.28464412689208984 1.807449460029602
0.046054109930992126 0.008327096700668335 -0.22636528313159943
0.08261111378669739 0.6661495566368103 -2.819871187210083
0.20535311102867126 -0.5265377759933472 -2.9215941429138184
0.050845906138420105 -0.35760393738746643 1.1459954977035522
0.4577103555202484 -0.45192253589630127 -2.3505847454071045
0.44747719168663025 0.03617753088474274 -1.4118757247924805
0.4818383455276489 -0.9845026731491089 1.378037452697754
0.24165356159210205 -0.6619124412536621 -2.663935661315918
0.04609754681587219 0.616815447807312 -1.2623777389526367
0.43736520409584045 -0.07686357200145721 -2.809183120727539
0.04956423118710518 0.8187962770462036 -2.0401597023010254
0.0803595557808876 -0.9930106401443481 1.6029094457626343
0.2732324004173279 1.5100488662719727 -1.176651120185852
0.047573670744895935 0.49251455068588257 -1.0405669212341309
0.182174950838089 1.5122116804122925 1.6303995847702026
0.04450202360749245 0.22141335904598236 1.4456555843353271
0.4453224241733551 0.6870210766792297 1.6755961179733276
0.058495618402957916 1.2316758632659912 0.9261865019798279
0.06028568744659424 -0.5801553130149841 -2.358165740966797
0.4569493532180786 0.5237113237380981 -0.2095443308353424
0.45083844661712646 0.35086575150489807 1.534701943397522
0.04003111273050308 0.20653662085533142 2.3668291568756104
0.05405049026012421 1.4559701681137085 0.6226286888122559
0.19172361493110657 1.5305426120758057 0.016471203416585922
-0.01963622123003006 -1.0172836780548096 -0.37175488471984863
0.4470999836921692 0.3382159471511841 1.6505990028381348
0.05349849909543991 0.14715011417865753 -0.5028696060180664
0.43669208884239197 1.355873942375183 -2.5315334796905518
0.05476893484592438 0.8642184138298035 -1.9378491640090942
0.450835645198822 -0.34280121326446533 -1.5248031616210938
0.4444149434566498 0.502895176410675 -0.6604555249214172
0.0071889981627464294 -0.8629725575447083 -0.12869323790073395
0.39609313011169434 1.4748685359954834 -2.323093891143799
0.04624996334314346 0.47177356481552124 1.0599696636199951
0.46765458583831787 -0.32433056831359863 -2.782917022705078
0.44220519065856934 -0.22910413146018982 1.8504319190979004
0.051200203597545624 1.140566349029541 2.3747293949127197
-0.09362392127513885 -0.9710004329681396 2.2737786769866943
0.44981300830841064 -0.5256015062332153 -1.0033236742019653
0.04288183152675629 0.039025887846946716 0.420754611492157
0.1480080634355545 -0.5960262417793274 1.0776054859161377
-0.0265539288520813 -0.8747374415397644 -0.7896058559417725
0.04095951467752457 0.10693833231925964 0.21805498003959656
0.4387426972389221 0.4920199513435364 0.3466988205909729
-0.17892594635486603 -0.9240738153457642 -1.4023213386535645
0.3539445698261261 -0.951564371585846 -2.1704816818237305
0.033705346286296844 1.0876715183258057 -1.0598673820495605
0.4519102871417999 1.1614993810653687 -2.3460123538970947
0.46962904930114746 -1.010497808456421 -1.2396950721740723
0.41822975873947144 1.4791496992111206 0.08452698588371277
0.04770398139953613 1.1190577745437622 -1.556627869606018
0.048300690948963165 -0.44853898882865906 -0.3225278854370117
0.4536641240119934 0.4985824227333069 1.937880516052246
0.4536929130554199 0.6369659900665283 2.0334789752960205
-0.12441393733024597 -1.0331312417984009 -0.8228989839553833
0.18846824765205383 -0.49362820386886597 -2.9052062034606934
0.44335514307022095 -0.5435437560081482 -0.04301717132329941
-0.056928329169750214 -0.9010640978813171 -2.1396474838256836
0.49668407440185547 -0.7815462946891785 1.7480731010437012
0.04539460688829422 0.4049990177154541 0.39802226424217224
0.4472784698009491 0.6525465250015259 -2.2331557273864746
0.0457194559276104 0.6190344095230103 2.39577317237854
0.042124271392822266 -0.31872230768203735 -0.17283163964748383
0.4503679871559143 1.3503289222717285 -0.7929362654685974
0.01042686402797699 -1.0115970373153687 1.1419548988342285
0.05921807885169983 0.002753332257270813 -2.3714005947113037
0.4180235266685486 -0.9842343926429749 2.1776065826416016
0.5388433337211609 -0.9930710792541504 -0.32951492071151733
0.4291117787361145 -1.0130767822265625 -0.061695653945207596
0.445038378238678 1.3599492311477661 0.15583600103855133
