ply
format ascii 1.0
element vertex 2048
property float x
property float y
property float z
end_header
0.7397878170013428 0.7628234624862671 0.5589777827262878
3.02571439743042 0.6871093511581421 -0.11835284531116486
-0.576043963432312 -2.444094657897949 -0.5990170240402222
-0.32869553565979004 -2.4294283390045166 -0.3869737982749939
0.4713671803474426 0.542456865310669 -0.13944290578365326
-2.4216365814208984 -2.527909278869629 0.46410849690437317
0.2911347448825836 0.4574275314807892 -0.47137129306793213
-1.084405779838562 2.012017011642456 0.32177960872650146
-2.4760961532592773 -1.8575150966644287 0.2182055115699768
-0.5819917917251587 -2.3822402954101562 -1.4394152164459229
-2.28413724899292 2.35526442527771 -0.12088966369628906
-0.21132785081863403 -0.22178532183170319 -0.1861899495124817
-2.160569190979004 2.565234899520874 -0.1658930629491806
0.375577449798584 0.34244999289512634 -0.7426624894142151
-2.703516721725464 -2.396089792251587 0.7324352264404297
2.0935535430908203 1.4029593467712402 -0.38966917991638184
-1.2997270822525024 0.7832866907119751 0.059630632400512695
0.11583578586578369 0.1830880045890808 -0.9479618072509766
-1.7902698516845703 -2.1661276817321777 0.9826095700263977
-1.819525122642517 -0.0024581849575042725 -0.18983875215053558
0.908892810344696 -0.08877786993980408 1.7767642736434937
-2.2169368267059326 -0.822605311870575 -0.053728364408016205
0.312924861907959 0.503056526184082 0.5260637402534485
-2.1567747592926025 2.344663619995117 0.2423498034477234
0.9493158459663391 3.1473798751831055 0.1130940318107605
-0.09005559980869293 2.7844011783599854 0.1296911984682083
1.4497243165969849 2.900272846221924 0.2520780861377716
-1.1688380241394043 -2.025279998779297 -1.40031898021698
1.7420194149017334 0.7647801637649536 -1.140640377998352
0.2140611708164215 -1.7198811769485474 -0.8681027889251709
1.1213593482971191 0.1206778883934021 -1.686694622039795
-0.6357221007347107 -0.22291076183319092 0.7798964977264404
0.2722826898097992 2.0934879779815674 0.022474922239780426
-1.0868912935256958 -1.222571849822998 -1.4984253644943237
0.5350914001464844 1.966844081878662 0.037492770701646805
2.7192413806915283 0.9847965240478516 -0.19039009511470795
-1.3765192031860352 -0.5882499814033508 -0.7832704782485962
2.4982974529266357 0.26698756217956543 1.567541480064392
2.6409685611724854 0.4985974431037903 -0.6979471445083618
-1.0196253061294556 -0.8217171430587769 0.1654728353023529
0.06254955381155014 -2.2317590713500977 -1.416575312614441
2.3001954555511475 1.102565884590149 -0.6122264266014099
-2.0062973499298096 -0.7714943885803223 -0.36356645822525024
-1.3467661142349243 -1.0786564350128174 0.7584092617034912
3.2271225452423096 0.3116089701652527 0.6605652570724487
-0.5932825803756714 -2.415083646774292 1.0401729345321655
-1.394699215888977 2.077409029006958 -0.4355499744415283
-2.3498647212982178 2.3021867275238037 -0.3800411820411682
-1.2366377115249634 2.246450185775757 -0.304998517036438
0.4348876178264618 -2.457477569580078 1.2655640840530396
0.7925879955291748 0.30541133880615234 1.1093021631240845
-0.47040534019470215 -0.1360156536102295 -0.6813910007476807
1.2590421438217163 3.2367968559265137 0.15276376903057098
0.830122709274292 -2.0508272647857666 1.2125054597854614
-2.53421950340271 1.3019846677780151 0.2561073303222656
-0.8668956756591797 -1.6108777523040771 -1.3226672410964966
1.7793598175048828 0.09919029474258423 -1.5323665142059326
-0.10675925016403198 -2.4300644397735596 -0.8307766318321228
-2.3198022842407227 1.2927913665771484 -0.1405622512102127
-1.5213954448699951 1.071557879447937 -0.2684451937675476
-0.5371741056442261 -0.6881487965583801 -1.6927013397216797
-0.8790605068206787 -1.9856772422790527 0.7217308282852173
0.6244393587112427 2.0581302642822266 -0.031126821413636208
-2.13505220413208 -1.8731484413146973 -0.6637161374092102
2.1833388805389404 0.8333175182342529 1.0198291540145874
1.7225539684295654 1.719315767288208 -0.279073566198349
2.0852653980255127 0.6895065307617188 -1.2368453741073608
1.18907630443573 -0.0640956312417984 1.7879072427749634
-2.5339980125427246 -2.5126123428344727 -0.14065493643283844
1.100738525390625 0.6985594630241394 0.7416277527809143
2.8814544677734375 0.8634955883026123 -0.16852521896362305
1.9063102006912231 0.26936542987823486 -1.6019055843353271
-2.632031202316284 -2.2962570190429688 0.636132001876831
-1.232465386390686 -1.8632699251174927 -1.3378081321716309
-1.460473895072937 0.7422723770141602 -0.09240682423114777
-2.5443975925445557 0.8399249911308289 0.2725093960762024
-1.4580721855163574 -1.3891681432724 -1.055021047592163
2.888960123062134 0.5653566718101501 0.24069756269454956
-0.46112170815467834 -1.7575181722640991 1.1596670150756836
2.075866222381592 1.46745765209198 -0.3560190200805664
1.9656500816345215 0.25571727752685547 -1.3160148859024048
2.340712785720825 0.4840838313102722 -1.356964111328125
-2.271132469177246 2.4290218353271484 0.2309267669916153
1.7321436405181885 1.6060235500335693 0.493539959192276
-1.0700944662094116 -1.2421904802322388 1.4832606315612793
2.0640435218811035 1.0045585632324219 0.8533855080604553
3.147559642791748 0.15192854404449463 -0.7685391306877136
1.8274242877960205 2.0727314949035645 0.39131513237953186
0.7454105615615845 -1.8404479026794434 -1.0142513513565063
0.5358930826187134 0.48965516686439514 -0.3370126783847809
-1.1954505443572998 -0.14043444395065308 0.2200593501329422
-2.582657814025879 0.9770950675010681 0.2669681906700134
0.6515358090400696 0.10527150332927704 -1.5363093614578247
1.4105687141418457 1.2100497484207153 0.582465648651123
1.363231897354126 0.5965714454650879 -0.9484825134277344
-2.5099563598632812 -2.280501365661621 -1.2272191047668457
-0.5048307180404663 -0.08524830639362335 -0.15367384254932404
-0.09640735387802124 -1.8474913835525513 -0.8289151787757874
0.31288284063339233 2.4986190795898438 -0.04827629402279854
-0.5383844375610352 -2.446204423904419 -0.35156485438346863
2.171957492828369 0.9253947734832764 -0.6235079169273376
1.8136258125305176 1.6973876953125 0.45516228675842285
-1.960698127746582 0.6084556579589844 0.06633240729570389
-0.6452006101608276 -0.7779097557067871 -1.5396535396575928
-2.5201809406280518 -2.527562379837036 0.06909935176372528
0.4496208429336548 1.984864592552185 -0.09648282825946808
1.4219679832458496 0.3784250319004059 1.4213898181915283
0.2941083312034607 -2.341961145401001 0.791535496711731
0.5491943359375 2.5628130435943604 0.10065963119268417
-1.216890811920166 -1.06015145778656 1.2473448514938354
2.422290802001953 1.216320276260376 0.3543585538864136
-0.17866912484169006 -0.06983040273189545 1.274670124053955
-1.3883646726608276 2.4809517860412598 -0.38759368658065796
-1.0257740020751953 -0.6363986730575562 0.870829701423645
-0.007333289831876755 -0.25448086857795715 1.4321619272232056
-2.004974365234375 -1.5947667360305786 0.05685679614543915
-1.1047651767730713 -0.9932499527931213 1.127433180809021
-1.9138251543045044 1.973967432975769 -0.004247099626809359
-0.7601391673088074 2.777268171310425 0.11172323673963547
-1.3206559419631958 -0.5099374055862427 1.150641679763794
-1.4094038009643555 -2.101196527481079 1.4674268960952759
-2.288388729095459 -2.134655237197876 0.34729793667793274
-2.0171353816986084 -1.0187792778015137 -0.14255227148532867
-1.269755244255066 -1.3454444408416748 1.1033058166503906
-0.5185949206352234 -1.844297170639038 -0.30217188596725464
-1.3721814155578613 2.8262059688568115 -0.25362372398376465
2.500788688659668 0.8668164610862732 0.15528573095798492
1.0851984024047852 -0.010766565799713135 -1.7155197858810425
-2.585651159286499 -2.1895229816436768 -0.3929479420185089
1.517348051071167 1.0050551891326904 0.5842823386192322
2.5343241691589355 0.3978966176509857 -1.4446887969970703
-1.1755729913711548 0.922520637512207 -0.049513738602399826
2.4214560985565186 0.08446334302425385 -1.6727473735809326
1.1837824583053589 -0.13847360014915466 1.7276544570922852
3.092902660369873 0.4507855176925659 -0.5037717819213867
-1.0896663665771484 -0.8881300687789917 1.1414159536361694
-1.334235429763794 0.6491566896438599 -0.2226017564535141
2.4640884399414062 0.5643219351768494 -0.8074554204940796
1.6734462976455688 3.009871244430542 0.10610966384410858
1.623275637626648 2.219672203063965 -0.07472248375415802
-0.6374965310096741 -2.399970769882202 -1.1163557767868042
-0.8160964846611023 -1.9783927202224731 -1.4581881761550903
1.8995805978775024 0.7535800337791443 1.1029115915298462
2.780559778213501 0.38655638694763184 -0.8663567304611206
-0.8814100027084351 -2.0104339122772217 -0.8367451429367065
-1.6932622194290161 2.187276601791382 -0.026823878288269043
-0.9752700328826904 -0.7925889492034912 0.5458657145500183
2.986971855163574 0.6493473649024963 -0.44619905948638916
3.197434186935425 0.30573269724845886 0.9506393671035767
2.218198776245117 1.1607580184936523 -0.3617098033428192
-2.6202709674835205 -2.108224868774414 -0.5663324594497681
-2.347210168838501 1.6401784420013428 -0.13968801498413086
-2.3442530632019043 -2.4079010486602783 1.0863538980484009
-0.8831748962402344 1.7897260189056396 0.02322535775601864
2.3104026317596436 1.024670958518982 -0.3621324598789215
1.7193886041641235 0.6381934881210327 1.1624833345413208
0.0252295583486557 0.23843470215797424 -0.5424191355705261
-2.3060643672943115 -2.034909248352051 -0.9918907284736633
-2.138728618621826 -1.786137342453003 -0.9731442928314209
0.939791738986969 -1.9048289060592651 -1.1248507499694824
1.4641386270523071 0.09916228801012039 -1.4828689098358154
0.009216930717229843 -0.07516653835773468 -1.062123417854309
0.7519760131835938 -1.7971510887145996 0.784487783908844
0.04223095625638962 0.23567494750022888 -0.540968120098114
0.7566735744476318 1.0086555480957031 0.1056954562664032
1.5179872512817383 0.7564818263053894 0.8309881687164307
-0.7264354825019836 -0.5945068597793579 0.08000540733337402
0.9547528028488159 3.138601541519165 -0.239126056432724
-1.659948468208313 -0.4009946584701538 -0.18283376097679138
-1.458693265914917 -2.024559497833252 -1.1444604396820068
-2.636469602584839 2.4222753047943115 -0.28498131036758423
3.0890700817108154 0.3712471127510071 0.20088748633861542
0.3684770464897156 0.09400883316993713 1.1544394493103027
0.8596823215484619 0.707594633102417 0.8270496726036072
-2.4235222339630127 -1.8210638761520386 0.5596712827682495
-0.6525514721870422 -0.5428711175918579 -0.029896819964051247
0.908271312713623 -2.0534470081329346 -1.2596042156219482
-2.2259984016418457 -1.2624255418777466 0.5116709470748901
-1.2635992765426636 -1.898459792137146 -1.1023685932159424
-1.479724645614624 -0.349634051322937 -0.5385209918022156
-0.32686078548431396 -0.06727906316518784 1.0623849630355835
-1.2225184440612793 -0.079511359333992 0.17116911709308624
-0.36795222759246826 2.580963373184204 -0.13961707055568695
0.9676757454872131 0.6721835732460022 -0.8087444305419922
0.6631008982658386 2.6155388355255127 -0.11954274773597717
2.315279483795166 0.13301301002502441 -1.674609899520874
0.4407374858856201 2.987433433532715 -0.16228044033050537
-2.011993885040283 -1.1510639190673828 -0.34461647272109985
-0.7026858329772949 -2.435762882232666 1.287427544593811
-0.8307796716690063 2.154618978500366 -0.1473315954208374
3.222815990447998 0.25266680121421814 0.3522587716579437
-1.6290730237960815 -0.33146780729293823 -0.23824596405029297
-0.8704903721809387 -2.0379228591918945 -1.5062824487686157
1.6480395793914795 1.275696039199829 -0.6508364677429199
3.119917154312134 0.35090282559394836 -0.09119585156440735
0.817510724067688 -2.0837807655334473 1.295838713645935
3.2983508110046387 0.46343305706977844 0.2641769051551819
1.2637569904327393 0.04197096824645996 -1.4323952198028564
0.058656226843595505 -2.4510750770568848 -1.2107155323028564
-0.9474446773529053 -0.6463685035705566 1.6523542404174805
-2.2869813442230225 1.710405707359314 0.3010137677192688
1.6450958251953125 0.9122852087020874 0.9076340794563293
-1.1298929452896118 -1.4919525384902954 -1.3823351860046387
-2.1255288124084473 -1.9212888479232788 -0.22894003987312317
0.39480888843536377 2.996392250061035 0.012715481221675873
-2.6376795768737793 2.1715786457061768 0.005674964748322964
-1.554956316947937 0.3566761016845703 0.2753373384475708
0.8069725036621094 -1.8219833374023438 1.3530776500701904
-2.588780641555786 0.7933545708656311 0.25668901205062866
-2.5561182498931885 -2.193495750427246 -0.24853457510471344
0.38779065012931824 -2.3335671424865723 0.7544926404953003
-1.4652708768844604 -1.8615130186080933 1.0351593494415283
-2.1791818141937256 1.5696933269500732 0.09175997227430344
-1.9545934200286865 0.8235281705856323 -0.03296777233481407
-0.6447269916534424 -1.745227575302124 1.4103225469589233
-1.1762887239456177 -0.4916023015975952 -0.7095667123794556
0.2352759838104248 -2.121830940246582 -0.5778767466545105
-0.6253998279571533 -0.34472230076789856 1.5984846353530884
2.6216394901275635 0.8149274587631226 -0.7400854825973511
0.6264356374740601 0.11027000844478607 -1.4999858140945435
0.6111555099487305 0.11827002465724945 -1.112390398979187
0.28108909726142883 -1.9049437046051025 -1.3953936100006104
3.252549171447754 0.27811741828918457 -0.2723253667354584
2.4382834434509277 0.2425338327884674 -1.6225378513336182
0.8116950988769531 0.2469085454940796 -1.3833179473876953
-0.5980297327041626 -0.5119546055793762 0.8472283482551575
-2.24391770362854 -2.2491564750671387 0.5026174783706665
-2.545133352279663 -2.441030979156494 1.2533836364746094
1.9247794151306152 1.6767964363098145 -0.0952610969543457
-1.9990414381027222 -1.3929952383041382 0.5288221836090088
0.911396861076355 0.6115617156028748 -0.8800702095031738
-1.1644775867462158 -0.5638971328735352 0.7276853919029236
2.196167230606079 1.6147619485855103 -0.21763275563716888
3.248981475830078 0.3554975986480713 0.5654234886169434
-2.5003538131713867 0.3363102972507477 -0.12816166877746582
0.03100624680519104 -2.07102370262146 1.4271495342254639
-1.0986719131469727 -0.9252552390098572 0.26235058903694153
-0.2776166498661041 0.0007403939962387085 0.7803526520729065
2.0259952545166016 0.9793404340744019 0.8779891729354858
0.8066719770431519 -2.223867893218994 1.2837294340133667
-2.4765312671661377 2.0398895740509033 0.006915340665727854
0.1823427975177765 -2.459881544113159 1.2162128686904907
-0.8097414970397949 -1.9129323959350586 1.4809215068817139
-1.9909191131591797 -1.7745084762573242 1.474342942237854
-0.04121584817767143 -2.4268765449523926 -0.31114035844802856
1.612386703491211 1.1849312782287598 0.677627444267273
-1.0712261199951172 2.750586748123169 -0.11937837302684784
-2.074676752090454 -1.4665863513946533 -0.35413435101509094
3.3858425617218018 0.34620845317840576 -0.09642566740512848
-0.4959215521812439 -2.009702444076538 1.445879578590393
-0.7241982817649841 -1.8570197820663452 -0.2315809279680252
-1.6161774396896362 -2.21160626411438 1.0079305171966553
-1.7407430410385132 -2.0560858249664307 1.4602798223495483
-0.07607796788215637 -2.337610960006714 -0.2977255582809448
0.656377911567688 0.07974469661712646 -1.1494560241699219
1.728157639503479 1.947802186012268 -0.47046327590942383
-0.46448516845703125 -0.3752311170101166 0.9044952988624573
-1.6613972187042236 1.395408272743225 0.1496058702468872
-0.2307642102241516 -0.2802004814147949 1.236741065979004
2.2178592681884766 1.2109220027923584 -0.012980347499251366
-0.41520681977272034 -2.1140410900115967 -1.393471598625183
-2.580136299133301 -2.5191144943237305 -0.6609124541282654
-2.237247943878174 -1.7909772396087646 1.2491081953048706
-0.45797765254974365 -0.3856891393661499 -0.3945504426956177
-1.529004693031311 2.8658552169799805 -0.035221222788095474
0.13113650679588318 -0.17757560312747955 1.4116131067276
0.37839728593826294 0.6281219124794006 -0.1802356094121933
-1.1964315176010132 1.0282526016235352 -0.18013392388820648
1.5187565088272095 1.5352966785430908 -0.3880811929702759
-2.054452657699585 -2.109410285949707 0.9475505948066711
-2.054633140563965 2.0828795433044434 -0.04182988777756691
0.8352102041244507 -2.326392412185669 0.753424882888794
1.969721794128418 1.9488109350204468 -0.40068796277046204
-0.3438918888568878 2.5838658809661865 -0.1674361675977707
1.3190524578094482 0.3762533664703369 -1.3641592264175415
1.671415090560913 0.9777233600616455 0.6394968628883362
1.5596362352371216 0.22620302438735962 1.6311181783676147
-0.48278361558914185 -2.1323347091674805 -0.8866024613380432
-0.6465433835983276 -1.8279463052749634 -0.6935555338859558
0.9356988668441772 1.2314047813415527 0.12715809047222137
-1.3187565803527832 -0.4920097589492798 1.1616826057434082
-2.3966171741485596 2.004194736480713 -0.33863329887390137
-0.8526360988616943 -2.376087188720703 -0.7643433809280396
2.4509541988372803 0.9998629689216614 0.19843468070030212
-2.395901918411255 -1.932209849357605 0.5731490254402161
0.2200549840927124 -1.7787425518035889 1.4312081336975098
-2.373290538787842 -2.2192068099975586 0.3363189101219177
2.728529930114746 0.42047080397605896 1.0337235927581787
-0.2660757899284363 -0.033916741609573364 -0.9090793132781982
-0.8339546322822571 -2.1300249099731445 -0.9914771914482117
0.7403314113616943 -2.3798258304595947 1.0874123573303223
1.635117769241333 0.9748311042785645 -0.6237500309944153
-1.0074853897094727 -1.761857271194458 -1.2838122844696045
-2.5980870723724365 2.0266592502593994 0.30311161279678345
-1.198908805847168 1.7446975708007812 0.1593329757452011
1.433931589126587 0.762919545173645 -0.8293452262878418
0.6550593972206116 2.6465322971343994 0.16668730974197388
0.9991589188575745 0.8546158671379089 -0.5831125378608704
-0.22343884408473969 -1.7466557025909424 1.2190659046173096
-1.306006908416748 2.177824020385742 0.210304856300354
0.6010617017745972 -2.416384696960449 1.1976852416992188
-1.0464812517166138 -0.3440590798854828 -0.2644815742969513
-0.28459861874580383 0.014418624341487885 -0.6506977081298828
1.7823231220245361 1.759844183921814 0.46833276748657227
-1.7411471605300903 -1.065863847732544 0.6989020109176636
1.0915989875793457 0.8542611598968506 0.48367470502853394
0.37713056802749634 0.5895490646362305 0.45473915338516235
1.8647348880767822 1.781092643737793 -0.5895694494247437
-2.0685782432556152 -1.1792296171188354 -0.6103993654251099
-2.4254555702209473 1.6938560009002686 -0.13576754927635193
-1.3191397190093994 -2.2342987060546875 1.1937137842178345
-1.0498908758163452 -0.5451576113700867 -1.7154481410980225
0.2983644902706146 -2.4317643642425537 0.9605766534805298
-0.8129075765609741 -2.4115304946899414 -0.07500311732292175
-1.2036994695663452 -0.9154373407363892 -0.5251256823539734
-0.27016016840934753 2.7543258666992188 0.15191742777824402
-0.08984466642141342 0.13493064045906067 0.7108297348022461
-2.7054827213287354 -2.1880249977111816 0.7684531807899475
1.9716041088104248 1.476978063583374 0.24034197628498077
2.1593515872955322 0.18350015580654144 1.7514287233352661
-0.8916985392570496 -1.703611135482788 1.306222915649414
-1.2659841775894165 -0.17143791913986206 0.015112175606191158
1.1649987697601318 1.1682718992233276 -0.0029160603880882263
-1.5727299451828003 1.984725832939148 -0.0372304692864418
0.808422327041626 0.6786770820617676 0.6300095319747925
-1.0836007595062256 -2.128251552581787 -1.4203801155090332
1.611663818359375 1.5686300992965698 -0.31116342544555664
-2.2867913246154785 -2.4070775508880615 -1.1590826511383057
1.895710825920105 1.8639945983886719 0.13739372789859772
1.1807101964950562 3.19460391998291 -0.13454338908195496
-1.0225330591201782 2.760352849960327 -0.13559488952159882
1.3614952564239502 0.052798718214035034 1.718813180923462
-2.5582351684570312 -2.528656244277954 -0.11868619918823242
-1.4935604333877563 -1.060301423072815 1.2467105388641357
-0.4040394127368927 -1.7755626440048218 0.9414536952972412
2.9233434200286865 0.22167594730854034 1.240600347518921
1.6402727365493774 0.6489271521568298 -1.221793532371521
-0.9242610931396484 -1.9223908185958862 -1.0226614475250244
0.6942912340164185 -1.8782153129577637 1.4543941020965576
-1.1497730016708374 -0.5158929824829102 -0.3495752811431885
-0.814444899559021 -2.1212165355682373 0.3702019453048706
2.0876855850219727 0.9032531976699829 0.6350208520889282
-1.2202306985855103 -0.45078787207603455 -1.7762428522109985
0.6632737517356873 0.3224066197872162 1.2216908931732178
2.32700252532959 0.7664141058921814 1.0595355033874512
0.4414772689342499 -2.391592025756836 -1.4166889190673828
-1.767300009727478 0.5445104241371155 -0.027053948491811752
0.17468322813510895 0.23536956310272217 0.6789720058441162
0.1260497123003006 -2.1818699836730957 0.8060927391052246
0.5678883194923401 -2.220242738723755 -0.7159454822540283
-2.5929806232452393 0.9458615779876709 0.01629684306681156
-2.5797829627990723 2.364316940307617 -0.28107109665870667
0.5897173285484314 -2.432025909423828 1.1060357093811035
-2.2641308307647705 -1.472974181175232 0.6649700999259949
0.4809951186180115 -2.4060449600219727 -0.5603381991386414
-1.6260662078857422 -0.9261334538459778 1.179213047027588
2.6665470600128174 0.567030131816864 1.140824556350708
-0.8634850978851318 -0.8206015825271606 1.579431176185608
-0.5392561554908752 -0.46916115283966064 0.46886375546455383
-2.380796194076538 -1.7858257293701172 -0.18660631775856018
0.3473721742630005 2.5026695728302 0.03812028840184212
-2.6388258934020996 1.018871545791626 0.2466343343257904
2.6146018505096436 0.777027428150177 0.22444620728492737
0.11744282394647598 -1.7325096130371094 1.154209017753601
2.660330295562744 0.31145191192626953 1.5203876495361328
-0.5074025392532349 -2.207704782485962 -1.408432960510254
-2.092897415161133 -1.6175447702407837 -0.7726523876190186
-2.4718399047851562 0.4321970045566559 -0.2444697469472885
-0.787453293800354 -1.8117024898529053 -1.0310410261154175
-0.9627103805541992 -1.088477373123169 1.516552209854126
-0.2993229031562805 -0.3509908616542816 -0.7957012057304382
-1.9022709131240845 -0.8349676132202148 0.020122956484556198
0.9554464221000671 2.6927876472473145 0.15144115686416626
-1.4621437788009644 -1.428412914276123 0.9900220036506653
2.4075827598571777 0.8605991005897522 0.44225871562957764
-0.3210480809211731 -0.295357882976532 0.07020679116249084
-2.676520347595215 1.998550534248352 0.06492823362350464
-2.342651844024658 -2.4008772373199463 1.3660035133361816
0.6741323471069336 0.030979856848716736 -1.6841927766799927
-1.7669062614440918 -0.6051761507987976 -0.9264436960220337
-1.7476543188095093 2.0376949310302734 -0.1035308986902237
-0.5633392930030823 -2.4218316078186035 -0.7539138793945312
-0.3759780526161194 -0.3967118263244629 -0.542981743812561
-1.3449935913085938 -1.780078411102295 1.1915054321289062
-0.5235595107078552 -1.8469716310501099 -1.2012847661972046
0.20502996444702148 0.36459848284721375 -0.5276970863342285
-0.5728911757469177 2.3929569721221924 -0.010898156091570854
2.9419164657592773 0.3320952355861664 -0.7150892615318298
1.004621982574463 0.9604600667953491 -0.4189407229423523
-0.1043190211057663 0.08565480262041092 -0.9058103561401367
3.158459186553955 0.22038644552230835 1.0712168216705322
-1.5535414218902588 2.824575185775757 -0.25088948011398315
-2.173337936401367 -2.198017120361328 -0.15194466710090637
1.8479268550872803 1.1300408840179443 0.5116214752197266
1.3166505098342896 0.8731066584587097 -0.6122663021087646
-2.076571464538574 -0.7866504192352295 -0.32271909713745117
-2.343522071838379 1.784201741218567 -0.05973183736205101
-2.548151969909668 0.46411073207855225 -0.07246581465005875
-2.6776282787323 0.9708664417266846 0.15668877959251404
1.5443947315216064 2.7767770290374756 0.24919182062149048
-0.8328059911727905 2.557370185852051 -0.12304288148880005
-1.2611695528030396 -0.5056300163269043 -1.2672163248062134
1.6971718072891235 1.8225681781768799 0.0600787028670311
-0.004244934767484665 -1.9869804382324219 -1.3764142990112305
0.793880045413971 1.023158311843872 0.00012269914441276342
-2.2701783180236816 -1.342659592628479 0.12181110680103302
1.1428215503692627 1.0911344289779663 -0.06777915358543396
0.7296127080917358 -1.847696304321289 0.773576021194458
2.7486720085144043 0.18728825449943542 -1.595570683479309
1.5724296569824219 2.8397200107574463 -0.23347625136375427
-1.0459530353546143 -2.3342525959014893 -1.1224384307861328
-0.6400185823440552 -0.32884716987609863 1.3559238910675049
-2.6653246879577637 -2.2617831230163574 1.3926607370376587
1.3362072706222534 0.9363566040992737 0.7954288125038147
-2.6311135292053223 0.6243435144424438 0.05439504235982895
2.053471088409424 0.5911126732826233 -1.3522443771362305
0.13136039674282074 -0.08866338431835175 1.1856321096420288
2.2613472938537598 1.0790210962295532 -0.6278231739997864
-0.35841041803359985 -0.0005625113844871521 0.4788646996021271
0.7904124855995178 0.27512815594673157 -1.2442225217819214
-1.1982200145721436 -1.6550666093826294 -1.106752634048462
-1.2155184745788574 1.3724607229232788 0.09085775911808014
0.8492785096168518 0.5578983426094055 0.8747950792312622
0.9034778475761414 3.207350254058838 -0.031533870846033096
-2.095736503601074 -1.7232627868652344 -0.23433957993984222
-0.9304492473602295 -0.567284345626831 -1.8315502405166626
1.63821280002594 2.16798996925354 0.08194177597761154
-0.7031353116035461 -0.6031137704849243 0.3533618748188019
0.9015071988105774 -0.023941218852996826 -1.4392225742340088
2.5163400173187256 0.935084879398346 0.7372434735298157
0.8116095662117004 0.7299416661262512 0.6889851093292236
-2.3359646797180176 1.1565098762512207 0.014151652343571186
-0.6906550526618958 -0.5564319491386414 0.04731842502951622
-0.27862727642059326 -0.24521107971668243 0.7479355335235596
0.5138881802558899 -2.354807138442993 -0.5795168280601501
-0.012906651943922043 2.65564227104187 0.13278061151504517
-0.8440129160881042 -0.6904829740524292 0.21958191692829132
-0.5457888841629028 2.8672900199890137 -0.012281442992389202
3.076246738433838 0.4286653399467468 -0.22112849354743958
-2.009197235107422 -1.8561294078826904 -1.2416906356811523
-2.663613796234131 2.269803524017334 0.03856069967150688
2.7298543453216553 0.1912950724363327 -1.6125645637512207
0.5709599256515503 0.6219550371170044 0.6981818079948425
0.4761716425418854 0.2184189260005951 1.2588605880737305
-1.6967748403549194 1.9910836219787598 0.05106544867157936
-1.7881628274917603 -2.015413522720337 1.459949016571045
-2.3749518394470215 -2.2196195125579834 0.12085295468568802
-1.6890301704406738 -0.6713163256645203 1.213655948638916
2.3262438774108887 0.43375009298324585 1.4131901264190674
0.16130104660987854 -2.2085988521575928 0.8078122138977051
0.1044510155916214 -2.4434854984283447 -0.4604393541812897
-1.6524516344070435 0.61635422706604 -0.2836269736289978
-1.894146203994751 0.4183817505836487 0.16838297247886658
-2.0913422107696533 -1.3606070280075073 0.3288074731826782
-0.8608861565589905 -2.077822685241699 0.6229054927825928
1.9730215072631836 1.9460254907608032 -0.47794440388679504
1.9824979305267334 1.7149436473846436 -0.540227472782135
-1.1650055646896362 -0.8188229203224182 1.1702076196670532
-0.24685640633106232 -0.028557762503623962 -0.19051773846149445
1.528137445449829 1.4069747924804688 0.4413367211818695
-2.1211371421813965 -1.805338740348816 1.186551570892334
0.46998220682144165 -1.8330321311950684 -0.8412365317344666
-2.281149387359619 -2.132568836212158 0.1612953096628189
2.224834680557251 1.0554003715515137 0.43121030926704407
2.3535916805267334 1.1159710884094238 0.5739263892173767
0.946251392364502 0.035965099930763245 -1.7721714973449707
-0.0029983893036842346 -0.21703115105628967 1.3628638982772827
1.8407748937606812 1.740772008895874 -0.5900751352310181
1.9490113258361816 0.3445538878440857 -1.5656036138534546
-0.5105843544006348 -1.902415156364441 1.4615280628204346
1.5262008905410767 0.4153677821159363 1.2092097997665405
-0.8818380832672119 -1.0591011047363281 -1.2766070365905762
-2.620608329772949 2.516277551651001 -0.07079146802425385
-2.5489115715026855 0.4441424012184143 -0.15368801355361938
-2.479440212249756 2.4764742851257324 0.12692128121852875
-0.8834471702575684 -1.4669047594070435 -1.3719621896743774
2.1311581134796143 1.0385653972625732 -0.5072460770606995
-0.925041139125824 -0.860928475856781 0.7004913091659546
-2.3285717964172363 -2.3946244716644287 1.2939693927764893
0.5481909513473511 1.82229745388031 -0.035653386265039444
2.3174538612365723 0.25347277522087097 -1.6159535646438599
-0.4212138056755066 2.8394081592559814 0.00209673005156219
-2.541626453399658 -2.167382001876831 0.4028851389884949
0.8122522234916687 -1.8536174297332764 0.8903714418411255
-1.153512954711914 -2.2130517959594727 0.9304665923118591
1.6085724830627441 2.0640735626220703 0.2914649248123169
-2.606948137283325 -2.4681825637817383 -1.1891103982925415
1.7936667203903198 0.5653841495513916 1.2784700393676758
-1.2908927202224731 -0.4982847571372986 1.6020156145095825
2.5488805770874023 0.49604517221450806 -1.2647690773010254
0.909095287322998 0.8243365287780762 0.5769697427749634
-0.6009201407432556 -1.7995800971984863 -0.8508273959159851
-1.6817091703414917 1.1467989683151245 0.19736433029174805
-2.5915260314941406 1.8368346691131592 -0.2636274993419647
-1.6373697519302368 0.3878851532936096 0.07225193083286285
2.796133518218994 0.42868971824645996 0.9577334523200989
0.48422637581825256 0.6720224618911743 -0.1994316428899765
-1.202074646949768 -0.8165878653526306 0.10022623091936111
-1.0253442525863647 -1.1642738580703735 1.5324616432189941
-2.177211046218872 -0.7071166634559631 -0.8713668584823608
-2.4970953464508057 -2.115753412246704 -1.059888243675232
-2.1120173931121826 -1.28680419921875 0.20582206547260284
0.9251396656036377 0.3076714873313904 -0.9911662936210632
2.7716259956359863 0.2098526954650879 1.5269194841384888
-0.4115171432495117 -0.552311897277832 -1.8018568754196167
-2.278247117996216 -2.325331687927246 0.4752694368362427
-2.431689500808716 0.24152888357639313 0.03118210658431053
2.002854585647583 1.941514015197754 0.20584672689437866
2.1981594562530518 0.6883108019828796 -1.2174268960952759
0.5288905501365662 -2.409836769104004 1.3859705924987793
-1.1100975275039673 1.644958734512329 -0.3254164755344391
-0.4611266255378723 -1.8093836307525635 0.802895188331604
-2.635538339614868 -2.4333655834198 -0.5156222581863403
1.8070104122161865 -0.012736469507217407 1.6653084754943848
-0.5778823494911194 -1.7924058437347412 1.4705383777618408
-2.5077078342437744 1.9179786443710327 0.22351811826229095
-1.632332444190979 0.6688951849937439 0.25272297859191895
-1.4084025621414185 -1.0557959079742432 -1.3119730949401855
-2.258715867996216 -1.3799781799316406 0.5254889726638794
1.1936733722686768 1.2122400999069214 0.37001293897628784
-0.4695850610733032 -0.21174418926239014 1.2834235429763794
-2.3299455642700195 1.5833863019943237 0.016199542209506035
1.6349265575408936 2.228482723236084 -0.4298398494720459
-2.415724277496338 0.6249198317527771 0.2553364634513855
-0.5979050397872925 -2.438002109527588 -0.2986333668231964
-1.2203154563903809 2.2326574325561523 -0.245807483792305
0.8823257684707642 0.24093258380889893 -1.4697867631912231
-2.2055695056915283 2.319523572921753 0.28092753887176514
-0.46059173345565796 -0.4320927858352661 -1.6943154335021973
-0.2885058522224426 -0.2722861170768738 0.9928081631660461
-0.8155179619789124 -2.213259696960449 -1.4796091318130493
1.3796651363372803 1.0244107246398926 -0.4841935932636261
2.6145522594451904 0.2207125723361969 -1.6153488159179688
0.7778430581092834 -1.7891244888305664 1.0012630224227905
-1.967105507850647 1.0287210941314697 0.08158845454454422
-1.7435287237167358 -0.8593670129776001 0.9796469211578369
-0.7269817590713501 -0.5079442262649536 -1.9322088956832886
-1.2923083305358887 1.7543278932571411 0.09936988353729248
-0.5401939153671265 -0.3073212504386902 -0.9571194648742676
-2.3039684295654297 -2.3774936199188232 0.4346897304058075
-0.7051833271980286 -2.290858745574951 1.442766785621643
2.4517977237701416 0.9514350891113281 0.1866627186536789
0.16097551584243774 -1.8593014478683472 -1.1586319208145142
0.8408061861991882 -2.2769768238067627 0.8100296854972839
0.7251394391059875 -2.1954214572906494 1.403740644454956
3.321927547454834 0.17855754494667053 -0.7249272465705872
-1.5511809587478638 2.3044345378875732 0.23799645900726318
-1.9503421783447266 -0.7996178865432739 -0.4599456489086151
-0.5526820421218872 -2.43904447555542 1.0713450908660889
-0.7204515337944031 -2.3939523696899414 0.7997578978538513
0.979646623134613 0.8759524822235107 -0.5988410115242004
0.8569276332855225 -0.03530512750148773 -1.6906572580337524
1.2986623048782349 2.9578447341918945 0.24459144473075867
3.1076571941375732 0.3191812038421631 -0.9532721638679504
0.1297190636396408 -1.8208024501800537 -0.7899476289749146
0.3092622458934784 2.6880340576171875 -0.16224093735218048
0.49969565868377686 0.1565892994403839 1.4405405521392822
1.7897018194198608 1.5955045223236084 -0.15541593730449677
-1.8185821771621704 -1.8531334400177002 -1.4157862663269043
1.5882548093795776 0.0804053395986557 -1.6959969997406006
-1.0325311422348022 -1.9789721965789795 0.9727224111557007
-2.6458778381347656 -2.469325065612793 0.7090310454368591
1.598887324333191 1.5069811344146729 0.4628710150718689
-1.1337929964065552 -0.5583858489990234 1.0690561532974243
-0.48699015378952026 -0.18816863000392914 1.180961012840271
-0.2770780324935913 -2.09574556350708 1.437908411026001
2.363908290863037 0.3384642004966736 -1.125537395477295
-1.2930517196655273 2.549712896347046 -0.3532160222530365
-1.989978551864624 -1.1525508165359497 0.1496022343635559
-2.6133387088775635 0.8969757556915283 -0.23633931577205658
0.6968309879302979 -2.093210220336914 -1.3763951063156128
1.5717169046401978 1.2813787460327148 -0.3152850270271301
0.3445010781288147 -2.3717737197875977 0.7571617364883423
-2.178246259689331 -1.2976847887039185 -0.5578174591064453
-2.6536874771118164 -2.179245710372925 0.699339747428894
1.7102515697479248 0.17130377888679504 -1.6775683164596558
-2.1802663803100586 -1.8515236377716064 -1.0259709358215332
-0.40668073296546936 -0.048008404672145844 0.7076658010482788
0.7313925623893738 -2.2555999755859375 1.4343926906585693
1.8587019443511963 0.7567346096038818 -1.1593260765075684
1.2832908630371094 0.42144522070884705 1.3495885133743286
-2.4535341262817383 -2.5136148929595947 0.5602208375930786
-1.754403829574585 -1.0884844064712524 1.1761000156402588
-2.5784506797790527 -1.989338755607605 -1.2912402153015137
-1.330166220664978 2.5694186687469482 -0.24346940219402313
2.3758676052093506 0.16633985936641693 1.6508362293243408
-0.7188702821731567 -0.4899689555168152 1.6875892877578735
1.5733667612075806 0.9058154821395874 -0.952538788318634
-2.3867828845977783 1.5206106901168823 -0.18558962643146515
1.8892532587051392 2.242919921875 0.28783854842185974
-0.42568644881248474 2.2726025581359863 0.1405726969242096
-0.9594136476516724 -0.39560216665267944 -1.8221502304077148
-1.6222337484359741 0.42908912897109985 -0.2923998236656189
2.327300786972046 0.43799376487731934 1.437914490699768
-2.651132822036743 2.486471176147461 0.056022532284259796
-2.4108266830444336 2.1929101943969727 -0.33299073576927185
1.3219856023788452 0.9737884998321533 -0.5011819005012512
-2.3708200454711914 -1.7658289670944214 0.2678886353969574
-0.9854009747505188 -0.8876634240150452 1.7081130743026733
-1.5916866064071655 -0.39980506896972656 -0.0608915351331234
0.3074641525745392 -2.0864017009735107 -1.412750005722046
-0.6938983798027039 -1.8228472471237183 -0.9012980461120605
-1.5258762836456299 -1.046343207359314 0.9339637160301208
2.2113447189331055 0.3245335817337036 1.3166996240615845
-2.521713972091675 1.6144644021987915 0.2345452755689621
-2.2298192977905273 -1.3111122846603394 -0.8916281461715698
2.1008968353271484 0.4631558060646057 1.3705798387527466
0.5356757044792175 -2.118239641189575 -1.4324592351913452
-0.6073126792907715 -0.5631856918334961 -0.41624367237091064
-1.0853796005249023 -0.8032524585723877 1.2936471700668335
-1.874253273010254 -1.823217749595642 -1.3194581270217896
-1.462005853652954 -0.4035419821739197 -0.18452292680740356
1.7458561658859253 0.7726372480392456 -1.1511536836624146
-1.2275456190109253 -0.9184839725494385 -0.5676097869873047
-2.226966142654419 0.8317772746086121 0.11496952176094055
-1.2143707275390625 -0.4447228014469147 -1.6597377061843872
-0.8073611259460449 -0.23911310732364655 0.10202132165431976
-1.3678776025772095 2.886300802230835 -0.13018353283405304
0.005863368511199951 0.06137131154537201 -1.0058376789093018
-1.5961722135543823 1.3383946418762207 -0.36260566115379333
1.7891497611999512 0.8350465893745422 1.017059087753296
-1.6238288879394531 2.6649091243743896 -0.044574886560440063
3.073108673095703 0.14193269610404968 1.2782366275787354
0.26629728078842163 -0.18121403455734253 1.6179625988006592
-0.893135666847229 -0.9864124059677124 -0.9908634424209595
2.331808567047119 0.36169469356536865 -1.5268751382827759
-2.26847767829895 0.9683476686477661 0.274176687002182
-0.7804809212684631 -1.7814605236053467 -1.1229698657989502
1.7014967203140259 1.8615604639053345 -0.06380603462457657
1.5610830783843994 0.7879289984703064 -0.8256734609603882
1.5713011026382446 0.42708057165145874 -1.407182216644287
-0.9556856155395508 -1.8006904125213623 1.483373999595642
2.835737705230713 0.24382375180721283 -1.5069611072540283
-1.820335865020752 1.3081815242767334 -0.07811447232961655
1.2831647396087646 0.10077875107526779 1.4518924951553345
-2.2220733165740967 1.4082448482513428 0.2489241361618042
-0.8053286075592041 -1.8595094680786133 1.4923005104064941
-1.2876032590866089 -0.4751162528991699 1.578925371170044
-2.3785715103149414 -1.7960865497589111 -0.3577670454978943
-2.046591281890869 -1.5887454748153687 0.34403449296951294
-0.37684622406959534 2.5823824405670166 -0.14948107302188873
1.8693269491195679 0.1504373848438263 -1.400989055633545
-2.4194822311401367 -1.769561529159546 -0.9422351717948914
-2.2758395671844482 -1.3271896839141846 0.1768667846918106
1.6539219617843628 1.2280373573303223 0.447776198387146
1.4102210998535156 0.9023390412330627 0.6350734829902649
-0.5211356282234192 -0.13507556915283203 0.547969400882721
-1.687365174293518 -0.3232916593551636 -0.2446649670600891
-0.9189468622207642 -0.9096705913543701 -0.7116916179656982
1.6121277809143066 1.9104708433151245 -0.4349271357059479
0.34078261256217957 -0.018504485487937927 -1.1532678604125977
0.3298625349998474 -2.448345422744751 0.9599243998527527
0.8320494890213013 -2.346242904663086 0.7991281151771545
2.8254733085632324 0.5038690567016602 0.8128381371498108
-2.3768270015716553 -1.7076529264450073 -0.5261660814285278
2.3112096786499023 0.4788377285003662 1.1420446634292603
1.498396396636963 1.1030174493789673 0.4593908488750458
2.8974111080169678 0.6197519898414612 -0.4847368896007538
1.495091438293457 0.012517526745796204 1.5530929565429688
2.1567814350128174 0.25144073367118835 1.3729348182678223
1.930797815322876 1.6375998258590698 -0.1785292774438858
2.2426633834838867 0.1254318207502365 1.4816752672195435
-2.5338993072509766 2.070425271987915 -0.31794273853302
-1.226364016532898 -0.8765271902084351 0.06094864010810852
-1.7235451936721802 -2.1835954189300537 -1.4114270210266113
-1.326528787612915 -0.7573201656341553 -0.7605597376823425
-2.3544116020202637 0.9509272575378418 0.2751365303993225
3.1754307746887207 0.1784846931695938 -1.1019628047943115
-1.6742452383041382 -0.004378035664558411 -0.12791714072227478
-1.0906709432601929 -1.7104419469833374 1.5024625062942505
-2.2686116695404053 -1.5119284391403198 0.38458818197250366
1.8867579698562622 0.6045348644256592 -1.0115476846694946
0.3826979696750641 0.35093551874160767 -0.8444480299949646
-0.9518775939941406 -0.8264254927635193 0.5419955849647522
-0.2559150755405426 2.336932897567749 -0.0680074542760849
-2.524744749069214 -1.942826271057129 -0.017340516671538353
-1.1618436574935913 -1.5694762468338013 -1.3392237424850464
-1.902449607849121 -1.336557149887085 -0.2698007822036743
0.17296068370342255 -1.7387114763259888 -1.2776150703430176
-2.2737796306610107 -1.1498489379882812 0.04205682501196861
1.8407094478607178 0.14680808782577515 -1.4129968881607056
-0.5111125707626343 -0.37403497099876404 -1.835602045059204
-2.6337921619415283 0.5838333368301392 -0.04747827351093292
-1.4648584127426147 2.044990301132202 0.3062950372695923
-2.1711459159851074 -1.9439888000488281 0.300686776638031
0.10669761896133423 -1.9757757186889648 -0.5003092885017395
0.8300177454948425 -1.9386217594146729 0.9046913981437683
0.08389008790254593 -0.04262158274650574 -0.5317674875259399
-0.5608534812927246 -0.47532594203948975 0.10041990131139755
1.427477240562439 0.7297957539558411 0.8565808534622192
2.196286201477051 1.545215368270874 -0.38332879543304443
-1.3905677795410156 -2.0631604194641113 -1.1177659034729004
-0.8337799906730652 -2.346470832824707 -0.4703637361526489
0.28638318181037903 -2.2765986919403076 -1.428931474685669
-1.9301371574401855 -1.847746729850769 -1.0933769941329956
-2.4903206825256348 -2.1103649139404297 0.7358805537223816
-2.3792355060577393 -1.7933917045593262 -0.4679877460002899
2.4067983627319336 1.3396012783050537 -0.16871759295463562
2.5196645259857178 0.45367884635925293 -1.3684037923812866
-0.6212690472602844 -2.0729219913482666 1.469007134437561
-1.9358956813812256 -2.230454921722412 1.4114563465118408
-2.1665749549865723 0.42219409346580505 0.1618313044309616
1.8659735918045044 0.9156392216682434 0.9483289122581482
0.19307966530323029 -2.176534652709961 0.7855321764945984
-2.6704862117767334 1.3042383193969727 -0.03226064145565033
-2.5899770259857178 0.9493212103843689 -0.19625091552734375
0.5957394242286682 -2.1105704307556152 -1.4279319047927856
-1.5688836574554443 2.487260580062866 -0.08522330224514008
3.0282344818115234 0.22730039060115814 0.8951092958450317
0.6157121658325195 -2.1484286785125732 -1.4591258764266968
-2.6400303840637207 1.270758032798767 -0.09784798324108124
-0.4217402935028076 -2.172865390777588 -0.1583271026611328
-1.4631564617156982 1.7965399026870728 -0.09086917340755463
2.513894557952881 0.3412567973136902 -1.5221718549728394
0.30984264612197876 -2.460866689682007 1.2424153089523315
-0.678729772567749 -2.433899402618408 0.3454682528972626
2.535191059112549 0.09439846873283386 -1.4450433254241943
-0.6086935997009277 -2.444535493850708 0.2608424723148346
0.2516986131668091 -2.3633337020874023 -0.44144800305366516
0.7562956809997559 0.15145406126976013 -1.5533926486968994
-2.142035961151123 -1.8186454772949219 -1.2589442729949951
2.8366992473602295 0.6364481449127197 -0.07380000501871109
-0.8149373531341553 -2.3190879821777344 0.2608885169029236
-0.4432346224784851 2.8032941818237305 0.03777686879038811
2.154526710510254 0.09124815464019775 -1.4894051551818848
-0.3055867552757263 -1.9418710470199585 0.6890871524810791
0.13900190591812134 2.467019557952881 0.06375325471162796
0.9735100269317627 0.8655406832695007 0.3153974115848541
2.854261875152588 0.5271087884902954 0.6503578424453735
2.5691540241241455 0.47938549518585205 -1.2426007986068726
-0.3412177562713623 2.244486093521118 -0.07551330327987671
1.2924861907958984 0.31789204478263855 1.2954484224319458
2.956751823425293 0.588618278503418 0.751987874507904
-2.3784353733062744 -2.178889036178589 -1.0717895030975342
0.6460720300674438 0.20107021927833557 -1.3395566940307617
2.0369415283203125 0.06673923134803772 1.5448459386825562
-2.7330636978149414 -2.185464382171631 1.2456375360488892
-1.7905118465423584 1.4937750101089478 -0.02204785868525505
1.8533607721328735 0.40983328223228455 1.446380376815796
2.2082359790802 0.11141635477542877 -1.685779094696045
3.0352818965911865 0.18444648385047913 -0.8203262686729431
-0.29382649064064026 -1.7505911588668823 1.3301845788955688
2.57320499420166 0.4402657747268677 -0.905817449092865
0.8900375962257385 2.6681032180786133 -0.10838183760643005
1.4112093448638916 2.766368865966797 0.24983276426792145
0.9285664558410645 0.9904229640960693 -0.3954232931137085
-1.9450852870941162 1.5789852142333984 0.07680664956569672
-1.3560446500778198 -0.6838895678520203 0.0844288244843483
-0.7075092792510986 -2.413114309310913 0.798470139503479
2.4454972743988037 0.3480793237686157 1.481545329093933
1.292703628540039 3.2178547382354736 0.18721947073936462
0.6032552719116211 -2.0910725593566895 0.741315484046936
1.6650789976119995 2.4379618167877197 -0.45121097564697266
-0.9426441788673401 -0.6788375377655029 1.6585146188735962
1.698957085609436 1.464106559753418 -0.3632652461528778
-2.2370684146881104 2.383040189743042 0.2825804054737091
-1.1278884410858154 -0.5460004806518555 1.8038785457611084
-1.1595990657806396 0.43914586305618286 -0.13756170868873596
0.27429714798927307 0.26323753595352173 -0.8058717250823975
-2.0319931507110596 -1.467471957206726 -0.36614760756492615
-2.2423651218414307 0.43918389081954956 -0.021497661247849464
0.5136898756027222 1.9100584983825684 0.011528571136295795
-1.0054471492767334 -0.4898131489753723 -0.8208900690078735
2.0020949840545654 2.0440385341644287 -0.07523735612630844
-1.3969804048538208 -0.42291101813316345 -0.6595646739006042
2.0522258281707764 1.4174538850784302 -0.08005756884813309
-0.49094879627227783 -2.4198367595672607 0.957544207572937
2.676062822341919 0.7852219343185425 -0.7332929968833923
-1.3826229572296143 -0.5457781553268433 -0.9093669056892395
-0.505919337272644 -2.437352180480957 -0.2179553508758545
-1.284705638885498 0.5270683765411377 0.0893654152750969
-1.245527744293213 -0.4579564332962036 0.2860296964645386
-0.7804886698722839 -0.6349432468414307 -0.3048025369644165
-2.6125359535217285 -2.4646575450897217 -0.6483963131904602
-1.2136273384094238 -1.471909999847412 -1.030748724937439
-1.954820156097412 2.2417497634887695 0.18118995428085327
-2.7489676475524902 -2.2833240032196045 1.2724727392196655
-0.860472559928894 -1.9510701894760132 -0.5280159115791321
-2.247068166732788 -1.2961688041687012 0.6088558435440063
-1.02152681350708 -1.1252022981643677 1.3592610359191895
2.27010440826416 0.8055292963981628 -1.0023893117904663
0.6886352300643921 1.596383810043335 0.0055267103016376495
1.5225472450256348 0.04385286569595337 -1.5957257747650146
1.6355279684066772 1.0721598863601685 0.7603187561035156
-0.7426536083221436 -0.6568824052810669 0.5039222836494446
1.6911033391952515 0.9202961325645447 -0.940073549747467
0.5314891934394836 1.8765857219696045 -0.037807099521160126
-2.565864086151123 2.2556345462799072 -0.31116411089897156
-2.554475784301758 -2.0388009548187256 1.458128809928894
0.8038197755813599 3.131537914276123 -0.1629733145236969
0.5055227279663086 -1.932356357574463 -0.7907096743583679
-0.7033513784408569 -1.8812143802642822 0.24252855777740479
-1.4371116161346436 2.7321059703826904 -0.009496668353676796
-0.7637002468109131 -0.49447914958000183 -1.923039197921753
0.036472536623477936 -0.08446258306503296 1.0528886318206787
1.7575678825378418 0.39512768387794495 1.4583979845046997
1.004926085472107 0.9083425402641296 -0.30629926919937134
-0.47748133540153503 -0.5713139176368713 -1.6182684898376465
1.5847777128219604 2.35046648979187 -0.2192896604537964
-2.2520813941955566 -0.9706301093101501 -0.12713623046875
-1.4388478994369507 2.7292349338531494 0.014173083007335663
0.11371903866529465 -2.4317708015441895 -0.9482471346855164
-2.322690725326538 -2.442796468734741 0.7699047923088074
3.135423183441162 0.44694533944129944 0.7003515958786011
-0.20545464754104614 0.01633484661579132 0.7634871006011963
-0.4031960368156433 -0.4127557873725891 -0.5534976720809937
-0.7607033848762512 -2.2961297035217285 0.3365238606929779
-2.057870626449585 1.9913946390151978 0.2904622554779053
1.0075141191482544 -0.15806147456169128 1.7431385517120361
-0.23098644614219666 -1.8424725532531738 -0.4633179306983948
-1.0158495903015137 -0.8730090856552124 1.731812596321106
1.557496190071106 1.073386788368225 0.5114281177520752
0.018767785280942917 -2.42750883102417 -0.6897405385971069
0.45125046372413635 0.32616302371025085 0.8614943027496338
2.8434650897979736 0.3330286741256714 1.4040039777755737
-2.373824119567871 -2.433525323867798 -0.8609903454780579
0.6167198419570923 0.3749845623970032 0.8626145720481873
-1.76273512840271 -2.250882148742676 -1.44378662109375
0.627480685710907 0.024010300636291504 -1.20247220993042
-1.1236077547073364 -1.3400542736053467 -0.9874471426010132
-1.1634854078292847 -1.7139983177185059 1.0847548246383667
-1.1216723918914795 -2.098672389984131 -1.4247936010360718
-2.2161149978637695 -2.2166028022766113 0.5508094429969788
0.2155473381280899 -2.472172260284424 0.9479081034660339
-0.3496157228946686 -0.35628095269203186 1.4436932802200317
-1.1586546897888184 1.1058526039123535 -0.05763885751366615
1.935460090637207 1.5791041851043701 0.43924039602279663
2.0783143043518066 1.3859704732894897 0.4728626310825348
-0.916962206363678 2.6836135387420654 0.02943631447851658
-0.36103057861328125 2.2391951084136963 -0.046672333031892776
0.5462771058082581 -2.30676531791687 -1.449974775314331
-0.9497901201248169 -0.908028781414032 0.8498449325561523
-1.5748958587646484 1.7358472347259521 -0.40375369787216187
1.569474697113037 0.15928880870342255 -1.688048005104065
2.0072765350341797 1.4732012748718262 -0.2595815062522888
-1.4373650550842285 2.3790829181671143 0.09050954133272171
-1.0766470432281494 -1.4016536474227905 -1.4053711891174316
1.834911823272705 2.336897850036621 0.2174583077430725
-2.1233980655670166 -1.869687557220459 -0.2694937586784363
0.09458284080028534 -1.7326984405517578 0.9399581551551819
-1.4703248739242554 -0.5756521224975586 1.2185769081115723
0.4162731170654297 0.6089235544204712 0.48621687293052673
-2.2876155376434326 1.6515721082687378 -0.1852637082338333
-0.08329417556524277 -1.9444326162338257 -0.6534314751625061
0.4269312918186188 0.5023990869522095 0.9278679490089417
-0.4560444951057434 -0.39087140560150146 -1.8296624422073364
1.656144142150879 2.3605504035949707 -0.4537794888019562
-0.4195309579372406 -1.9658126831054688 0.7507622241973877
1.1987906694412231 0.6499770283699036 -0.7793629169464111
0.7301661968231201 -2.3791325092315674 -1.151930809020996
3.0263662338256836 0.4670921564102173 0.12004127353429794
-1.1251733303070068 -0.6001240015029907 1.1452374458312988
-1.7449272871017456 -0.790052056312561 -0.9803372621536255
0.5503430366516113 0.6398375034332275 0.5192425847053528
-2.638002872467041 0.7112274169921875 -0.09511478990316391
0.11346736550331116 -1.784765362739563 1.4264960289001465
1.582627296447754 1.3321571350097656 -0.27975136041641235
-2.6653428077697754 -2.3656795024871826 -0.36116549372673035
0.48636749386787415 2.825543165206909 0.1934112310409546
0.8334544897079468 0.0376410037279129 1.666771411895752
-1.4093563556671143 -1.642551064491272 1.005306601524353
-2.290616273880005 -1.3195056915283203 -0.488074392080307
-1.5593582391738892 -2.2160208225250244 1.4218811988830566
-0.5622997283935547 -2.454979658126831 1.2475448846817017
-2.402587413787842 1.4981423616409302 -0.14887885749340057
-1.828177571296692 -0.8364027142524719 -0.9137281179428101
0.8422660231590271 0.8779933452606201 0.07058912515640259
-2.2523951530456543 -1.1244151592254639 0.16196168959140778
-0.6178393363952637 -1.8044928312301636 0.8553983569145203
-1.1434459686279297 -0.4965210556983948 -1.4312937259674072
-2.515336036682129 -2.4897072315216064 1.0476571321487427
-1.3547049760818481 2.526541233062744 -0.03048492968082428
-1.5247747898101807 -0.8797913193702698 -0.679682731628418
-2.1984128952026367 -2.2861106395721436 -1.0085194110870361
2.6284494400024414 0.3533475399017334 1.4785692691802979
0.5167122483253479 -2.0054638385772705 -0.678756058216095
0.987579345703125 0.5429704785346985 -0.8025331497192383
-0.22241003811359406 -2.4447073936462402 -0.45791715383529663
-0.4633103311061859 2.782026767730713 0.08957114815711975
-1.6974620819091797 -1.937610387802124 1.3928996324539185
1.2723349332809448 1.1888492107391357 -0.5135659575462341
2.801401138305664 0.11214406043291092 -1.303558111190796
-1.8869683742523193 0.6881772875785828 0.22684308886528015
-0.4236908257007599 -2.172560214996338 -0.9335126280784607
-2.271446466445923 -1.12110435962677 0.049256619065999985
-2.3001108169555664 -1.337225079536438 -0.7846118211746216
2.3367483615875244 1.4167183637619019 -0.15888570249080658
0.23546834290027618 0.47513046860694885 0.5856817960739136
1.5376403331756592 0.28517967462539673 1.5611525774002075
1.0285639762878418 3.163558006286621 0.06872905790805817
0.7476175427436829 -2.319424867630005 0.7197977900505066
0.23007670044898987 2.1830081939697266 0.029221411794424057
-0.10739186406135559 2.4171743392944336 0.0677601769566536
0.22054612636566162 0.2800810933113098 -0.5991036295890808
-2.4060587882995605 -2.4359312057495117 -1.0090882778167725
1.3486493825912476 0.5682603716850281 1.0377857685089111
3.0970377922058105 0.07361888885498047 -1.0853368043899536
-2.053283214569092 -1.9495048522949219 -1.2026035785675049
-2.3349359035491943 -2.454313039779663 0.7770082950592041
2.387268304824829 0.9779690504074097 -0.6647220849990845
-2.6913678646087646 1.2946596145629883 0.158195361495018
-2.3045248985290527 1.975229024887085 -0.31845563650131226
0.6040521860122681 -1.7431416511535645 0.9855303764343262
-2.6194589138031006 -2.486983299255371 0.2773953378200531
-2.433483839035034 0.7068716883659363 0.2626746892929077
2.3080811500549316 1.4473038911819458 -0.27061188220977783
0.35988742113113403 -2.1907148361206055 -1.4267207384109497
-2.635465621948242 -2.4779045581817627 0.16061589121818542
0.847709059715271 0.33026978373527527 -0.9613968133926392
1.7874730825424194 1.8545143604278564 -0.15889863669872284
2.9118943214416504 0.7436418533325195 -0.34863266348838806
-0.7061386108398438 -2.363921642303467 0.8705040216445923
0.3026227653026581 -1.7351419925689697 1.0577644109725952
2.000012159347534 1.2743635177612305 0.4117348790168762
0.4554230868816376 0.38007113337516785 0.7519454956054688
-1.076444387435913 -0.5097801685333252 0.8253176808357239
-2.271183967590332 0.1994958221912384 -0.15408772230148315
-0.3772684633731842 2.294992446899414 -0.0772458165884018
-0.1067209392786026 -0.12485522031784058 0.6314484477043152
2.7160637378692627 0.35143381357192993 -0.9158766865730286
1.6466028690338135 2.5367727279663086 0.07714582234621048
0.40910834074020386 -2.2718820571899414 -1.4217060804367065
-2.576890707015991 2.274329900741577 0.2893718183040619
-2.1722776889801025 -2.2354676723480225 0.22901397943496704
-2.75724458694458 -2.3027586936950684 0.9137628674507141
1.7178434133529663 1.850975751876831 -0.13807392120361328
2.8115406036376953 0.1074819415807724 -1.2724933624267578
1.9573485851287842 0.17744287848472595 1.7490267753601074
-2.301042318344116 -1.8634487390518188 0.7789361476898193
0.5700492262840271 -2.4317007064819336 0.8617499470710754
-2.3271055221557617 0.3434748649597168 -0.1872602105140686
-0.8269708752632141 -1.9612882137298584 1.4747496843338013
2.120025157928467 0.08420905470848083 1.7436063289642334
2.0470287799835205 0.08270971477031708 -1.6333646774291992
1.1423300504684448 0.9807915687561035 -0.6204109787940979
-2.1639084815979004 -0.8776940107345581 0.8974617719650269
3.1349520683288574 0.2031361162662506 -0.6244061589241028
-0.033409349620342255 -0.17178280651569366 1.2319871187210083
2.583629608154297 0.0936034768819809 -1.4247100353240967
-1.1037768125534058 -0.5314009189605713 -1.375891923904419
0.7586674690246582 3.0703587532043457 0.26822420954704285
-1.007063627243042 -0.5849281549453735 -1.4716638326644897
-2.1631500720977783 -2.4106907844543457 -1.1580510139465332
1.713414192199707 1.72384774684906 -0.5978133082389832
-0.7232795357704163 -2.4086270332336426 0.4933412969112396
-1.9104537963867188 1.954814076423645 -0.0260765440762043
1.2314350605010986 0.3409452438354492 -1.124524712562561
0.8508131504058838 1.380510687828064 0.041165683418512344
0.14683179557323456 -1.754685401916504 -0.752034068107605
0.8931373357772827 0.30718886852264404 -0.9978795051574707
-0.640074610710144 -2.4508962631225586 0.1471804678440094
0.5409767627716064 -2.429886817932129 1.3236711025238037
1.958974003791809 0.23560437560081482 1.6768184900283813
-0.14160309731960297 2.332484245300293 -0.06505516916513443
0.8866310715675354 0.7990880012512207 0.7067179083824158
-1.9935941696166992 -1.987771987915039 -1.1368883848190308
-0.304580956697464 2.4946556091308594 0.13329093158245087
-0.35763832926750183 -2.019136667251587 1.4417940378189087
2.1306843757629395 1.2875946760177612 -0.12072185426950455
-1.4233676195144653 -0.5886940956115723 -0.013529464602470398
-2.4353063106536865 0.6073150634765625 -0.24857917428016663
0.02118106186389923 2.6099181175231934 0.11903542280197144
1.3913081884384155 0.22632227838039398 -1.29275643825531
-1.4153013229370117 -1.4867466688156128 -1.01548171043396
0.894765317440033 2.6418910026550293 0.09286558628082275
0.017092987895011902 2.3510189056396484 -0.10095937550067902
-2.6145193576812744 -2.134657859802246 0.056233931332826614
-1.189102292060852 -0.5586569309234619 1.7583659887313843
-0.7155810594558716 -2.3489484786987305 -1.4399733543395996
1.6438941955566406 1.7535512447357178 -0.081003338098526
-0.6773009300231934 -2.449533224105835 -0.5047044157981873
-1.247524380683899 -1.522521734237671 -1.400653600692749
-2.0695464611053467 -1.3048635721206665 -0.5188507437705994
-0.4483618438243866 -2.1199018955230713 0.1578131914138794
0.8218090534210205 0.016033068299293518 -1.5048320293426514
0.43712395429611206 -1.7583945989608765 -1.1032655239105225
2.434103012084961 0.2900097370147705 1.5799068212509155
-0.9975908994674683 -2.2262821197509766 -1.457078218460083
1.8968970775604248 0.05703000724315643 1.54792320728302
1.8151944875717163 2.1858432292938232 -0.3513574004173279
-0.4913201332092285 2.19049072265625 0.1156257912516594
-2.0278894901275635 -1.0879735946655273 -0.5147515535354614
-2.136159896850586 -1.8801343441009521 0.948570728302002
-0.7686742544174194 -0.4293552041053772 -0.9109605550765991
-0.9786701798439026 -1.2542130947113037 -1.107168197631836
2.019659996032715 1.4368748664855957 -0.41727569699287415
-1.105806827545166 -1.8954389095306396 1.4776791334152222
1.2450140714645386 0.7590457797050476 0.7237963676452637
-0.8643943071365356 -0.6436994671821594 -1.8466849327087402
-2.0882134437561035 -0.7209823131561279 0.6877822279930115
-2.0345163345336914 2.2101292610168457 0.10583871603012085
2.5786609649658203 1.0600059032440186 -0.443888783454895
0.35179823637008667 -2.433431386947632 -1.3612133264541626
2.3386154174804688 1.2121700048446655 0.49615925550460815
0.48137831687927246 2.584082841873169 0.09342143684625626
-1.1989704370498657 -0.13803431391716003 0.1475762575864792
2.2653250694274902 0.709578812122345 -0.7831271290779114
0.8474515676498413 0.51059490442276 0.9923727512359619
-1.245866298675537 -0.6790827512741089 -0.6025933027267456
1.3515690565109253 -0.09104111790657043 1.7617485523223877
-2.4590892791748047 0.5915056467056274 0.2458278238773346
1.0457713603973389 1.0071496963500977 -0.5033683776855469
1.763131856918335 0.23897205293178558 -1.3239272832870483
1.1080152988433838 0.3473100960254669 1.3869439363479614
1.060128092765808 0.30096864700317383 -1.1200497150421143
-1.2675598859786987 -0.8479501008987427 -0.30328503251075745
1.8977903127670288 0.7815210819244385 0.8496251106262207
-0.8440507650375366 -1.898445725440979 0.22863246500492096
2.6840460300445557 0.7475695610046387 0.09391641616821289
-0.19530877470970154 -2.076819658279419 -1.4020733833312988
-0.5960623621940613 -2.253453016281128 -1.4303836822509766
0.7586401104927063 0.6943646669387817 -0.27498117089271545
-0.5957362651824951 1.9955130815505981 -0.00261081219650805
-1.4934451580047607 0.19524790346622467 -0.2893710136413574
-0.4846474826335907 -0.38840335607528687 -1.6915446519851685
2.2204267978668213 1.5851362943649292 -0.25108572840690613
-1.0502045154571533 -0.45687440037727356 0.41000962257385254
0.18257704377174377 2.8175277709960938 0.14599135518074036
1.168019413948059 0.7617297172546387 -0.6740562915802002
0.6446527242660522 -0.02514582872390747 -1.4179075956344604
2.1179797649383545 0.6546499133110046 0.9618583917617798
-0.1076279729604721 -1.853290319442749 -1.2535265684127808
-2.026043653488159 -1.4391053915023804 -0.19851000607013702
2.746370553970337 0.9787856340408325 0.057648882269859314
-0.809666097164154 -2.288480043411255 1.4360711574554443
-0.38174933195114136 -1.756796956062317 0.995095431804657
0.9671987295150757 0.34812337160110474 -1.016578197479248
-1.3466591835021973 -0.23666912317276 -0.2959885001182556
-2.0413646697998047 -1.186061978340149 0.4736648201942444
1.1712514162063599 2.873042106628418 -0.2281200885772705
-1.1050668954849243 1.4406477212905884 0.024321749806404114
-0.3061150908470154 -0.3344899117946625 -0.46746107935905457
2.3671016693115234 1.3821684122085571 -0.006439094431698322
-2.122645378112793 -0.5290888547897339 0.17482617497444153
0.7589897513389587 -1.7848979234695435 -1.124593734741211
-1.0121279954910278 -0.8905559778213501 1.054103970527649
-2.6679837703704834 1.1213538646697998 -0.14452697336673737
-2.266725778579712 -1.0429915189743042 -0.25305864214897156
-0.07947473227977753 2.2213778495788574 -0.028044121339917183
2.759127378463745 0.7661703824996948 -0.39132416248321533
0.01904967427253723 -0.2668565511703491 1.5241411924362183
0.36931371688842773 0.6485595703125 -0.20443308353424072
-0.445063054561615 -2.098752021789551 -0.6885237097740173
-1.7842539548873901 1.7517385482788086 -0.14761939644813538
0.5497721433639526 0.3694984018802643 -1.0072126388549805
-1.7648171186447144 -1.0085585117340088 0.6445121169090271
0.3214128017425537 0.0626690462231636 1.1658002138137817
1.8264027833938599 1.8402626514434814 0.22666063904762268
0.5309551954269409 0.6483290195465088 0.5871078968048096
0.4601404368877411 -1.7461848258972168 1.2520413398742676
-1.3418093919754028 2.022214412689209 0.24959218502044678
-2.0599875450134277 1.699048638343811 0.28861546516418457
2.0002601146698 2.027719020843506 -0.3015490174293518
-2.1663522720336914 -1.7747517824172974 1.2210702896118164
3.080711841583252 0.10612469911575317 1.3918743133544922
-0.42464688420295715 -2.126415967941284 0.7322028875350952
-2.2769649028778076 -1.4363785982131958 0.369412362575531
-2.2716050148010254 -1.0891304016113281 -0.1714739203453064
-2.2055273056030273 -2.191662549972534 -0.5141173601150513
1.7168610095977783 0.46428072452545166 1.3639507293701172
-1.4851865768432617 -2.0207161903381348 1.4698164463043213
-1.143539547920227 -0.9462813138961792 -0.1559526026248932
-2.4064693450927734 -2.441789388656616 1.181882619857788
1.8843761682510376 1.0324188470840454 0.5851306915283203
-1.4888454675674438 -0.3615444302558899 -0.4020702540874481
3.2994985580444336 0.18301714956760406 -0.8492100834846497
0.17931538820266724 0.11042449623346329 0.7972749471664429
0.14833803474903107 0.3400149941444397 -0.5489699840545654
0.598415195941925 0.8370301723480225 0.041325267404317856
-1.7555699348449707 1.0369826555252075 -0.14028175175189972
1.3286861181259155 0.7209500670433044 0.8419827818870544
-2.2114531993865967 0.645325779914856 -0.0001203734427690506
0.5979052782058716 -1.75403892993927 1.1858763694763184
0.06596702337265015 -0.06352044641971588 0.9783511161804199
-2.64997935295105 -2.370006561279297 0.05897345766425133
-0.9490989446640015 -0.9995760321617126 -1.5197855234146118
1.3140798807144165 -0.07162722945213318 1.597239375114441
-0.9643990993499756 -0.5065996646881104 -0.7748131155967712
-1.1005315780639648 -1.4567805528640747 -1.355143666267395
2.2185378074645996 0.5266734957695007 -1.383639931678772
2.9217936992645264 0.36665084958076477 1.3310680389404297
-2.586580514907837 -2.094845771789551 -0.3362114429473877
0.44285231828689575 0.37356501817703247 -0.8426970839500427
0.5234742164611816 -0.08209124207496643 1.6897391080856323
-2.2694618701934814 -1.0522483587265015 -0.027808917686343193
3.168351650238037 0.24976752698421478 0.6358163952827454
-0.4779753088951111 -2.2474827766418457 0.30884286761283875
1.6770474910736084 1.1533676385879517 -0.6811277270317078
1.6236790418624878 1.362241268157959 -0.6153619289398193
-2.645747661590576 2.0063788890838623 -0.18046055734157562
-0.2301637828350067 -1.7574175596237183 -1.1659828424453735
2.523381233215332 1.1832315921783447 0.22136390209197998
-0.23329122364521027 -2.4532313346862793 1.080594778060913
-2.3814754486083984 -2.456932544708252 0.9093369841575623
-0.9099796414375305 -1.6158722639083862 -1.1885865926742554
-2.64235782623291 -2.418135643005371 -0.5748385190963745
2.5005855560302734 0.7663255929946899 0.9623327255249023
0.7079668045043945 0.13695979118347168 -1.0804435014724731
0.11653792858123779 -1.7467514276504517 -1.088451623916626
0.5656172037124634 2.8772101402282715 -0.26599735021591187
-2.5571770668029785 -2.5071403980255127 -0.609808623790741
-1.2944525480270386 2.2522037029266357 0.11457665264606476
-1.2718405723571777 0.7936583161354065 0.047985389828681946
-1.9143774509429932 -1.8192895650863647 -1.129835844039917
-2.2627573013305664 -2.310962200164795 0.2544284760951996
2.5787413120269775 1.091636300086975 0.3022799789905548
0.4988366663455963 -0.10631421208381653 1.4324760437011719
-2.447890043258667 -1.7533657550811768 -0.45698896050453186
-0.6259627342224121 -1.8571604490280151 -1.126844882965088
0.1429443657398224 0.29117414355278015 1.0221447944641113
-0.6139271855354309 2.0162715911865234 -0.08180225640535355
-0.11994890123605728 -2.4483795166015625 -1.277299165725708
2.035033941268921 0.6342777013778687 1.0035775899887085
-2.2057814598083496 -1.2860091924667358 -0.09255781769752502
-0.10980499535799026 -2.001025438308716 -1.3041828870773315
0.4778800308704376 0.49073976278305054 -0.6840980052947998
2.286137580871582 1.0222089290618896 -0.6846088171005249
2.4199047088623047 0.5668999552726746 -1.2553290128707886
-2.104818344116211 -1.8021384477615356 1.2741713523864746
1.213620901107788 2.7739155292510986 -0.1838425099849701
1.529919147491455 1.0378351211547852 -0.5494452714920044
2.9973907470703125 0.16309303045272827 1.206557273864746
-1.8080418109893799 1.212965726852417 -0.07089854776859283
2.858548164367676 0.8757491111755371 -0.050202589482069016
1.2906392812728882 0.7842153310775757 0.9713447093963623
-0.6435132026672363 -0.3315284848213196 -0.4115615785121918
-1.2558892965316772 -0.8654513359069824 1.6392980813980103
-0.5511708855628967 -2.059610366821289 1.460612416267395
-2.2509641647338867 -2.335850715637207 0.9645345211029053
-0.026658296585083008 2.8534536361694336 -0.16968585550785065
-2.067711591720581 0.8987513780593872 0.027302637696266174
0.10751914232969284 -2.0928962230682373 -0.3980044722557068
-2.5706615447998047 -2.521341323852539 0.3617026209831238
0.5840795040130615 0.8368427753448486 0.07445026189088821
-1.8156354427337646 0.6379791498184204 0.2721814215183258
-0.6632600426673889 -0.5788280963897705 -1.9603378772735596
2.845052480697632 0.8470626473426819 -0.3242313265800476
-0.6296936869621277 -0.5047023296356201 0.009735174477100372
0.7569834589958191 0.2291705459356308 -1.3890411853790283
-2.5408198833465576 -2.234694242477417 -0.8453744053840637
-2.317323923110962 -1.3818423748016357 0.3027665615081787
1.5812536478042603 1.187190055847168 -0.6830702424049377
-1.4733409881591797 -1.97339928150177 -1.4332079887390137
2.8188936710357666 0.28328603506088257 1.447221040725708
1.9699175357818604 1.0807942152023315 -0.5715629458427429
-0.046185385435819626 -1.7156254053115845 -0.9407160878181458
-1.5825124979019165 -0.11195975542068481 0.23501384258270264
-1.696719765663147 2.070615530014038 0.0571187399327755
0.03157947212457657 -0.19816508889198303 1.400154709815979
-2.405569076538086 -1.7956215143203735 -0.10103639960289001
1.6537524461746216 0.24253049492835999 -1.317145824432373
-2.5248799324035645 1.2691965103149414 -0.3179096579551697
2.2211763858795166 1.02016282081604 -0.46047326922416687
1.7554446458816528 1.6772515773773193 -0.6080538630485535
1.335325837135315 2.8131062984466553 -0.20432674884796143
-0.801970899105072 -2.4123547077178955 -0.2684391736984253
-0.006888058036565781 -2.4541337490081787 -1.2132920026779175
2.6335604190826416 0.7732025384902954 0.13857515156269073
0.6406348943710327 -2.422942876815796 1.1861708164215088
-2.269411325454712 -2.2005455493927 0.7855596542358398
-2.5709688663482666 -2.0564515590667725 -1.2288192510604858
2.681821346282959 0.8524730205535889 0.4373426139354706
-2.2008845806121826 -2.0083258152008057 -0.8897085189819336
-1.5140011310577393 0.5530494451522827 0.23960596323013306
-0.2053157091140747 -0.184840127825737 0.8326438665390015
-1.5935531854629517 1.4721484184265137 -0.3853990137577057
-1.4997966289520264 -2.4313786029815674 -1.2407783269882202
-0.2631039321422577 -2.4471356868743896 -0.5540840029716492
-1.1048654317855835 2.2937803268432617 -0.2147097885608673
-0.619074821472168 -2.3940017223358154 1.3365062475204468
1.1048437356948853 2.850864887237549 -0.21042034029960632
1.4717835187911987 0.41274064779281616 1.3919415473937988
-1.4521057605743408 2.402477741241455 0.15654869377613068
-0.9299947619438171 -1.0694825649261475 1.6560096740722656
2.993967294692993 0.045807331800460815 -1.4298911094665527
1.5545666217803955 0.6717395186424255 0.9631857872009277
2.630946636199951 0.9843818545341492 -0.42411547899246216
1.687259554862976 3.1201395988464355 -0.14384028315544128
-0.3016471564769745 -0.19064366817474365 -0.9775101542472839
1.7184864282608032 0.9505823850631714 0.9115172624588013
1.632709264755249 2.3187947273254395 -0.3332185745239258
-1.560564398765564 -0.4079265296459198 -0.24748919904232025
2.403224468231201 1.1572200059890747 0.49597516655921936
-1.8751460313796997 1.8860623836517334 0.13023249804973602
-0.9768952131271362 -0.5090115070343018 1.4818035364151
-0.9875575304031372 -2.463932991027832 -1.3295249938964844
2.171306610107422 1.0002644062042236 -0.5018346905708313
0.11496654152870178 2.809234142303467 0.1377956122159958
0.28605228662490845 -2.452266216278076 0.9920687675476074
0.704079270362854 -0.05175468325614929 1.760205864906311
0.849481463432312 0.12048885226249695 1.3511872291564941
-2.321662664413452 0.9570602774620056 0.2839999794960022
-0.8752081990242004 -1.9732478857040405 -1.08509361743927
-0.05923168361186981 0.1905989944934845 -0.5145401358604431
2.796030282974243 0.17024828493595123 1.494836688041687
-0.4206073582172394 -0.33969324827194214 1.1137409210205078
-2.1877081394195557 1.5127907991409302 0.2968273162841797
2.264019727706909 0.5118663311004639 -1.384339690208435
3.0581512451171875 0.20173662900924683 -0.7816373109817505
-1.4200798273086548 0.8456051349639893 0.106290802359581
-2.2558674812316895 -0.35102301836013794 -0.07658705860376358
0.9442330002784729 0.48467203974723816 0.9663909077644348
-2.549539566040039 0.48935824632644653 0.005813085474073887
-2.3530094623565674 1.9517167806625366 -0.047556377947330475
0.42889708280563354 2.9766218662261963 0.13045653700828552
0.6356422305107117 -2.172741174697876 0.7289671301841736
-1.220014214515686 -0.5603073239326477 -1.7344170808792114
-0.9852038621902466 2.0614914894104004 0.3098885715007782
2.261970281600952 0.33999353647232056 -1.570305585861206
1.6351491212844849 1.0760434865951538 -0.5387390851974487
-1.8973627090454102 -2.4506912231445312 -1.3144526481628418
0.007292639464139938 0.04615488648414612 0.6120752692222595
1.5822150707244873 1.5995585918426514 -0.4532639980316162
-2.0559799671173096 -0.8792604804039001 -0.4220167100429535
-1.2337952852249146 -0.36986371874809265 -0.2668555974960327
2.062913417816162 0.16697609424591064 -1.3847134113311768
0.2681090235710144 -2.454207181930542 1.0265144109725952
-2.5007741451263428 1.4617464542388916 -0.1634293645620346
2.699833393096924 0.730048656463623 0.12351831793785095
-1.4938664436340332 0.08754494786262512 0.2895504832267761
-0.3244331479072571 -2.409315586090088 0.9937911033630371
2.940429210662842 0.45533761382102966 1.068264126777649
2.3685519695281982 0.7363356947898865 0.6989805102348328
2.0900890827178955 0.9535849690437317 0.6420409679412842
-1.4964261054992676 1.0551862716674805 0.12160103023052216
-0.7141631841659546 -2.4431867599487305 1.3041157722473145
-0.13404741883277893 -2.418123245239258 -0.7933047413825989
2.718759536743164 0.5901200175285339 0.510708749294281
-1.924022912979126 -1.7983139753341675 1.4503140449523926
-1.7494174242019653 -0.049504950642585754 -0.13826219737529755
0.2381463497877121 0.3367862403392792 -0.673964262008667
-1.169952630996704 -0.9104238152503967 1.7149052619934082
1.0001860857009888 0.9451830387115479 -0.5673436522483826
-1.1957343816757202 -1.060860514640808 -0.7700464129447937
-0.6777220964431763 -0.41797590255737305 -1.9116028547286987
-2.2760679721832275 -1.4040533304214478 -0.05592028796672821
0.8024685382843018 3.146383285522461 -0.1059882864356041
-0.9459226727485657 -1.792318344116211 -1.3461599349975586
-2.6581625938415527 -2.2897844314575195 -1.1428638696670532
-1.2012101411819458 -2.1750245094299316 0.9423313140869141
0.2733651101589203 0.09945543855428696 0.8976444602012634
0.18276669085025787 2.1195337772369385 -0.06721784174442291
0.7382026314735413 0.3634955883026123 0.9978832006454468
1.732413649559021 2.242738723754883 -0.3362691104412079
0.8120969533920288 0.019438788294792175 -1.7572473287582397
0.12878677248954773 -0.13939595222473145 1.3789068460464478
-2.3658506870269775 -1.99668550491333 -0.857708215713501
0.3307645320892334 -2.1459012031555176 -1.2158621549606323
0.18518111109733582 -2.459484100341797 0.9121673703193665
-2.2500627040863037 -0.7128573656082153 -0.1238161027431488
-2.422341823577881 -2.000506639480591 -0.1469501554965973
-1.1919987201690674 -0.9946255683898926 -0.6541444659233093
-2.5467114448547363 0.995425820350647 0.27504467964172363
0.35873717069625854 -2.3164420127868652 -1.4226330518722534
2.8073599338531494 0.1151709258556366 1.4115674495697021
-2.119412899017334 -1.8181437253952026 -0.3656703531742096
0.8142776489257812 1.0833457708358765 0.23496423661708832
-2.6220486164093018 1.6970843076705933 -0.23855003714561462
1.2561135292053223 0.16229474544525146 1.3849310874938965
2.7591283321380615 0.21289180219173431 -1.166237473487854
0.847645103931427 -1.9392043352127075 -1.2252625226974487
-2.1536409854888916 -2.076399803161621 -0.5957916975021362
1.4008234739303589 1.4252489805221558 0.016919385641813278
0.8723297715187073 0.589375376701355 -0.6697610020637512
2.460395097732544 0.8338773846626282 -0.8573372960090637
-0.751110851764679 -2.4129931926727295 0.8311620354652405
-0.5510183572769165 -2.3980228900909424 0.683903694152832
1.5904148817062378 1.3091046810150146 -0.6229338049888611
-1.8920331001281738 -1.8446797132492065 -1.163588047027588
-0.05759868398308754 -1.7705875635147095 -1.3233190774917603
-0.2063922882080078 -2.032869338989258 0.8264119625091553
1.606680989265442 1.8676526546478271 0.16961798071861267
-2.650081157684326 0.7464139461517334 0.04526178911328316
-0.4678311347961426 -0.13896429538726807 1.0424302816390991
-2.5963618755340576 -2.0923314094543457 1.0590107440948486
-0.3396904170513153 -0.03142368793487549 0.8313345909118652
1.1509639024734497 0.6063787937164307 0.8756357431411743
-1.2419604063034058 2.8670663833618164 0.06521580368280411
-1.0648070573806763 1.498610019683838 -0.13625697791576385
0.722372829914093 -0.05207893252372742 -1.5347243547439575
-2.196012020111084 -1.9040642976760864 1.469652771949768
0.6104995012283325 0.4882664978504181 0.7381754517555237
1.8969850540161133 1.9487665891647339 0.017088230699300766
-0.01683250069618225 2.1785452365875244 -0.04842037707567215
-1.9607123136520386 -2.344219923019409 -1.1829956769943237
0.6492435932159424 -2.4213767051696777 -0.8756179809570312
-2.343496799468994 -2.383452892303467 -0.3336088955402374
-0.5026351809501648 -0.4349953234195709 0.6226415634155273
-0.4486294388771057 -0.44372260570526123 -0.5627885460853577
0.03997262567281723 -0.16963408887386322 1.6505260467529297
0.028368119150400162 -1.945068359375 -0.41413986682891846
-0.768069863319397 -1.978175401687622 1.4670746326446533
1.67330801486969 0.6133410930633545 1.0379575490951538
-0.30055567622184753 -1.759922742843628 0.8847172856330872
-0.03598266839981079 -1.8774261474609375 -0.6623598337173462
-2.546689987182617 -2.109365463256836 0.6771215796470642
-1.5815982818603516 2.6851773262023926 0.03658489137887955
-1.1200337409973145 -0.9683963060379028 -0.35080739855766296
1.2917180061340332 3.0640501976013184 -0.25543367862701416
-0.4354836642742157 -0.3743720054626465 0.481035977602005
-1.4983041286468506 -0.36192142963409424 -0.2945801317691803
0.20433318614959717 -0.03638501465320587 1.261572003364563
-0.8677971959114075 -2.1410417556762695 -1.0171037912368774
-1.952497124671936 -1.2436017990112305 0.7169236540794373
0.7621498107910156 0.934205949306488 -0.02257002517580986
-1.6028738021850586 0.005956336855888367 0.18159076571464539
-2.3839111328125 -2.1244914531707764 1.4851542711257935
-2.231221914291382 -2.290187120437622 1.1218076944351196
-0.5377906560897827 2.843383312225342 -0.09493391215801239
-0.14660771191120148 -0.16379882395267487 0.2163580358028412
-1.5227851867675781 0.9708875417709351 -0.2307884246110916
-1.2105046510696411 -1.0700962543487549 1.687721610069275
-1.8239142894744873 0.7324033379554749 0.04187603294849396
-0.746187150478363 -0.8944410085678101 -1.4136403799057007
0.16683927178382874 -0.11868487298488617 1.3653043508529663
-0.8444948196411133 -1.8148409128189087 -0.8538338541984558
1.4905399084091187 3.067051410675049 -0.15716052055358887
2.524750232696533 0.47693514823913574 -0.8866560459136963
-2.1162075996398926 1.0054041147232056 0.21130448579788208
1.2225855588912964 1.0185871124267578 -0.6512528657913208
-2.5295848846435547 -2.2318031787872314 -0.3185926675796509
0.4951574504375458 0.18041694164276123 -0.9564286470413208
-0.7119598388671875 -0.3772934675216675 1.560394048690796
1.560200810432434 0.8943803310394287 0.6804250478744507
-2.2329766750335693 -0.0894576907157898 0.025316737592220306
0.6708862781524658 0.9356868267059326 0.23999564349651337
0.28429487347602844 -2.4532675743103027 1.3618674278259277
-0.4631400406360626 -0.6062935590744019 -1.9381475448608398
-0.8486815690994263 -2.001286029815674 -0.36890971660614014
-0.8584555387496948 -0.5747089982032776 -1.4219355583190918
-0.5830349326133728 -0.27099132537841797 -0.7645003795623779
2.9738962650299072 0.2372465282678604 1.0989460945129395
1.3852357864379883 0.21148063242435455 1.5840861797332764
0.3596428632736206 -2.0799663066864014 -0.4551399052143097
-0.24154934287071228 -1.9971787929534912 0.8171217441558838
-2.085176706314087 -1.0506007671356201 0.5844902396202087
2.4419562816619873 0.4525880813598633 -1.397475242614746
0.5116729736328125 0.5496917963027954 0.5515705347061157
1.1407742500305176 0.9023400545120239 -0.4261590540409088
-1.7775465250015259 2.0860610008239746 -0.21941989660263062
-1.7283422946929932 0.6843319535255432 -0.2570258378982544
-0.6713075637817383 -1.9541910886764526 -1.4284125566482544
2.9081106185913086 0.6158791780471802 -0.2630261480808258
-1.7990177869796753 -2.082714319229126 -1.4441145658493042
2.4272263050079346 0.43964096903800964 1.1609872579574585
-0.9303128719329834 1.7699010372161865 0.07298987358808517
2.0015552043914795 0.9588836431503296 -0.6788983345031738
-0.8811833262443542 -0.47096753120422363 -0.7168384790420532
0.7084277272224426 -2.4039103984832764 -1.313270926475525
-1.0167391300201416 -0.5366913676261902 -1.8618628978729248
-0.9210179448127747 -0.18525287508964539 -0.26179245114326477
-0.3524351418018341 -0.2784000039100647 0.1622285097837448
-0.32813704013824463 -2.4495022296905518 -0.5211685299873352
2.5599894523620605 1.0562639236450195 0.42623162269592285
0.7291020154953003 0.771740198135376 0.518926739692688
-1.4224165678024292 -1.7403326034545898 1.375746726989746
2.5452089309692383 0.2516871690750122 1.6031779050827026
-0.5667757391929626 -2.447538375854492 -0.18143191933631897
-2.449432134628296 1.7925424575805664 -0.09551820158958435
2.1659555435180664 1.5928153991699219 -0.40655791759490967
-1.5037775039672852 -1.9444166421890259 -1.4390497207641602
-2.3107385635375977 1.0115450620651245 0.1969749927520752
-2.607874631881714 -2.193938732147217 -0.21149761974811554
1.2137997150421143 1.113655686378479 0.11548589915037155
-1.5146130323410034 1.9020612239837646 0.037469618022441864
2.024871587753296 0.6730736494064331 1.2030118703842163
2.4513204097747803 0.7630916833877563 -0.9570900201797485
-2.365724802017212 -1.6555291414260864 -0.8870666027069092
-0.8228093385696411 1.975793480873108 -0.20507237315177917
-0.47639378905296326 -2.0611143112182617 0.2699255645275116
-1.1223939657211304 -1.0352120399475098 0.6356325745582581
3.278542995452881 0.14973534643650055 -0.794759213924408
3.2708747386932373 0.519355058670044 -0.0721592977643013
-0.2681834399700165 -1.976231336593628 -0.827375590801239
-1.1495225429534912 2.502730131149292 -0.07868783175945282
0.6212106347084045 2.5468738079071045 -0.10856200009584427
1.0613232851028442 0.9628042578697205 -0.31814339756965637
-1.658852458000183 -2.4241433143615723 -1.2034236192703247
-1.3148531913757324 1.377647042274475 0.13255120813846588
0.7147247195243835 -1.8191932439804077 1.4763681888580322
1.8456382751464844 1.4702389240264893 -0.4117729663848877
-0.5746164321899414 -0.4772104024887085 0.15117883682250977
-1.0957204103469849 -1.107499122619629 1.2055550813674927
1.1332114934921265 1.2792797088623047 0.15877622365951538
-0.8739871978759766 -1.4919915199279785 -1.2260078191757202
1.5802316665649414 0.25462931394577026 1.3571513891220093
0.8220267295837402 0.3595520257949829 -0.8996469974517822
-0.6939987540245056 -0.6400913000106812 0.7205925583839417
-1.7632673978805542 0.532425045967102 0.27354806661605835
-1.2469182014465332 1.966968059539795 -0.4172917306423187
-1.293325662612915 -0.4468289613723755 -1.6991426944732666
-1.1388707160949707 -0.16404834389686584 -0.26295214891433716
1.749672770500183 1.9335676431655884 0.42324739694595337
-2.2639029026031494 -1.2532958984375 -0.03644544258713722
-0.618066668510437 -0.5504094362258911 -0.358235627412796
-2.0765397548675537 -1.4168493747711182 -0.4122650623321533
1.9830130338668823 2.101933479309082 -0.11412018537521362
-2.68279767036438 1.8896076679229736 0.11808373779058456
-0.0282471664249897 -1.834923505783081 1.427101969718933
-1.614754557609558 2.8164124488830566 -0.0030382201075553894
0.0419238805770874 0.028066448867321014 0.7176421284675598
-1.2213467359542847 0.5042275190353394 -0.19614052772521973
1.8744564056396484 0.09304541349411011 1.50962495803833
-2.4585890769958496 1.1227965354919434 0.2657758593559265
1.136523723602295 0.5499094128608704 0.9725512862205505
-1.883281946182251 -1.1489975452423096 0.6427806615829468
-2.0951151847839355 -1.8067299127578735 -1.1910948753356934
-1.8623182773590088 2.0548694133758545 -0.24996325373649597
-1.0775043964385986 -1.1764843463897705 -1.519282341003418
2.7480225563049316 0.304649293422699 -1.377542495727539
1.5657352209091187 0.6878422498703003 -0.9103109240531921
0.59441077709198 0.49131351709365845 -0.4087534248828888
-2.3392112255096436 -2.406653642654419 -0.2917918860912323
0.8721522092819214 -0.1570332944393158 1.6622300148010254
-0.6100655794143677 2.7818665504455566 -0.1417325884103775
3.3155148029327393 0.3237457275390625 -0.2881564497947693
-0.5665733218193054 -2.446898937225342 -0.2103358805179596
1.552432656288147 3.1194355487823486 0.22517645359039307
-1.8683725595474243 -1.195939540863037 0.9591639041900635
-1.0641694068908691 -1.156014084815979 -1.5153744220733643
2.123112916946411 0.40715253353118896 -1.151901364326477
-2.3992669582366943 -2.1597461700439453 -1.094523310661316
1.1757954359054565 1.0807673931121826 0.533817708492279
-2.3632771968841553 1.8235502243041992 0.2702846825122833
0.23016875982284546 -2.245089054107666 -0.43874117732048035
-2.2912793159484863 -1.1698427200317383 0.35829418897628784
-0.6178933382034302 -0.6943638920783997 -1.7755177021026611
-0.9099946022033691 -1.1895928382873535 -1.4075920581817627
-2.2728476524353027 2.000239849090576 -0.3262912929058075
-2.2221248149871826 -0.6623441576957703 0.40472912788391113
-1.4816927909851074 -0.8144447803497314 -1.442462682723999
-1.2303630113601685 -0.3157068192958832 0.07305819541215897
1.4561289548873901 0.4437873661518097 1.3542795181274414
-2.280580520629883 2.069516658782959 0.3107483386993408
1.482645869255066 1.3056632280349731 -0.06627476215362549
-2.1116976737976074 -2.060645341873169 1.0209758281707764
2.2386128902435303 0.9579901695251465 -0.5618688464164734
-0.052817203104496 -0.2809642553329468 1.5257023572921753
-0.7233136892318726 -1.8601677417755127 -0.2376175969839096
-0.9654626250267029 -0.690511167049408 1.592286467552185
-0.22395634651184082 -0.277656614780426 1.259267807006836
-0.0699099451303482 -0.047390684485435486 -1.0322333574295044
-0.0341583788394928 2.750032901763916 0.1395930051803589
-1.2144397497177124 -0.7209333777427673 -0.2755108177661896
-1.0780081748962402 -0.787039577960968 1.7446415424346924
-1.1090465784072876 -1.182619571685791 1.5463309288024902
-0.14459896087646484 -2.305006980895996 -1.4293369054794312
-2.5865097045898438 -2.106701612472534 0.8991532325744629
-1.340300440788269 -2.1820857524871826 -1.1137694120407104
1.3505445718765259 -0.014204740524291992 1.5460633039474487
-1.1931920051574707 1.3098499774932861 -0.224293053150177
-0.412635862827301 -1.780880331993103 -1.1060327291488647
-2.2666056156158447 -2.285607099533081 0.46524515748023987
3.0714504718780518 0.19993311166763306 1.0034089088439941
0.7868872284889221 -1.8050990104675293 0.8981752395629883
-0.29553815722465515 0.02495282143354416 0.5208505988121033
3.340485095977783 0.31559404730796814 -0.046165067702531815
2.5292818546295166 0.298955500125885 1.540252923965454
-1.0715581178665161 -1.5189504623413086 -1.3741545677185059
2.365048408508301 1.102097988128662 0.018442349508404732
-1.2477258443832397 1.822430968284607 0.20978295803070068
-0.8099446296691895 -2.4320387840270996 -0.26034441590309143
-2.6782989501953125 0.9874853491783142 0.035221245139837265
1.5995514392852783 1.629241943359375 0.4519135355949402
-0.8194942474365234 -2.1961710453033447 0.2875329852104187
-1.2648327350616455 2.1063311100006104 0.25123679637908936
-0.26794853806495667 -0.11961575597524643 1.3594343662261963
-1.070785403251648 -1.9237618446350098 1.483404278755188
0.47226470708847046 -1.7495638132095337 0.8631022572517395
-1.0363109111785889 -1.629366159439087 -1.1988646984100342
-0.171454057097435 -2.0155019760131836 -1.3974578380584717
-2.3689756393432617 -1.8323289155960083 -0.4280301034450531
-2.176335096359253 -1.8914906978607178 -1.303414225578308
-1.3126449584960938 1.3218132257461548 -0.30038362741470337
-1.1040899753570557 -0.5604016184806824 -1.7965216636657715
2.652435302734375 0.989740252494812 -0.33922436833381653
-2.355931282043457 1.3946672677993774 -0.2928584814071655
0.6463890075683594 -2.4160237312316895 0.8063331842422485
0.7011685967445374 0.6445668339729309 -0.6377044320106506
-2.145657777786255 -2.0298166275024414 -0.027906734496355057
1.68950617313385 1.9293349981307983 -0.5470056533813477
-0.0774528756737709 -1.9492201805114746 -1.362503170967102
-2.655147075653076 -2.278104305267334 -1.0697907209396362
-0.42703157663345337 -1.9048824310302734 0.7281639575958252
1.7004776000976562 1.8094453811645508 0.012494271621108055
1.6915925741195679 1.0358049869537354 -0.5947738885879517
-2.4600963592529297 1.6346226930618286 0.2591384947299957
2.6957647800445557 0.45691248774528503 1.3052781820297241
-1.106514573097229 -0.5588268041610718 1.7343106269836426
-0.9470967650413513 -1.6118342876434326 -1.2624057531356812
-0.8431585431098938 -2.2476654052734375 -0.9371438026428223
-2.0862107276916504 -1.585963487625122 -0.691551923751831
-1.1371431350708008 -0.9781414270401001 -0.5337018966674805
0.294777512550354 -1.9757133722305298 0.7725923657417297
0.04141184687614441 -2.435818910598755 1.1401869058609009
-1.1056251525878906 -0.557168185710907 -1.220577359199524
0.22362565994262695 -0.22715076804161072 1.5786477327346802
0.8558158278465271 0.8304784297943115 0.14187398552894592
-2.1647026538848877 -2.0813212394714355 1.4537615776062012
0.8137131333351135 0.557172954082489 -0.5850284099578857
-1.23281729221344 -1.2693507671356201 1.1869652271270752
-0.8289598822593689 1.9629020690917969 0.2532253861427307
-0.7781148552894592 -0.9006367921829224 -1.3725100755691528
-1.3804948329925537 -1.4789170026779175 1.1157563924789429
-2.613175630569458 -2.472273111343384 -0.13801750540733337
0.3144327998161316 0.09315995872020721 1.4270166158676147
0.06679613888263702 2.7158138751983643 0.14717410504817963
-2.4350314140319824 0.6196330189704895 -0.23348161578178406
0.20098523795604706 -1.7936697006225586 -0.774299681186676
-0.3171018362045288 -1.752827525138855 1.0949562788009644
-2.2374963760375977 2.140592098236084 -0.25121381878852844
-1.3374055624008179 2.7500176429748535 -0.07644900679588318
1.6506998538970947 2.9419541358947754 -0.07525487244129181
-1.857561469078064 -1.7497584819793701 0.9864148497581482
-2.6456594467163086 2.251582145690918 -0.05175756290555
-1.297789454460144 1.9249303340911865 -0.43992286920547485
0.787212073802948 0.42744940519332886 -0.7751517295837402
1.655035376548767 1.1157729625701904 -0.48576265573501587
-0.7598158121109009 -2.3550310134887695 1.395033836364746
1.5163215398788452 1.5671452283859253 -0.32974517345428467
-0.7054601907730103 -2.4518959522247314 -1.0647236108779907
-1.1356391906738281 0.5924210548400879 -0.09882605820894241
-1.245771050453186 -1.75419020652771 1.0931193828582764
-1.0983996391296387 -1.222826361656189 1.6980860233306885
-2.2002272605895996 2.5152599811553955 -0.1508653163909912
0.1244572252035141 -2.339970350265503 -1.4050474166870117
-2.0621731281280518 -1.0437266826629639 -0.5264569520950317
-2.378512144088745 1.7317558526992798 0.17794613540172577
3.1900367736816406 0.5036329030990601 0.48454374074935913
2.7077972888946533 0.15352508425712585 -1.2721679210662842
1.4759865999221802 2.617445945739746 0.23425932228565216
0.9766976833343506 0.5776457786560059 0.8153990507125854
-2.461521863937378 2.437213182449341 -0.33247804641723633
-0.4703467786312103 2.445443630218506 0.1388373076915741
-2.2560932636260986 -0.2636493146419525 -0.114935502409935
-0.4679393768310547 -1.797396183013916 0.7069778442382812
1.948999285697937 1.0431263446807861 0.8325353264808655
0.03773978352546692 -1.804263949394226 -0.722327709197998
2.9993112087249756 0.4772341251373291 1.0055238008499146
-2.4005208015441895 1.836150050163269 0.2525138556957245
2.2562899589538574 0.8997374176979065 -0.8436543345451355
-0.5168296098709106 -0.4645497798919678 0.6931586861610413
1.6075162887573242 2.0997164249420166 0.3419341444969177
-1.3305692672729492 -1.0544615983963013 -1.5175319910049438
0.921319842338562 0.830650806427002 0.6291645765304565
0.5180575847625732 3.0271525382995605 0.014561934396624565
1.3152170181274414 3.2289695739746094 0.00748101994395256
-1.0349277257919312 2.703291654586792 0.013510918244719505
-1.3706496953964233 -0.4943903684616089 1.3657346963882446
-2.6406311988830566 -2.2916815280914307 -1.183891773223877
0.09659337252378464 0.3615390360355377 -0.2794889807701111
-1.092969536781311 -1.4625380039215088 1.3469629287719727
0.5284537672996521 -2.2063660621643066 -0.6529730558395386
0.2198161482810974 2.7280614376068115 -0.16955284774303436
-1.9263153076171875 0.6865209341049194 -0.016556892544031143
0.5197257399559021 -1.7563904523849487 -1.197892665863037
-2.3681654930114746 0.7706977128982544 0.24067926406860352
1.837260127067566 1.3080240488052368 0.31972429156303406
0.4742073714733124 2.6759753227233887 0.10654976218938828
1.6385661363601685 1.8548040390014648 -0.11824078857898712
-0.019142314791679382 2.151153087615967 -0.005526136606931686
1.596189022064209 2.8957180976867676 0.22209253907203674
-1.5048407316207886 2.3270227909088135 0.1139163076877594
1.1564513444900513 3.203840970993042 -0.19301146268844604
-2.252547025680542 -0.7422083020210266 0.1885519027709961
1.5848803520202637 2.265995740890503 0.2542121112346649
-2.112325429916382 -0.616369903087616 0.4182303547859192
2.336946487426758 0.2267911732196808 1.6654376983642578
1.614234209060669 0.2467975914478302 -1.287670612335205
-2.304020404815674 2.0996005535125732 -0.31609952449798584
-2.6762893199920654 1.1936544179916382 0.05426807701587677
1.3548226356506348 -0.07329690456390381 1.7739275693893433
2.553736686706543 0.40992310643196106 -0.9208027720451355
0.8078731298446655 0.2362513542175293 -1.3742311000823975
-2.27091646194458 -0.7735303640365601 -0.8000566363334656
2.6075117588043213 0.5364927053451538 -1.1275655031204224
2.0161490440368652 1.997058391571045 0.3153311312198639
-2.505882501602173 -2.5332119464874268 -0.7301610708236694
1.6724090576171875 1.5373514890670776 -0.3478793501853943
0.9024533033370972 1.0110585689544678 0.3629637360572815
-2.638239860534668 1.8612680435180664 -0.2050766944885254
-0.44408029317855835 -0.08421728014945984 0.7735182046890259
-0.5693681240081787 -2.4143524169921875 0.5079134106636047
-1.6832854747772217 1.2808254957199097 -0.3575122356414795
1.6075583696365356 0.09743857383728027 1.7686561346054077
-1.3321508169174194 -1.550748586654663 1.1090339422225952
-1.521986961364746 -0.8818120360374451 -1.1939433813095093
-1.426832914352417 -0.6059870719909668 -1.501569151878357
-1.2341557741165161 -0.8496646285057068 1.6486364603042603
-2.284019708633423 -1.5756198167800903 0.09695969521999359
-2.5235612392425537 -2.536421537399292 -0.006215517874807119
-0.8885214924812317 -1.382138967514038 -1.3076108694076538
0.2286776900291443 -1.7417699098587036 -0.816888689994812
1.7493832111358643 0.2177843153476715 1.6559687852859497
0.4284513592720032 2.2371037006378174 0.02970588020980358
-0.4389185309410095 -2.469456434249878 1.303816318511963
-1.32917320728302 -1.7133418321609497 -1.36540687084198
3.0989580154418945 0.6476229429244995 0.10922688245773315
1.6970328092575073 0.44708573818206787 -1.155903697013855
1.169101595878601 0.9497978687286377 -0.33237171173095703
2.290501117706299 0.8641265034675598 0.9393724203109741
-0.6658577919006348 -0.3449915945529938 1.5174612998962402
-0.561419665813446 -0.5202310085296631 -0.7595146894454956
1.485816478729248 2.588263511657715 0.12676824629306793
-2.5633294582366943 2.244896411895752 0.2749863564968109
1.8150933980941772 1.2949566841125488 -0.6442663073539734
-1.3124438524246216 0.5611756443977356 -0.2337554544210434
1.6939013004302979 1.4043697118759155 -0.09643618762493134
0.7584584355354309 0.6871285438537598 0.7877649664878845
-2.058789014816284 -1.1555202007293701 0.32154273986816406
-2.1551315784454346 -2.079575538635254 -0.11016514897346497
-0.018830545246601105 0.18221145868301392 0.7199491858482361
-2.3406898975372314 0.6123615503311157 -0.23421695828437805
1.9720823764801025 1.3635554313659668 0.37680596113204956
-0.6927371025085449 -1.9167450666427612 -1.311103105545044
-1.222835898399353 -0.9645143747329712 -0.7333982586860657
-0.03478283807635307 -2.164308786392212 1.3979177474975586
2.5732908248901367 0.7970801591873169 -0.8058462142944336
1.0275778770446777 2.8133461475372314 -0.20388537645339966
-1.8890559673309326 -1.1064817905426025 1.1458756923675537
2.763425588607788 0.2609267234802246 -1.0076022148132324
0.22255727648735046 -1.7265441417694092 0.9077876806259155
-1.415412187576294 -1.0588901042938232 1.1920214891433716
-0.8374667763710022 2.082604169845581 0.27031686902046204
0.7829930782318115 0.49134159088134766 -0.7021059989929199
2.8732025623321533 0.10928735882043839 -1.6058251857757568
-0.5103838443756104 -2.425562620162964 0.043982475996017456
-0.7555997371673584 -0.6096925139427185 0.13369762897491455
0.16981658339500427 0.4368865489959717 -0.28273245692253113
-1.4481267929077148 -1.247936725616455 -0.9292494058609009
-0.3839150071144104 -0.0605006143450737 0.9289578199386597
-0.8053217530250549 -1.8658615350723267 -0.24136444926261902
-2.1329779624938965 -1.9131414890289307 -0.5413234233856201
-1.3737915754318237 -0.006642431020736694 0.28113481402397156
-0.38071155548095703 -1.9996339082717896 -0.9339547753334045
2.8109962940216064 0.3964202404022217 0.970320999622345
0.5099164247512817 2.014666795730591 -0.07774665951728821
-2.2772915363311768 -1.6012516021728516 0.9923592209815979
2.8699634075164795 0.394839882850647 -0.6666046977043152
-2.618162155151367 2.4629716873168945 0.2178974151611328
2.678863048553467 0.6269661784172058 -0.5541033744812012
-2.3044323921203613 -1.3053134679794312 -0.5774390697479248
2.9384896755218506 0.3897526264190674 0.7567063570022583
-1.559242844581604 0.16251036524772644 -0.28056761622428894
0.6114479303359985 -1.9797004461288452 -1.4126832485198975
-2.2829549312591553 -0.9523102641105652 0.19415274262428284
1.8098351955413818 1.2605141401290894 0.6369975209236145
-0.78160560131073 1.9267823696136475 0.11076584458351135
3.169240951538086 0.6050918698310852 0.014798582531511784
0.6311337947845459 3.0380806922912598 0.10514363646507263
0.5943266153335571 0.1371675282716751 -1.449369192123413
-0.013536691665649414 -2.0225160121917725 -0.5313823819160461
-1.6464710235595703 0.3042663335800171 -0.2991553544998169
1.5341213941574097 0.26449906826019287 1.3503321409225464
-0.7846819758415222 -1.6825666427612305 -1.166100263595581
1.16872239112854 0.708446741104126 -0.690683126449585
-0.6334925889968872 2.558255434036255 0.043286897242069244
-2.5096678733825684 1.7630254030227661 -0.32968172430992126
-0.3115521967411041 -1.766994595527649 -0.873342752456665
-1.3681639432907104 -2.041562080383301 1.0159465074539185
-2.621657609939575 -2.2249507904052734 0.4645705819129944
0.31086620688438416 -2.438011884689331 -0.9596127271652222
-1.100942850112915 -2.0516183376312256 0.9857192039489746
2.8075010776519775 0.9048058986663818 -0.18808890879154205
-0.42410609126091003 -2.0667855739593506 -0.1672922968864441
0.5010875463485718 -0.14665527641773224 1.5391504764556885
1.2473478317260742 -0.10265058279037476 1.7524080276489258
1.5308774709701538 1.4398092031478882 -0.5470438003540039
-1.3655368089675903 2.549591541290283 -0.2948000133037567
2.0092532634735107 1.8663796186447144 0.3442856967449188
1.19192373752594 0.0972018614411354 -1.3463243246078491
0.7742445468902588 0.8134089112281799 -0.16109704971313477
1.6538549661636353 2.9259955883026123 0.19500699639320374
-1.4963140487670898 2.5281522274017334 0.21176272630691528
1.5221760272979736 1.54440438747406 0.10150523483753204
0.5677156448364258 0.7825732827186584 0.2892207205295563
0.24147610366344452 -2.1572749614715576 -0.4198680520057678
1.0014004707336426 -0.13979294896125793 1.7301568984985352
0.7897281646728516 -1.964571237564087 -1.341169834136963
3.048215627670288 0.22318491339683533 -1.338595986366272
1.41933274269104 1.2846002578735352 -0.44512808322906494
-1.0995765924453735 -1.177653431892395 1.6957004070281982
-2.5805139541625977 0.5091046690940857 -0.04365599900484085
0.7248157262802124 0.2240469753742218 -1.3518608808517456
3.1308417320251465 0.6379398703575134 -0.2723744213581085
0.8456587791442871 0.6763262748718262 -0.4415523409843445
-2.0565028190612793 -0.8662963509559631 0.26753926277160645
-1.856740117073059 -1.2587178945541382 0.08791450411081314
1.075806975364685 0.24285969138145447 -1.5391180515289307
-1.6544190645217896 -1.0425384044647217 1.181382656097412
-2.347543954849243 2.266173839569092 0.2940809428691864
1.7461658716201782 2.578871726989746 0.15262562036514282
-2.0639872550964355 -0.8481274843215942 -0.30469852685928345
-1.8909311294555664 0.11636914312839508 -0.19482508301734924
-2.31260347366333 -1.7722108364105225 -0.12601780891418457
-1.5651572942733765 -2.050429105758667 -1.1359752416610718
-2.2189223766326904 -1.5047508478164673 0.8284099102020264
3.0476512908935547 0.44756069779396057 0.9916174411773682
1.3835457563400269 0.7000913023948669 0.841632604598999
-0.6738958954811096 -2.452512741088867 -0.06095919758081436
1.2839181423187256 1.2694787979125977 0.011679796501994133
2.425537586212158 0.48746925592422485 1.3485922813415527
-1.1585137844085693 0.3214612603187561 -0.16356272995471954
1.2360304594039917 1.1226868629455566 0.16669824719429016
-1.2137748003005981 -1.9618351459503174 -1.1014851331710815
-2.0915138721466064 2.099600315093994 0.303727924823761
0.5142083168029785 2.148214340209961 -0.10723188519477844
0.4371883273124695 2.067823648452759 0.043817728757858276
0.8462501168251038 2.6733150482177734 -0.1786406934261322
-2.405130386352539 -2.4841301441192627 -0.5631119012832642
-1.3086137771606445 -2.1433205604553223 0.9532166719436646
1.6119004487991333 2.1132609844207764 0.11461398750543594
-2.3002309799194336 1.0711427927017212 0.1498938798904419
-2.079803943634033 -1.890509843826294 -1.1934207677841187
2.6260414123535156 1.0792591571807861 -0.2217775583267212
-0.7110052704811096 2.2683591842651367 -0.020550919696688652
1.440929651260376 0.1885276585817337 -1.3161786794662476
-1.5345665216445923 -2.2203056812286377 1.4121674299240112
-0.5082134008407593 -2.379826068878174 -1.4166172742843628
3.2876274585723877 0.5025941133499146 -0.05990982428193092
0.8070374727249146 2.7992711067199707 -0.22745534777641296
1.6304616928100586 1.5996780395507812 0.43902069330215454
2.370238780975342 0.7263374924659729 0.6719463467597961
-2.648369312286377 1.611620545387268 -0.23705562949180603
2.320890188217163 1.1289502382278442 0.11429165303707123
-0.7737815380096436 -2.0638396739959717 -1.2803493738174438
-2.092235803604126 -2.0240280628204346 -1.2136801481246948
2.720043420791626 0.288470983505249 -1.4929243326187134
0.20443890988826752 -2.426159143447876 -0.8637596964836121
-2.1118006706237793 -2.0157594680786133 1.4520622491836548
-2.546708822250366 2.2972121238708496 -0.3263380527496338
-0.9817485809326172 -1.3704780340194702 -1.4482555389404297
-2.138361930847168 -0.5698273777961731 -0.0937662348151207
1.785312533378601 0.2476864457130432 -1.3166215419769287
-2.6687889099121094 0.9544696807861328 -0.0077382540330290794
-1.1784415245056152 -0.3543838858604431 1.3517411947250366
-2.5249886512756348 -1.957529902458191 0.3835509717464447
-2.494349241256714 -1.9156758785247803 -0.08124055713415146
0.4947793185710907 -2.074122905731201 -1.4659451246261597
-0.7108237147331238 -0.6452474594116211 0.6640550494194031
-2.017341136932373 -1.4100009202957153 0.15198640525341034
0.03835446387529373 -1.7375935316085815 -1.1244444847106934
2.2946910858154297 1.0940310955047607 -0.27104291319847107
-1.213456630706787 -2.0711028575897217 -1.102372646331787
-2.3475112915039062 -2.4472556114196777 -0.42136162519454956
0.9461113810539246 1.270578384399414 0.06204982474446297
2.2790396213531494 0.24159422516822815 1.3795210123062134
0.7159773111343384 -1.9680393934249878 1.478150725364685
-2.2768616676330566 -1.3985105752944946 0.2833724021911621
1.6274869441986084 0.4983997046947479 1.3264000415802002
-0.663570761680603 -2.4405760765075684 0.29567503929138184
-1.4732661247253418 1.082699179649353 0.1512758582830429
-1.6074857711791992 2.7916910648345947 -0.25912755727767944
2.404820442199707 0.2628040313720703 -1.6096317768096924
-0.6198713779449463 -1.8683468103408813 0.44240114092826843
-2.306262969970703 -1.3357616662979126 -0.587073028087616
-0.8155434727668762 -0.4605672061443329 1.7075530290603638
0.5847132205963135 1.834713339805603 -0.009278059005737305
0.7925996780395508 -1.7746481895446777 1.0606327056884766
-0.5368660688400269 -2.427128791809082 -0.8552286028862
-2.631929397583008 1.8091963529586792 -0.20992445945739746
-0.6923413872718811 -0.4132349491119385 1.5557129383087158
0.6942842602729797 -1.854321837425232 -1.4453502893447876
0.7588075399398804 0.0809197872877121 -1.1654205322265625
1.6055996417999268 1.0210986137390137 0.8124775290489197
-1.9070714712142944 1.5448459386825562 0.20379899442195892
1.6356046199798584 3.0363235473632812 -0.17800985276699066
1.6190180778503418 0.19726432859897614 1.3881808519363403
0.482092946767807 -2.4524104595184326 0.8228244185447693
1.319187045097351 0.3572983741760254 -1.417891025543213
-0.7003508806228638 2.0745933055877686 0.24556827545166016
-1.3600001335144043 -0.6207718849182129 -0.7892853617668152
0.6519293189048767 -2.0681183338165283 -1.4096839427947998
1.508078932762146 0.2330658733844757 -1.3032180070877075
1.6218879222869873 3.09391450881958 -0.215534970164299
1.7042522430419922 3.094757556915283 0.11663665622472763
-0.5646868944168091 -0.18785977363586426 0.8349928855895996
1.4503841400146484 2.854093551635742 0.24594654142856598
-0.5175328850746155 -0.5017931461334229 -1.9290263652801514
1.6001324653625488 1.9759840965270996 0.19769279658794403
-2.092149257659912 -2.3497776985168457 -1.4360711574554443
1.8065651655197144 1.4384955167770386 0.39012670516967773
-2.419323444366455 1.4176195859909058 -0.3504120111465454
-2.02954363822937 -1.229865312576294 0.2812834084033966
-0.6448051929473877 -0.6011858582496643 0.6595029234886169
0.4248255491256714 2.806882619857788 0.17767614126205444
-0.3904722034931183 -2.2862181663513184 1.4428187608718872
0.670462965965271 -2.189441442489624 -1.4150863885879517
0.3761179447174072 -1.8163177967071533 -1.4125466346740723
0.6909186840057373 -1.9901330471038818 -0.9541298747062683
1.346501350402832 1.3888052701950073 -0.14781753718852997
2.6951169967651367 0.5701726675033569 0.7448034286499023
-1.3236892223358154 2.24934458732605 -0.4578295350074768
3.3250482082366943 0.3160431385040283 -0.21167640388011932
2.1690804958343506 0.943850576877594 -0.5910486578941345
-0.9169827103614807 -0.7680485248565674 -0.3051208555698395
-1.0282461643218994 -1.458042025566101 -1.3630189895629883
0.04271949827671051 2.906700849533081 -0.14572355151176453
-2.358448028564453 1.596859335899353 -0.05631246045231819
0.7923319935798645 -2.381276845932007 1.0863449573516846
2.1393823623657227 0.7455066442489624 0.8222718238830566
-1.855059027671814 1.5372049808502197 0.12267382442951202
1.0074390172958374 0.9992853403091431 -0.38120055198669434
-0.7747896909713745 -2.4155330657958984 0.18406765162944794
2.3456358909606934 0.36180225014686584 1.2638019323349
-0.536507248878479 -1.8474626541137695 0.5740390419960022
2.918105125427246 0.39374274015426636 -1.0528483390808105
3.355278253555298 0.2552278935909271 -0.4676564037799835
-0.16666626930236816 -2.425132989883423 -0.8685126900672913
-0.6980139017105103 -0.6348344683647156 0.6550605297088623
0.16229647397994995 -1.889907717704773 0.7717975974082947
-1.2024452686309814 -0.2450307309627533 0.05730976164340973
1.4240391254425049 2.8627922534942627 0.24607905745506287
2.899136543273926 0.7732733488082886 0.33534106612205505
2.624483108520508 0.7039638757705688 -0.5285096168518066
-0.7994006276130676 -0.6349343061447144 0.14280377328395844
-1.5130610466003418 0.30042555928230286 -0.23737823963165283
1.722795009613037 0.42073822021484375 -1.1593327522277832
0.7572163939476013 0.8593237400054932 -0.07379260659217834
-1.9135879278182983 0.8612396121025085 0.02993585541844368
0.7240488529205322 1.5586905479431152 -0.04618117958307266
2.9064412117004395 0.7656629085540771 0.35168004035949707
0.8117537498474121 -1.8108128309249878 1.2123812437057495
-1.9435501098632812 -1.2614320516586304 0.7257115244865417
0.8072844743728638 -2.2663629055023193 0.7383668422698975
-2.692657709121704 -2.1798245906829834 1.3507728576660156
-2.674473285675049 1.6787575483322144 0.14187383651733398
-2.0863096714019775 -0.7817990183830261 -0.816856324672699
-2.2468762397766113 -0.885171115398407 -0.9189521670341492
2.8630928993225098 0.8571352958679199 0.19131501019001007
-1.5829930305480957 1.2832438945770264 0.16192634403705597
1.6211241483688354 1.7087937593460083 -0.5480474829673767
0.18607857823371887 -1.8816463947296143 0.7670994400978088
-0.8090158104896545 -1.9455674886703491 0.07139822095632553
-1.2335002422332764 -0.11286729574203491 0.3099859654903412
1.4348264932632446 2.947279691696167 0.23657630383968353
-0.9091861844062805 -0.2537826895713806 -0.2509458363056183
2.688447952270508 0.2973199188709259 -1.0335434675216675
2.791111946105957 0.5429984927177429 0.5808090567588806
2.501952886581421 1.194450855255127 0.19551368057727814
2.203345537185669 1.6284390687942505 -0.189579039812088
-0.8294959664344788 2.770638942718506 -0.03568951040506363
-1.9533392190933228 1.5883653163909912 0.06076878309249878
0.5493351221084595 -0.043630555272102356 1.7223402261734009
2.518948554992676 0.4875679016113281 -0.8314017653465271
2.747511863708496 0.20777830481529236 -1.5989422798156738
2.3416037559509277 1.1745532751083374 0.46152231097221375
-0.21077187359333038 -1.750727891921997 1.2186223268508911
0.0685797780752182 -0.0013679638504981995 1.4574090242385864
-0.79691481590271 -0.2533937096595764 0.23409193754196167
-2.6023974418640137 1.9045299291610718 0.2028762698173523
-0.4902556240558624 -2.3949763774871826 1.0445541143417358
3.212097644805908 0.3032325506210327 0.04453493654727936
-2.2749826908111572 -2.106325626373291 -1.12958562374115
-2.251180410385132 1.2680481672286987 0.226213738322258
-2.188929796218872 -2.2464287281036377 -1.096911072731018
2.0188913345336914 1.584077000617981 -0.42313137650489807
0.6183538436889648 -1.9937188625335693 -1.4450620412826538
-2.6427361965179443 1.8789217472076416 0.23111297190189362
1.2953770160675049 0.9145894646644592 0.5494110584259033
-2.4696316719055176 2.2764430046081543 -0.36953139305114746
3.1688578128814697 0.32979273796081543 -0.149614155292511
1.9684522151947021 1.4567409753799438 0.12776702642440796
-0.7714697122573853 -1.8357303142547607 -0.5959887504577637
-1.4667634963989258 -1.2355049848556519 -0.9376082420349121
-2.394765853881836 -2.413365602493286 0.8475778698921204
1.3604075908660889 0.12419445812702179 -1.707580804824829
1.5332577228546143 1.363917589187622 -0.189144104719162
-0.8363969922065735 -2.2237842082977295 -0.45743340253829956
0.7952679395675659 3.0709195137023926 -0.15114033222198486
-0.1808231920003891 -2.305471658706665 -1.4185796976089478
-2.0232481956481934 -0.9895964860916138 0.23320217430591583
0.8871870636940002 0.30182135105133057 -0.9783417582511902
-0.42260241508483887 -0.3564988374710083 0.9467329978942871
0.7875045537948608 -1.8075069189071655 1.0736624002456665
1.6695228815078735 2.22737455368042 -0.4658339321613312
-2.658043384552002 2.516368865966797 -0.12728610634803772
0.8203563690185547 -1.989618182182312 -1.341848373413086
-2.1378841400146484 -0.6911855340003967 1.0124366283416748
-0.29270032048225403 -1.9032353162765503 0.7464845776557922
1.9695091247558594 1.6269227266311646 -0.5939341187477112
2.3868160247802734 0.8236774802207947 -0.9175445437431335
-2.2959179878234863 -2.2680392265319824 0.7122088670730591
2.716928005218506 0.24890324473381042 1.3166396617889404
3.181044816970825 0.06976206600666046 -1.197623610496521
-2.097106695175171 2.3129894733428955 0.013884246349334717
2.428379774093628 0.9844487309455872 -0.6829923391342163
2.0401651859283447 1.3087060451507568 0.5345871448516846
1.8277168273925781 0.7153269052505493 -0.9083437323570251
2.409498691558838 1.0403703451156616 -0.13184677064418793
-2.5209109783172607 -2.300292491912842 0.35592958331108093
-2.3411967754364014 2.400933027267456 0.09570860117673874
1.0413764715194702 2.6963961124420166 0.21644915640354156
-2.1093807220458984 -1.021775722503662 -0.6543099284172058
-0.13792747259140015 -1.7640235424041748 -0.831148087978363
-0.0018794722855091095 -0.08869452774524689 -1.0478898286819458
2.125800609588623 0.9114848971366882 0.9241522550582886
-0.47815030813217163 -2.369878053665161 0.7733288407325745
-2.2850608825683594 -1.325811505317688 0.8766323328018188
-2.0269439220428467 -1.9181641340255737 1.4680598974227905
-1.7205955982208252 0.7910577058792114 0.25781381130218506
-1.3118135929107666 -0.4514358341693878 1.334112286567688
-2.262164831161499 1.0356135368347168 0.2788521945476532
-1.2826757431030273 2.1491875648498535 -0.44202834367752075
2.1027016639709473 0.006723254919052124 1.6798532009124756
-1.0551143884658813 -0.5110814571380615 -0.9422674775123596
2.7413110733032227 0.12207503616809845 1.4407130479812622
-2.680588483810425 1.5621991157531738 0.03794579952955246
1.3366562128067017 0.8475162386894226 0.6588965654373169
-0.9236279726028442 -1.9589877128601074 -1.4201393127441406
1.7251832485198975 3.0754685401916504 -0.02286234125494957
-2.2288804054260254 2.010087728500366 -0.28892388939857483
1.6069984436035156 1.2383462190628052 0.6327329874038696
-2.2728044986724854 -1.0983033180236816 0.3150533139705658
1.068315029144287 2.9413065910339355 0.23164287209510803
0.05090489238500595 -1.8896623849868774 -1.316177248954773
-0.211039736866951 0.0324377715587616 -0.30888602137565613
-0.286560595035553 -0.16796837747097015 1.4849460124969482
-1.5558801889419556 -0.16480515897274017 0.024720806628465652
-2.0301432609558105 -0.9497479200363159 0.3652622103691101
-0.5747214555740356 -2.43438458442688 -1.39963960647583
0.571228563785553 -2.4113473892211914 0.7947980761528015
-1.7723244428634644 -0.6078150272369385 -0.8960009217262268
-1.2656021118164062 -0.800533652305603 0.12169215083122253
-2.1393063068389893 1.4731732606887817 0.2919653654098511
-2.2231173515319824 -0.7311221957206726 0.020719265565276146
2.0994107723236084 0.6838412880897522 0.9327430129051208
2.059237003326416 1.991115689277649 -0.05477098375558853
-1.1901965141296387 0.7727439403533936 -0.12823745608329773
-2.6449506282806396 -2.323042631149292 -0.48194894194602966
-0.6359071135520935 -0.4900141656398773 -1.465939998626709
0.16992497444152832 -2.1159119606018066 -0.556530237197876
1.032715082168579 0.7843117713928223 0.5753543972969055
-2.0171546936035156 -0.7193275690078735 0.10464932024478912
2.7854690551757812 0.15053565800189972 -1.2000088691711426
3.3267862796783447 0.20972803235054016 -0.6661155819892883
1.6582574844360352 2.5885748863220215 0.26291173696517944
-1.4510483741760254 -0.8607280850410461 -0.6971417665481567
-2.3241395950317383 2.1976373195648193 -0.35657694935798645
0.9693571925163269 0.9877654910087585 -0.450195848941803
-1.2927035093307495 -2.407836675643921 -1.358173131942749
-2.141787528991699 1.1136763095855713 0.27784252166748047
-1.3249248266220093 -0.45819294452667236 -0.17047283053398132
-1.6863903999328613 2.1757826805114746 -0.33982497453689575
0.5123230218887329 -0.16784748435020447 1.7418423891067505
-1.348867416381836 0.49938762187957764 0.17364546656608582
-2.4941699504852295 -1.9395705461502075 0.2235330045223236
-0.8396281599998474 -2.4498353004455566 -1.1514887809753418
-2.610309600830078 -2.279928207397461 0.35952791571617126
-2.09079909324646 -1.2900400161743164 -0.7816829085350037
-2.3929924964904785 -2.0996005535125732 1.4676061868667603
2.771763563156128 0.5750232934951782 -0.4929155707359314
-1.5447545051574707 -0.815430760383606 -1.324779987335205
0.6628983616828918 2.9096033573150635 0.20860475301742554
2.7754874229431152 0.7112606763839722 -0.7270315885543823
-1.2526767253875732 -0.4953268766403198 1.6569796800613403
3.038015604019165 0.2598123550415039 0.7837967276573181
-0.967768132686615 1.861082673072815 0.2231156826019287
-1.874557614326477 1.9615589380264282 -0.015489734709262848
1.1504250764846802 0.013072401285171509 -1.4474329948425293
1.4314345121383667 1.3407868146896362 -0.09744548797607422
-2.0632879734039307 -1.6749351024627686 0.1777975857257843
-1.8597930669784546 -0.645754873752594 -0.8757855296134949
-0.2842785120010376 2.1725947856903076 -0.05983353406190872
-0.5705394148826599 -1.7687345743179321 1.0910977125167847
-0.8897814750671387 -2.1013009548187256 1.4718647003173828
-0.15100684762001038 -1.9368335008621216 0.8611830472946167
-1.1897600889205933 -1.442676305770874 1.313150405883789
1.8471527099609375 0.0004189610481262207 1.6123548746109009
2.417515993118286 0.3014315366744995 -1.5888601541519165
1.9355508089065552 1.871653437614441 -0.46592655777931213
1.9822309017181396 1.4565309286117554 0.4891842305660248
-1.3747406005859375 -0.8658718466758728 -0.5802677273750305
-1.0094153881072998 -0.9898502826690674 -0.6915847659111023
-0.5845445394515991 -0.4705312252044678 0.15980218350887299
1.4640803337097168 1.003610610961914 0.546130895614624
-1.031542420387268 1.876042127609253 -0.2647099196910858
2.932652473449707 0.26250866055488586 -1.344908356666565
-1.8972281217575073 -1.7634928226470947 0.9704579710960388
1.6958218812942505 2.1108624935150146 -0.48994579911231995
1.7420176267623901 0.40821218490600586 1.44437575340271
1.6768693923950195 1.0289671421051025 -0.7672213912010193
-2.380640745162964 1.579445242881775 -0.02350691892206669
-0.25153201818466187 -2.413548707962036 -1.4243011474609375
-1.190558671951294 -0.550743579864502 -1.8101497888565063
1.5418871641159058 1.7470887899398804 0.19911015033721924
0.4822341203689575 0.03763796389102936 1.5692617893218994
2.1169445514678955 1.328492522239685 -0.16200637817382812
-2.296821117401123 -2.235081195831299 -0.5281192064285278
1.6963881254196167 0.930307924747467 -0.6815891861915588
-2.157674551010132 -0.7426708340644836 -0.8326407074928284
-2.133989095687866 -2.241912841796875 -1.154279351234436
-0.67144775390625 -0.5956004858016968 0.433635950088501
1.065077781677246 0.7492729425430298 -0.5923341512680054
1.4866430759429932 1.1929233074188232 -0.3041449785232544
-0.8117175102233887 -1.8825874328613281 -1.6187242269515991
0.6997990608215332 -2.2934298515319824 -0.9073547124862671
0.5992687344551086 0.8074917793273926 0.0005670716054737568
0.13590842485427856 2.40873384475708 0.07255958020687103
1.6007604598999023 0.833920419216156 0.7760830521583557
-2.6403443813323975 1.4316805601119995 -0.21507267653942108
-0.7684709429740906 -0.6381887197494507 -1.8579959869384766
0.11138783395290375 2.779740810394287 -0.18329912424087524
1.6455458402633667 1.3255258798599243 0.08815424144268036
-0.8970664739608765 -1.2111294269561768 -1.293952465057373
-1.3641774654388428 1.953229308128357 0.3259164094924927
-2.663649559020996 -2.022472620010376 1.3735206127166748
-1.0292036533355713 -1.2314492464065552 1.6417402029037476
2.807896375656128 0.9148375391960144 0.034199029207229614
-1.1243866682052612 -2.2778491973876953 1.0230227708816528
1.1920545101165771 -0.0028492212295532227 -1.5610342025756836
-1.932512640953064 -2.26129412651062 1.0529587268829346
-0.5676046013832092 -0.2745230197906494 -0.21175824105739594
-2.0513322353363037 -0.7575564384460449 -0.4773663878440857
0.49698418378829956 -2.2888009548187256 0.7353902459144592
-2.2022182941436768 -2.229005813598633 -0.6789844632148743
-2.3361194133758545 -2.4730873107910156 0.9727819561958313
-1.694374918937683 -0.8010512590408325 1.1783491373062134
-2.1964569091796875 1.8936222791671753 -0.09427084773778915
-2.6315324306488037 1.1274875402450562 0.25740426778793335
-2.3749096393585205 0.8873481750488281 0.1119781956076622
2.5589723587036133 0.4753338694572449 -0.8512442708015442
-2.6748416423797607 -2.304553508758545 0.550015926361084
0.5095407962799072 -2.4083399772644043 -0.5839847922325134
2.769108295440674 0.9528640508651733 -0.10370054095983505
1.545025110244751 -0.07154875993728638 1.6627238988876343
3.114790678024292 0.07446029782295227 -1.2791966199874878
-0.12333656847476959 -0.0980382114648819 1.481329321861267
-1.803689956665039 0.8874076008796692 -0.2083745300769806
-0.5405860543251038 -1.8364198207855225 -0.5126934051513672
-2.3256404399871826 -1.5551283359527588 -0.4331303536891937
-1.240071415901184 -1.1079528331756592 -0.8916360139846802
0.1526394486427307 0.3324107527732849 -0.4391114413738251
-0.538943886756897 -1.8906598091125488 -1.3831273317337036
-2.473064422607422 -1.8982025384902954 -0.06547753512859344
-1.6640989780426025 0.8745232820510864 0.12972168624401093
1.8005443811416626 1.5528287887573242 0.23353971540927887
-0.40695688128471375 -2.443600654602051 -1.2398409843444824
1.8963342905044556 1.4661208391189575 -0.36676985025405884
-0.5826268196105957 -2.4502365589141846 -0.09947307407855988
1.7355910539627075 0.2066049724817276 1.6657239198684692
-0.9359229803085327 -1.770422101020813 1.5097730159759521
-2.2252182960510254 1.989936351776123 -0.32439500093460083
1.9470411539077759 1.9762976169586182 0.3790086507797241
1.527134895324707 0.6266211271286011 0.9824029803276062
-1.0009537935256958 -1.6066253185272217 -1.1089829206466675
-0.7839627861976624 -2.4025368690490723 0.35228151082992554
-0.06090648099780083 -2.436262369155884 -0.475600004196167
