ply
format ascii 1.0
element vertex 2048
property float x
property float y
property float z
end_header
1.3867517709732056 0.6221567392349243 -0.6994739770889282
2.2862436771392822 -0.03788235783576965 -1.1739128828048706
-0.626322865486145 0.009840071201324463 0.6801882982254028
0.04405726119875908 0.23728471994400024 -0.9556179046630859
-0.8501311540603638 -0.17765271663665771 -1.319276213645935
0.32847073674201965 0.097019724547863 -0.5258750319480896
-2.4220566749572754 -0.10241276025772095 -0.38554131984710693
1.159019112586975 0.7644195556640625 -0.954306423664093
1.69096839427948 -0.18705880641937256 -1.0278527736663818
0.732913613319397 0.942971408367157 -0.36471766233444214
-1.0172789096832275 -0.02860260009765625 0.785582423210144
-1.8414956331253052 -0.08309005200862885 -0.7624355554580688
1.3245792388916016 0.6712905764579773 -0.780021071434021
-0.22395291924476624 -0.10985101759433746 -0.6173155903816223
-0.9252938628196716 -0.11612944304943085 -1.0684930086135864
2.75080943107605 -0.14948073029518127 0.2773628234863281
-1.113706350326538 -0.0986010879278183 -1.2586348056793213
0.26156896352767944 0.4091004729270935 0.8465960621833801
-1.8639001846313477 -0.08830226957798004 -0.1506616473197937
2.0278477668762207 0.15552331507205963 0.23468871414661407
-2.3855979442596436 -0.10706400871276855 -0.7665979862213135
3.0968527793884277 0.20856425166130066 -1.1869453191757202
0.1773379147052765 -0.19386282563209534 -1.236472487449646
2.74638032913208 -0.017872005701065063 0.6858096718788147
-2.669309377670288 -0.17323046922683716 0.6974551677703857
2.340236186981201 0.4845077395439148 -1.114593744277954
-0.23009955883026123 0.9668068885803223 0.23946981132030487
-0.9381459355354309 0.6646724343299866 0.5450599193572998
-0.0755879357457161 -0.14506828784942627 -0.6614847779273987
0.23322166502475739 0.06828469783067703 0.27257639169692993
-0.8249495029449463 0.056316591799259186 0.5407879948616028
1.2468035221099854 -0.1718422919511795 -0.19585199654102325
-1.2896766662597656 0.4132351577281952 -0.995137631893158
0.375207781791687 -0.14014427363872528 -1.0271202325820923
-2.1980199813842773 0.3426790237426758 0.38093307614326477
1.9114289283752441 0.35082030296325684 -0.41363927721977234
0.8721489310264587 0.957756757736206 0.13837629556655884
2.1188602447509766 -0.11049079895019531 -0.38482666015625
-0.3685134947299957 0.48193544149398804 -1.0214948654174805
1.677550196647644 0.6423189043998718 -0.7819806337356567
-1.2856534719467163 -0.046233221888542175 -0.5177964568138123
1.688417911529541 0.3573872447013855 -0.8081098794937134
-0.17055343091487885 -0.19550010561943054 0.22277893126010895
0.6081420183181763 0.2875986695289612 -0.9038332104682922
2.1510860919952393 0.5475175380706787 -0.9097728729248047
1.6863429546356201 -0.2712283134460449 0.6987098455429077
-2.5963854789733887 -0.12723442912101746 -0.9661286473274231
1.9627820253372192 0.4918167293071747 0.6399812698364258
2.1531498432159424 0.40740877389907837 0.47266489267349243
-2.372692823410034 0.2673444151878357 0.6689742803573608
0.37826284766197205 0.1331339031457901 -0.21983405947685242
-1.638109803199768 0.4245457649230957 -0.016086000949144363
0.06120024248957634 0.1054956316947937 0.8799450993537903
-2.467214822769165 -0.12958037853240967 -0.7346603870391846
0.741206169128418 0.8341296911239624 0.21570494771003723
0.17258979380130768 0.060719169676303864 -1.1648705005645752
0.25325003266334534 0.07378944009542465 0.4201412498950958
-1.7379379272460938 -0.170852392911911 0.4462953805923462
0.3072284758090973 0.08731123059988022 0.8124452829360962
-1.632576584815979 -0.23466244339942932 0.5515856742858887
1.9789568185806274 -0.1229877769947052 0.40264853835105896
0.6053594350814819 0.9604936838150024 0.18479520082473755
-0.09016755223274231 0.4220702648162842 -1.0880662202835083
-1.5753029584884644 -0.20058763027191162 0.44757363200187683
-2.4103095531463623 -0.09950271248817444 0.49555739760398865
1.5536978244781494 0.26396995782852173 0.18647895753383636
2.5336251258850098 0.012981235980987549 -0.7675736546516418
-2.0744805335998535 0.3826334476470947 -0.38625985383987427
2.756030797958374 0.5030686259269714 -0.26557448506355286
2.449713945388794 -0.1616581380367279 0.399076372385025
0.3389524817466736 0.17162245512008667 0.7682152390480042
1.1833552122116089 0.6538789868354797 -0.14067275822162628
3.023963689804077 0.20584237575531006 -1.221536636352539
0.07683571428060532 0.39575356245040894 -0.8546402454376221
1.0291811227798462 0.7609341740608215 -0.027909651398658752
-1.0124224424362183 0.3851756453514099 0.7005296945571899
0.8243170976638794 0.10162386298179626 -0.9746885895729065
1.3765079975128174 -0.1730748414993286 0.024168318137526512
3.0267550945281982 0.15298116207122803 -0.24328932166099548
-0.7739724516868591 0.06669361144304276 -0.18739859759807587
1.0381112098693848 0.7340172529220581 0.2742033004760742
1.2361681461334229 0.18301595747470856 0.6842381954193115
3.175497055053711 -0.1607934832572937 -0.03559533879160881
-0.5058218836784363 -0.34493112564086914 -1.1267739534378052
-1.4646074771881104 0.3610980808734894 -1.2028032541275024
1.6231409311294556 -0.19021543860435486 0.07242213934659958
1.0250097513198853 0.1120394766330719 -0.41836416721343994
1.1877281665802002 0.7352790832519531 0.4052855372428894
1.220871925354004 0.5025324821472168 -0.25172579288482666
-1.9744048118591309 -0.1398734152317047 0.057232990860939026
0.04782511293888092 0.8571574091911316 -0.5773749351501465
-0.6416579484939575 0.016457319259643555 0.7210531830787659
-1.317175030708313 0.06219630688428879 -0.553229033946991
1.4451637268066406 -0.07315918803215027 -1.1418235301971436
0.9797195792198181 0.8623076677322388 -0.47457459568977356
-2.5235838890075684 -0.16574451327323914 0.814084529876709
2.465341329574585 0.42236781120300293 -1.2605935335159302
-0.7376112937927246 0.45624542236328125 0.6768355965614319
1.2985656261444092 0.7448858618736267 0.14564166963100433
0.8696128129959106 0.8357851505279541 -0.3636350631713867
0.9772533178329468 0.6871188282966614 -0.9130772948265076
2.1984622478485107 -0.1434095799922943 0.5054275989532471
1.2920297384262085 0.24527865648269653 -0.7486845254898071
0.4473613500595093 0.8556223511695862 -0.03801349550485611
-0.06324204057455063 -0.08593767881393433 -1.2079287767410278
2.202518939971924 0.09772039204835892 0.6258339881896973
-0.9500819444656372 0.5417821407318115 -0.8999983072280884
-0.07206051051616669 0.07824339717626572 -0.24781379103660583
-0.24914368987083435 0.7891230583190918 -0.4649542570114136
2.9963314533233643 0.20436668395996094 -0.6734992861747742
-2.398245096206665 0.10315371304750443 -1.1904845237731934
2.8335530757904053 0.4511943459510803 -0.762516975402832
-0.41572773456573486 0.7095538377761841 -0.7342298030853271
1.325028419494629 -0.13843882083892822 0.22880789637565613
1.1876006126403809 0.010882124304771423 -1.1160598993301392
-0.393457293510437 0.8814055919647217 0.6595105528831482
2.145282745361328 0.01726648211479187 -0.15663635730743408
2.525388479232788 0.06566596031188965 -1.1889535188674927
0.30904340744018555 0.16017475724220276 0.5539669990539551
2.2607553005218506 0.2599163055419922 -0.5541850924491882
0.6728364825248718 0.32754191756248474 -1.1699951887130737
-1.0530040264129639 -0.09697353839874268 -0.45714274048805237
-0.29119083285331726 -0.20983560383319855 -0.3935343027114868
0.0270167738199234 0.8565956354141235 0.8165488243103027
2.1746206283569336 0.20599950850009918 0.6725587248802185
2.3790595531463623 0.46996450424194336 -0.8724400997161865
-0.15100109577178955 0.6131965517997742 -0.8713952898979187
0.48591887950897217 0.8351408243179321 0.6144365668296814
-0.16207101941108704 0.1352679431438446 0.6367266774177551
2.891122579574585 -0.04097330570220947 0.6782894730567932
-0.5446373820304871 -0.05269142985343933 0.7219427227973938
1.5417085886001587 0.4835948646068573 0.23361623287200928
1.4662424325942993 0.1267562061548233 0.09974361956119537
2.120884418487549 -0.07975122332572937 -0.6192506551742554
1.0753722190856934 0.021997347474098206 0.34930816292762756
-0.9232807755470276 -0.07311461865901947 -0.4177223742008209
1.1994205713272095 0.8223268389701843 -0.18017274141311646
0.12058664858341217 0.9655106067657471 -0.2468671202659607
0.5869574546813965 0.9513094425201416 -0.4157238006591797
-0.24153539538383484 0.8218437433242798 -0.5590468049049377
1.1463840007781982 0.8147405385971069 -0.8674514293670654
1.5129097700119019 -0.23831844329833984 -0.5428776741027832
-2.0934200286865234 -0.09779663383960724 0.48307865858078003
1.659299373626709 0.25489604473114014 -0.3023996949195862
1.525148630142212 0.38193029165267944 0.2283056080341339
2.3291115760803223 0.5471712946891785 -0.21778228878974915
2.0188512802124023 0.29979339241981506 -1.1733267307281494
2.2103726863861084 0.5175483822822571 0.4185832738876343
-0.7843570113182068 0.4460844397544861 0.10189002752304077
-0.8587954640388489 -0.39496010541915894 0.5768975019454956
1.9161522388458252 0.05599699169397354 0.6748815178871155
1.6817662715911865 0.6511130928993225 -0.13837498426437378
0.19327223300933838 0.861214280128479 -0.19093544781208038
-0.24860140681266785 0.040706515312194824 -0.16696812212467194
3.072186231613159 -0.12333658337593079 0.6194353103637695
-0.46919578313827515 -0.1834593117237091 -1.2847399711608887
-1.4204121828079224 -0.005627036094665527 0.6206861138343811
1.6211342811584473 0.23817121982574463 -0.017151178792119026
2.180826425552368 0.1381259262561798 -0.14578664302825928
-0.5065873265266418 0.6843521595001221 -0.1509343534708023
1.5120198726654053 0.08073008805513382 -0.10209009796380997
-1.5852659940719604 0.37651941180229187 -1.0894556045532227
-2.491225004196167 0.20281612873077393 0.12343855202198029
-0.966543436050415 0.062448740005493164 0.7693465948104858
1.885185718536377 0.12815244495868683 0.4155212640762329
0.2924252450466156 -0.001180216670036316 0.3823991119861603
2.724578380584717 0.31420594453811646 0.24126864969730377
0.04204472899436951 -0.2660674452781677 -0.00020925630815327168
-0.6549413204193115 0.5126847624778748 -0.684498131275177
-1.8880597352981567 0.1426754891872406 0.7494356632232666
1.2749830484390259 -0.1460617482662201 0.1696149706840515
-0.7396453022956848 0.3177160918712616 -0.3014379143714905
-0.5407754182815552 -0.03922601044178009 -0.6366438865661621
0.24561068415641785 0.5324508547782898 -0.916464626789093
1.9583663940429688 0.5705543160438538 -0.7170252203941345
2.858976125717163 0.5110984444618225 -1.076385498046875
-2.6222405433654785 0.10451675206422806 -0.9636030793190002
0.4129195809364319 0.013233378529548645 0.5310144424438477
0.4969124495983124 0.043750420212745667 0.05334162712097168
2.6183762550354004 0.054203763604164124 -0.09518110752105713
3.1830050945281982 -0.017785578966140747 -0.8107665181159973
0.23351752758026123 0.15341584384441376 0.5991777777671814
1.2867847681045532 -0.2996448874473572 -0.521847665309906
-0.41445010900497437 0.3080182671546936 -0.306408166885376
-0.5904299020767212 0.8826767802238464 0.02559615485370159
1.4824011325836182 0.3596957325935364 -1.098697304725647
0.5789071321487427 -0.2459312528371811 -1.3753106594085693
0.9909386038780212 0.7220256328582764 0.8381094336509705
0.33898475766181946 0.41849851608276367 0.8509457111358643
0.5488489270210266 -0.01657046377658844 0.19675017893314362
-2.6333701610565186 0.03139007091522217 -0.48260337114334106
0.2749561667442322 0.9679145812988281 -0.2496403604745865
2.4461185932159424 0.4486388564109802 -0.12601247429847717
-2.326798915863037 -0.10921964049339294 -0.3114650249481201
-0.6886479258537292 0.43049317598342896 -1.054468035697937
2.430779218673706 0.3835724890232086 -0.4431200623512268
-0.8692402839660645 0.5331528782844543 -0.9796013832092285
-0.5474967956542969 -0.149710550904274 -1.106415033340454
-0.03584948927164078 0.32192108035087585 -0.8763534426689148
0.35428062081336975 0.5747560262680054 0.8592762351036072
0.8605857491493225 -0.1905079483985901 0.0439794659614563
0.9059147834777832 0.8116747140884399 -0.5218556523323059
2.071401357650757 0.488015353679657 -1.0527211427688599
-0.1971442848443985 -0.23244857788085938 0.0698985829949379
2.775235414505005 0.4265899658203125 -0.7854725122451782
-1.075571894645691 0.404606431722641 -1.0910261869430542
-0.5255478024482727 0.4953318238258362 -0.3910009562969208
-0.7960090637207031 0.3547147810459137 0.7015421390533447
1.3364003896713257 0.13874731957912445 0.2638593316078186
-1.5175946950912476 0.02137942612171173 0.40662404894828796
0.35270416736602783 -0.25290828943252563 -0.16733048856258392
-0.06438792496919632 0.6140556335449219 -0.4206148087978363
-0.8499798774719238 0.569438636302948 -0.6504524350166321
0.7029237151145935 0.3273395299911499 -0.915429949760437
0.5780467987060547 0.06905382871627808 -0.268268883228302
1.168825387954712 0.7989858984947205 0.1557733565568924
1.4704347848892212 0.5863891243934631 -1.0205378532409668
1.5620698928833008 0.06405634433031082 0.6479470133781433
0.863240122795105 0.9302082061767578 0.6541094183921814
-1.5676900148391724 -0.22491219639778137 0.5579342246055603
-0.15309619903564453 0.3064032793045044 -0.9496707320213318
1.1993850469589233 0.7947033047676086 -0.7488552927970886
-1.4125292301177979 0.4385034739971161 0.15315131843090057
-0.4091453552246094 0.2942213714122772 0.4771089255809784
2.574052333831787 0.04073849320411682 -0.24391959607601166
-0.39499956369400024 -0.11171497404575348 -0.790639340877533
1.8974202871322632 0.1380910873413086 0.4828295409679413
0.4472615718841553 -0.21190273761749268 -1.1037975549697876
0.6012574434280396 -0.23788723349571228 0.28141891956329346
-0.8540133237838745 0.428125262260437 0.2943566143512726
2.6880786418914795 0.09955596923828125 -0.2569485902786255
0.0030220597982406616 0.854597806930542 -0.06949443370103836
0.4163074493408203 0.0168771892786026 -0.7678625583648682
0.17480000853538513 0.22552815079689026 -0.9747921824455261
1.1766632795333862 -0.26723742485046387 0.2571975290775299
0.894660234451294 0.12451229244470596 0.6741595268249512
1.7716087102890015 0.5925547480583191 0.41671568155288696
-0.0027205348014831543 -0.16329528391361237 0.46939629316329956
1.3049733638763428 0.3542442321777344 -0.29079532623291016
1.8188426494598389 0.421888530254364 -0.6976041793823242
3.113110303878784 0.12174709886312485 0.006484177894890308
-0.5664047002792358 0.1672341376543045 0.7081563472747803
-1.3321592807769775 0.43940460681915283 0.4615655839443207
1.6673295497894287 -0.19864922761917114 -1.1426804065704346
0.7989266514778137 0.04298532009124756 0.45133620500564575
-0.20663906633853912 0.09219405800104141 0.17966866493225098
2.2405383586883545 -0.03424333035945892 0.21657878160476685
1.4025508165359497 0.1009693294763565 0.09749423712491989
1.1189026832580566 -0.05890095233917236 -1.0426667928695679
0.3064553737640381 0.9757946729660034 0.09624656289815903
1.4553052186965942 0.13979238271713257 -1.0996222496032715
1.0360853672027588 0.5626890659332275 -1.069782018661499
-0.0194970965385437 0.8665367364883423 -0.432003915309906
1.8152223825454712 -0.1430041491985321 0.3280021548271179
-0.6924681663513184 -0.2595008313655853 -0.409717857837677
2.166715145111084 0.6869032382965088 0.04775989055633545
-0.05920067057013512 0.263486385345459 -0.45207479596138
1.6461735963821411 0.6349810361862183 0.0795535147190094
0.6016638875007629 0.874832034111023 -0.9720982909202576
-0.9594299793243408 0.10513770580291748 0.5889930129051208
0.10611100494861603 0.23431280255317688 0.6945720911026001
0.8305520415306091 -0.11285579204559326 -1.2400926351547241
-0.7884441614151001 0.8096873760223389 0.4993906617164612
0.10182633996009827 0.13090994954109192 -0.39495304226875305
-0.04477206617593765 0.9646721482276917 -0.21307553350925446
1.7547186613082886 -0.19695821404457092 0.5382540225982666
0.10028193891048431 -0.16980046033859253 0.6223548650741577
-0.6535225510597229 0.6824005842208862 0.6547766923904419
1.9222893714904785 0.16977958381175995 0.38143453001976013
-0.007236197590827942 -0.295138955116272 0.0076970504596829414
0.890373170375824 -0.15806111693382263 -0.9647141098976135
-0.33723732829093933 -0.25583577156066895 0.410268098115921
1.7177830934524536 -0.1376972198486328 -0.882154643535614
0.5440393090248108 -0.2876312732696533 -0.04600832611322403
2.496980667114258 0.2337837964296341 -0.2995944917201996
1.1538288593292236 0.2562110722064972 -0.2716628313064575
2.505872964859009 0.06750986725091934 -0.336823046207428
-1.396741271018982 0.023301266133785248 -0.713909387588501
-2.3279547691345215 0.30518341064453125 0.1274224817752838
-0.31449344754219055 0.4862913191318512 0.6809173822402954
0.5595349073410034 0.3796669542789459 -1.1514017581939697
0.6079640984535217 0.9634793400764465 0.061730701476335526
-0.9873653650283813 -0.10506492853164673 0.48723104596138
0.13857153058052063 0.505760133266449 -1.0721341371536255
1.5308144092559814 0.04456396400928497 0.6675962805747986
-1.0885825157165527 -0.09318843483924866 -0.5720476508140564
0.48709699511528015 0.9025616645812988 0.7673085331916809
-2.6163089275360107 -0.14577841758728027 -0.02406900003552437
-0.2778600752353668 -0.2595215439796448 0.08908998221158981
-0.5328521728515625 -0.12890343368053436 0.7084026336669922
2.6569275856018066 -0.021904632449150085 0.6474205851554871
2.2524960041046143 0.05071184039115906 0.06269196420907974
1.547019124031067 0.5031111240386963 -0.08765394240617752
2.6119494438171387 0.3974508047103882 -0.5190936326980591
2.273796796798706 0.42852330207824707 -0.4880845248699188
-0.14222684502601624 0.08406319469213486 -1.1612215042114258
-0.3854457139968872 0.2860105633735657 0.6799847483634949
-1.5444823503494263 0.42370203137397766 0.09939832240343094
-2.3458094596862793 0.2871420383453369 0.023290352895855904
0.12296541035175323 0.00455416738986969 0.613083004951477
-2.2757654190063477 -0.11214146018028259 -0.7260827422142029
1.2250299453735352 0.5330280661582947 -0.5620213747024536
2.6570465564727783 0.07012094557285309 0.13750432431697845
-0.2923963963985443 -0.2702745497226715 -1.3234376907348633
-0.15688854455947876 0.8073703050613403 0.4890974760055542
2.779025077819824 -0.07841230928897858 -0.40413591265678406
-0.16514673829078674 0.6931155920028687 -0.9459763765335083
0.5840092897415161 0.03022061288356781 0.1905740648508072
0.9695392847061157 -0.17554247379302979 0.5210241675376892
-0.9014065265655518 0.1794085055589676 -1.3989534378051758
1.2769951820373535 0.6708475947380066 -0.5678626298904419
-0.8308321833610535 0.11694161593914032 -0.0867481380701065
1.5811165571212769 0.24101883172988892 0.3202937841415405
0.39243239164352417 0.9712159037590027 0.30685755610466003
0.3271510601043701 0.8600621819496155 0.41953057050704956
1.5719282627105713 -0.16039448976516724 -0.7552309036254883
0.21743535995483398 -0.2206519991159439 0.1270066350698471
0.2370254397392273 0.8988953828811646 0.719333291053772
1.9277595281600952 0.6792681217193604 0.06185731291770935
1.6845251321792603 0.6270771622657776 0.21640406548976898
1.0501964092254639 0.8620896935462952 -0.6778844594955444
0.8185437917709351 -0.16474269330501556 -0.8779443502426147
0.665802538394928 -0.1982601433992386 0.550518810749054
0.8824257254600525 0.9676011204719543 0.39716652035713196
-0.8308608531951904 0.24111366271972656 -0.008387910202145576
2.16218638420105 0.2243327647447586 0.47067153453826904
0.45797500014305115 0.8665390014648438 -0.9244579672813416
-0.13278546929359436 0.09902796894311905 -1.0398781299591064
2.005875587463379 0.31721585988998413 -1.171162724494934
1.8828308582305908 0.3455246686935425 0.3870736062526703
1.503702163696289 0.20202669501304626 -0.1593949943780899
-1.9951674938201904 0.3958645164966583 -0.4699784517288208
0.1183835044503212 -0.18267521262168884 1.1102855205535889
-2.3257415294647217 -0.10651175677776337 -0.7898986339569092
2.491356134414673 0.3880537748336792 -0.2792057693004608
0.7078036665916443 0.945417582988739 -0.47676196694374084
-0.4612240791320801 0.02468322217464447 -0.16433891654014587
-1.0680826902389526 0.05844639986753464 -0.14917249977588654
1.611647129058838 0.6235780119895935 0.23499695956707
0.5048580169677734 0.9751501679420471 0.08980938792228699
0.6418880820274353 -0.19101457297801971 0.37667497992515564
-1.8238277435302734 0.04885120689868927 0.7320142984390259
-1.4337202310562134 0.4336577355861664 -0.7944906949996948
0.2847822308540344 0.8614357709884644 -0.390525758266449
0.24854469299316406 -0.29392892122268677 -0.45541855692863464
-1.910319447517395 0.38751399517059326 0.34005215764045715
1.8529934883117676 -0.1137244701385498 -1.2062679529190063
-0.38485997915267944 -0.11379505693912506 -1.254000186920166
1.8137619495391846 0.6527601480484009 -0.45902130007743835
1.1003984212875366 -0.055571988224983215 -0.9314902424812317
2.8281474113464355 0.5198264122009277 -0.5287448167800903
-0.02477765828371048 0.9475991129875183 -0.7131859064102173
0.060100145637989044 -0.24749845266342163 1.3239978551864624
0.33190953731536865 0.0860704854130745 0.46570903062820435
-1.5286422967910767 -0.04119853675365448 -1.1669756174087524
0.6746673583984375 -0.13372750580310822 0.3295381963253021
-0.6988628506660461 -0.2057226002216339 -0.409432977437973
-1.3628813028335571 -0.026919588446617126 0.6261563301086426
0.2076260894536972 0.19586533308029175 -0.9000171422958374
1.6308655738830566 0.20106187462806702 -0.12414395809173584
0.08167631924152374 -0.2737210988998413 0.12548595666885376
2.630485773086548 0.39195066690444946 -0.8444282412528992
0.328869104385376 -0.15576769411563873 -1.1617792844772339
-0.13017231225967407 0.6182978749275208 -0.6247482895851135
1.706894874572754 0.44074153900146484 0.65397047996521
0.3417871594429016 -0.3287280797958374 -0.32270458340644836
-1.9583882093429565 0.047932013869285583 -1.192484736442566
2.5599112510681152 0.11645779013633728 -0.5150203108787537
0.1642366349697113 0.9847752451896667 0.37228062748908997
-0.6311205625534058 -0.2398703396320343 0.5299035906791687
0.29249417781829834 -0.09058906137943268 -1.200107455253601
0.9281390905380249 -0.27825072407722473 -1.18503737449646
2.9995617866516113 -0.23844784498214722 -0.3422219157218933
-0.9082304239273071 0.21780084073543549 0.12841521203517914
1.7880778312683105 -0.15459933876991272 -0.34100478887557983
2.0541203022003174 0.3787255883216858 -0.30353623628616333
2.347578525543213 0.160888671875 -0.9137235879898071
2.8873727321624756 0.4302217960357666 -0.7145823836326599
1.5972174406051636 -0.23128855228424072 0.08668582141399384
2.5361430644989014 -0.11508633196353912 0.2832994759082794
3.1244242191314697 0.05928516387939453 -0.11474479734897614
1.7630107402801514 0.11718188226222992 -1.0596221685409546
0.5396391749382019 -0.24258607625961304 -0.5711557269096375
0.06883328408002853 0.8884918689727783 0.8005304336547852
0.7467672228813171 0.10963405668735504 -0.5380817651748657
2.039778232574463 -0.17077934741973877 0.6584237813949585
0.309189110994339 0.19922971725463867 -0.6488168239593506
1.1775115728378296 0.4592932462692261 -0.12520228326320648
2.7495052814483643 -0.3016337752342224 -1.014933466911316
-0.9869945645332336 0.41772323846817017 0.2363840639591217
3.026975154876709 -0.16800907254219055 -1.1651369333267212
1.0716552734375 0.9360214471817017 -0.018300246447324753
0.23144018650054932 0.11957940459251404 0.4419461190700531
-1.7693724632263184 -0.03878764808177948 0.6864908933639526
-0.7589254975318909 0.3374296724796295 0.2077396661043167
-0.4570102393627167 0.2620120048522949 -0.5017550587654114
-0.0003587007522583008 -0.23892566561698914 -0.43307119607925415
0.02970956265926361 0.7081319689750671 0.8436447381973267
-0.48338082432746887 0.029026761651039124 -0.5380483269691467
0.654159665107727 0.9065218567848206 -0.9438832998275757
1.1729217767715454 0.07389020919799805 0.6438374519348145
2.0792863368988037 0.1271449774503708 0.6766980290412903
0.3333890736103058 0.8683050870895386 -0.6217988133430481
2.279642105102539 0.22011809051036835 -0.35737305879592896
-0.40007367730140686 0.9263267517089844 -0.26659685373306274
1.129318118095398 0.12682190537452698 0.24753513932228088
-0.9310255646705627 0.09297864139080048 0.043043047189712524
2.2296814918518066 -0.13823363184928894 -0.3798481822013855
0.7358448505401611 -0.2887091636657715 0.8508080840110779
0.1588287204504013 0.8657517433166504 -0.5547641515731812
0.3737051486968994 -0.14344307780265808 -0.9311274886131287
-1.2699544429779053 -0.012819379568099976 -0.5727563500404358
1.4141907691955566 0.08546577394008636 0.6802945733070374
2.4266300201416016 0.4403640031814575 0.6248730421066284
-1.458255648612976 0.29029688239097595 -1.2099735736846924
2.6585161685943604 0.15387190878391266 0.3404724895954132
-1.9160854816436768 -0.16841232776641846 -0.9291730523109436
1.9537160396575928 0.5672703981399536 -0.8332615494728088
0.5890344977378845 0.5600476861000061 -1.0191318988800049
0.3334098160266876 0.5260074734687805 -1.0680855512619019
-2.155808925628662 -0.09679464995861053 0.48670443892478943
-0.7339956760406494 0.4709407389163971 0.6823129057884216
1.9804822206497192 0.21640846133232117 -0.22600993514060974
-0.6340104341506958 0.8586035966873169 0.2695700526237488
1.04840886592865 0.45049524307250977 -0.8760472536087036
-0.8509035110473633 0.1112535148859024 0.03058294951915741
0.0370749905705452 0.2875586152076721 0.7415459156036377
1.8698610067367554 0.23505493998527527 -0.22504988312721252
0.4483409523963928 0.09226648509502411 0.5630500912666321
1.595340609550476 -0.2191087007522583 -0.1842362880706787
3.224684953689575 0.16532525420188904 -1.0767227411270142
2.381688117980957 -0.12332278490066528 -0.15484513342380524
2.0016889572143555 0.12932907044887543 -1.1201488971710205
0.8960058093070984 -0.13537780940532684 -1.2494325637817383
-1.6124091148376465 -0.1371573507785797 -1.0645320415496826
-2.1425869464874268 0.3096664249897003 -1.1417628526687622
0.8328853249549866 0.8553882837295532 -0.6370999813079834
1.0332059860229492 -0.28186213970184326 -0.0332174077630043
2.760169744491577 0.35666316747665405 -0.09546013921499252
-0.2812795042991638 0.7104200124740601 0.4121367335319519
-0.8759151697158813 0.720557689666748 0.422245055437088
0.9471496343612671 -0.2363404929637909 -0.629482090473175
-1.70359206199646 0.4174775183200836 -0.46089473366737366
0.4885118901729584 0.22809071838855743 0.5094146132469177
-2.266904830932617 0.34617337584495544 -1.0124369859695435
-1.3121223449707031 -0.24820783734321594 0.579657793045044
1.46355140209198 0.3845810294151306 -1.110911250114441
-1.471814513206482 0.4423571825027466 0.49433109164237976
1.214754581451416 0.7653903365135193 0.2989540100097656
0.2754965126514435 0.8747842907905579 0.25657734274864197
0.9780411720275879 0.9150190949440002 -0.13145653903484344
-1.3795762062072754 0.033057667315006256 -0.6525729894638062
-0.5956385731697083 0.0693877786397934 -0.9054545164108276
-2.079066514968872 0.3071924149990082 0.7235493659973145
-0.5242764949798584 0.870373010635376 -0.7262473702430725
1.1671181917190552 0.7700379490852356 -0.9130204916000366
-0.9038577675819397 0.7069909572601318 0.5761579871177673
0.7390705943107605 0.954627275466919 0.024496695026755333
0.2367144525051117 0.9457218647003174 -0.6297927498817444
0.10535138100385666 -0.04985116422176361 0.6045685410499573
-2.6779122352600098 -0.04423223435878754 -0.9793878793716431
2.2599449157714844 0.6321278810501099 -0.39178574085235596
-0.04050697013735771 0.8144412636756897 -0.7144644856452942
-0.6505993604660034 -0.19593088328838348 0.28360167145729065
1.5453767776489258 -0.13890668749809265 0.46488627791404724
1.2629327774047852 0.08493328094482422 0.18819503486156464
-0.7687610387802124 0.16927851736545563 -1.2853543758392334
-0.7226108312606812 -0.03670492768287659 -0.05017630010843277
0.5951427221298218 -0.12887753546237946 -0.8969674706459045
0.2524546682834625 0.21618017554283142 -0.9587195515632629
1.3772070407867432 0.6336627006530762 0.26414117217063904
-1.3205296993255615 -0.10743741691112518 -1.0305960178375244
1.0915175676345825 0.07976850867271423 0.3372436463832855
-1.6759141683578491 -0.07833641767501831 0.6445529460906982
1.0302965641021729 0.7811087369918823 -0.15347903966903687
-2.4716010093688965 0.18952828645706177 -0.4484967887401581
1.514275312423706 -0.24529147148132324 -0.41965797543525696
-2.549633741378784 -0.14072221517562866 -0.5801494717597961
-2.6015782356262207 0.06563881039619446 -0.4599626660346985
-2.1667721271514893 -0.1865808665752411 0.8402417302131653
0.3385891318321228 0.35061532258987427 -0.9248564839363098
-1.2432184219360352 -0.0924428403377533 -0.4403759241104126
1.9351658821105957 -0.11992515623569489 -0.06644085794687271
-0.05707889422774315 0.00975865125656128 -0.4320625364780426
0.09164833277463913 0.8743171095848083 -0.9336050152778625
-1.9537250995635986 -0.02398008108139038 -1.1637824773788452
2.0576391220092773 0.39332741498947144 0.3203875720500946
-0.08867072314023972 0.08015774190425873 -0.2695896029472351
-0.881787896156311 0.6934639811515808 0.5879669189453125
1.213582158088684 0.8146250247955322 0.202358216047287
-1.2709218263626099 0.08307217061519623 0.6925029754638672
1.1242026090621948 -0.23965612053871155 -0.02559719979763031
-0.07922590523958206 0.8584081530570984 -0.11123991012573242
2.3990678787231445 0.18030336499214172 0.44382327795028687
-2.04183030128479 -0.09464210271835327 -0.2209029197692871
3.0789272785186768 -0.047252506017684937 -1.1813465356826782
2.215888023376465 0.3456214666366577 -0.8976768255233765
0.9572209715843201 -0.26666533946990967 -0.34192273020744324
-1.0016939640045166 -0.4812718629837036 0.7950820326805115
0.4488881528377533 0.3543756604194641 -0.8976038694381714
-2.5671324729919434 0.015543311834335327 0.5905275940895081
0.2908330261707306 0.08668971061706543 -0.11459518224000931
0.8213993906974792 0.02507631480693817 0.18739576637744904
0.493194580078125 0.9657983183860779 -0.3374044895172119
0.7991201281547546 0.9501426815986633 0.14270009100437164
0.23776040971279144 0.877868115901947 -0.13222965598106384
3.0071728229522705 0.21205639839172363 -0.8609743714332581
0.8844626545906067 -0.2853009104728699 0.8358517289161682
0.20980457961559296 -0.16256289184093475 -1.0656858682632446
1.1255617141723633 0.3388597369194031 0.10648203641176224
-1.159478783607483 -0.19138306379318237 -1.1388429403305054
-0.13744214177131653 0.8948270082473755 -0.8741732835769653
-1.7630486488342285 0.41425007581710815 0.34279048442840576
0.08228100091218948 -0.2700587809085846 -0.23050034046173096
0.045270808041095734 0.4395137131214142 0.8064178228378296
-0.4607694745063782 0.43261444568634033 0.3747607469558716
2.350372552871704 0.6920208930969238 -0.24851299822330475
-0.5502991676330566 -0.25677257776260376 0.48674723505973816
-1.7375785112380981 -0.11350420117378235 0.49732789397239685
-1.6004831790924072 0.27929359674453735 0.7280781865119934
0.006330549716949463 0.9402820467948914 -0.5890867710113525
2.8712940216064453 -0.02072930335998535 0.34091150760650635
-1.045852541923523 -0.0847824215888977 -0.16166961193084717
-0.8165357112884521 0.3686222434043884 -0.1364516168832779
-0.6427584886550903 0.8461061716079712 0.5027938485145569
-2.5849177837371826 -0.14617878198623657 -0.5739074349403381
1.1463581323623657 0.3537272810935974 -0.6260765194892883
0.43730342388153076 -0.03168833255767822 -0.8637674450874329
1.75596022605896 0.6325969099998474 -0.6576430797576904
-1.512021541595459 -0.037568092346191406 -0.2728910446166992
0.35424232482910156 -0.2776769995689392 0.8384021520614624
0.19596174359321594 0.937818706035614 -0.6207376718521118
0.898017406463623 -0.1253567785024643 -1.2436443567276
2.251668691635132 0.27531206607818604 0.4233967065811157
-0.608695924282074 -0.2489563226699829 -0.13518723845481873
0.9844827055931091 -0.22580337524414062 0.27219313383102417
0.6228723526000977 0.8577373027801514 -0.6599530577659607
0.021838605403900146 0.3100470304489136 -1.1346276998519897
0.7650904655456543 0.9138727784156799 -0.18611206114292145
-0.11821222305297852 0.9605157375335693 0.5528392791748047
0.5592458248138428 -0.0032858848571777344 0.3988102972507477
2.9531211853027344 -0.22098886966705322 -0.013179044239223003
0.24750103056430817 0.8630537390708923 -0.6410496830940247
-1.4774861335754395 0.4276534616947174 -1.055558443069458
2.5786798000335693 0.027343332767486572 -0.6411446332931519
2.079580307006836 0.23064157366752625 -0.1906653791666031
-0.6643538475036621 0.5428116917610168 0.030537379905581474
-0.008002612739801407 0.9361562728881836 0.6889721751213074
-0.678019642829895 -0.1689465045928955 0.017294403165578842
0.5633354187011719 -0.27179545164108276 -1.199855923652649
2.8470213413238525 -0.2801656126976013 -0.8444902896881104
-0.2888324558734894 0.5192590355873108 -1.0068966150283813
0.8068986535072327 -0.21503007411956787 -1.086721420288086
3.177807569503784 -0.05065557360649109 0.003110523335635662
2.0446457862854004 0.48735249042510986 -0.8539586067199707
1.0248668193817139 0.0344928503036499 0.6659575700759888
0.3982584476470947 -0.2894309461116791 0.8277652263641357
-1.2252776622772217 0.11777104437351227 0.4989436864852905
2.4783198833465576 -0.03679195046424866 -0.863271176815033
-2.5207996368408203 -0.02304084599018097 0.7929309606552124
3.012131929397583 0.2573259472846985 -0.140060156583786
0.33224183320999146 -0.04775695502758026 0.6672089099884033
2.1695871353149414 -0.117783322930336 0.15807099640369415
-2.5790576934814453 0.13311998546123505 -0.8782970905303955
0.9395933747291565 0.23800447583198547 0.7071937322616577
0.812616229057312 0.9449141621589661 0.5680504441261292
2.74234938621521 -0.31998997926712036 -0.8859504461288452
-0.029730673879384995 0.7917242646217346 0.5781908631324768
1.3834152221679688 0.019176989793777466 -0.24096983671188354
-2.438302993774414 0.23034211993217468 0.017936797812581062
1.6907304525375366 -0.21440830826759338 -0.2506280839443207
-0.692846953868866 0.5423440933227539 0.10468582063913345
2.0933923721313477 0.40756160020828247 0.6665515899658203
-0.17361491918563843 -0.23695990443229675 -0.3915005326271057
-1.3192633390426636 0.4241108000278473 -1.1516306400299072
-0.12389595806598663 0.2627473473548889 0.22826775908470154
1.4215818643569946 0.280659019947052 -0.37096408009529114
1.8174415826797485 0.505087673664093 0.11421402543783188
-2.4074530601501465 -0.10770827531814575 -0.9053732752799988
1.345412254333496 0.4758058786392212 0.17525418102741241
-1.2151210308074951 -0.28155142068862915 0.660905659198761
3.165046215057373 -0.07995210587978363 -0.523500919342041
-0.7068163752555847 0.08218890428543091 -0.29755470156669617
1.6874489784240723 0.5638360381126404 0.5519195795059204
0.9501386880874634 -0.19996359944343567 0.2579852044582367
1.9629552364349365 -0.08009295165538788 -0.19642038643360138
2.4480347633361816 0.2993488609790802 -0.8798983693122864
-0.7113483548164368 0.280894935131073 -0.7356501817703247
1.909132719039917 0.5983390808105469 -0.8351093530654907
2.1312918663024902 0.4079132080078125 0.4178415536880493
-0.4609770178794861 -0.26027268171310425 0.6521933078765869
-0.1937568187713623 -0.24055732786655426 -0.024337684735655785
0.64737868309021 0.8951928615570068 -0.9117471575737
1.442516803741455 0.21631576120853424 -0.5918647050857544
0.6629192233085632 0.054222092032432556 -0.08717043697834015
-0.6789434552192688 0.3257448077201843 -0.41138550639152527
2.1405365467071533 0.1568375527858734 -0.4265778362751007
0.973054826259613 0.40560847520828247 -1.1481014490127563
1.891747236251831 0.6351717710494995 -0.6013324856758118
-2.418785333633423 -0.09419490396976471 0.8165490627288818
1.2922580242156982 -0.18622159957885742 -0.6010618209838867
2.376044988632202 0.205073744058609 -0.2907359302043915
1.9835703372955322 0.5147126913070679 -0.9137752056121826
-2.332890272140503 -0.08745792508125305 0.3949354290962219
2.785644769668579 -0.08975306153297424 -1.187229871749878
-1.4989063739776611 0.43412813544273376 -0.6842302680015564
-1.932276964187622 -0.087484210729599 -0.20120303332805634
0.15898951888084412 0.36817705631256104 -1.126002311706543
2.947094678878784 0.35175609588623047 0.02190282754600048
-1.315590500831604 -0.13642509281635284 0.5495622158050537
-0.5527265667915344 0.6964893341064453 -0.983733057975769
1.077867865562439 -0.2764577269554138 -0.45711877942085266
-0.4196573495864868 0.913796067237854 -0.5373077392578125
0.20650357007980347 0.21207980811595917 -0.8769764304161072
-0.224456325173378 0.25474682450294495 0.6078068614006042
-0.08858855068683624 -0.023945897817611694 -1.195534110069275
1.1838003396987915 0.05434596538543701 0.3406360149383545
-0.34280925989151 0.8019659519195557 0.3361191153526306
2.0870304107666016 0.011820167303085327 0.4337124526500702
-0.5297942757606506 0.7537286281585693 0.4312385022640228
-0.7292410731315613 -0.09173907339572906 0.33502063155174255
-2.7006447315216064 -0.12475341558456421 -0.7362795472145081
-2.2755050659179688 -0.05549660325050354 -1.144881248474121
-0.5554479956626892 0.27444320917129517 -1.2523958683013916
2.480515480041504 -0.007298365235328674 0.3593997657299042
1.1034258604049683 0.3891429305076599 0.5129512548446655
-0.6232874989509583 -0.18055644631385803 -0.3963524103164673
2.659621238708496 -0.15655440092086792 0.4430408477783203
0.8279790282249451 0.2932061553001404 0.5791044235229492
0.08174633234739304 -0.08951736986637115 0.6604802012443542
2.7791647911071777 0.05301903933286667 -0.016364693641662598
-0.5802149176597595 0.8890033960342407 -0.0016289392951875925
2.115159511566162 0.27087509632110596 -0.09608420729637146
-0.9432132840156555 0.02316175401210785 -1.2959812879562378
0.07850927114486694 0.10656151175498962 -0.31691333651542664
2.330155372619629 0.4696456491947174 -0.8685078620910645
2.8708012104034424 -0.1346762478351593 0.6757565140724182
2.503054618835449 0.46366608142852783 0.0662757009267807
2.305126428604126 0.49812066555023193 -1.0922170877456665
-1.020722508430481 0.47251614928245544 0.6694358587265015
1.8029859066009521 -0.1620425581932068 0.32757246494293213
0.11459626257419586 0.7794106006622314 -0.8115164041519165
2.7159008979797363 0.42022034525871277 0.20950442552566528
2.8092801570892334 0.17449992895126343 -1.2520986795425415
-1.0852620601654053 0.300708532333374 -0.8875824809074402
1.046899676322937 0.08888976275920868 -0.9367903470993042
0.667850136756897 0.11805224418640137 -0.9540015459060669
0.8996912837028503 0.4727656841278076 -1.1303499937057495
-1.2624330520629883 0.45662349462509155 -0.5627079010009766
2.0168561935424805 0.6850863695144653 -0.23360541462898254
1.9797552824020386 -0.17604416608810425 -1.0617480278015137
2.480706214904785 0.38409101963043213 0.40314149856567383
-0.3859560787677765 -0.27575477957725525 -0.029444238170981407
0.26911628246307373 0.8557987213134766 0.7750945091247559
-1.474919080734253 0.4365963041782379 -0.5472378730773926
-2.451819658279419 -0.030358001589775085 -1.1549838781356812
0.3336896300315857 -0.1814897209405899 0.3687552809715271
-0.8201795816421509 0.024106085300445557 0.46145954728126526
-0.5210059881210327 0.7769522070884705 -0.43867313861846924
-0.30453065037727356 0.5328976511955261 -0.7248072028160095
2.1663806438446045 0.44537612795829773 -1.0452215671539307
-0.44485798478126526 -0.27191996574401855 -0.36843329668045044
-0.9671460390090942 0.09705105423927307 -0.3548462390899658
-0.3114635944366455 0.8108727931976318 0.4057455360889435
0.555759072303772 0.958549439907074 -0.3485099971294403
2.955104351043701 0.21793566644191742 0.3310106694698334
2.789865016937256 0.3008938431739807 -0.347878634929657
-2.088649272918701 0.3655000627040863 0.3641759753227234
2.7963318824768066 0.10190390050411224 0.30259066820144653
-2.0274603366851807 0.3037422001361847 0.7405089139938354
-2.8020107746124268 -0.1090804785490036 0.19549104571342468
0.152188241481781 0.645348310470581 0.8686672449111938
-0.34169989824295044 0.04304829239845276 -0.31407803297042847
-0.659661591053009 0.08444692939519882 0.42291706800460815
-0.5108199119567871 0.6428541541099548 0.46176013350486755
2.598492383956909 0.3822353780269623 -1.2297947406768799
2.6888277530670166 -0.2915094792842865 -1.1526538133621216
-0.6928505301475525 -0.1667669713497162 -0.2579069137573242
0.026297543197870255 0.7614471912384033 0.8426480889320374
0.030008012428879738 0.8420589566230774 0.49588480591773987
2.072012424468994 0.3613704442977905 -0.46650490164756775
2.563889503479004 0.07621061056852341 0.6726542711257935
1.8967846632003784 -0.1584901511669159 -0.9774271845817566
-2.3287105560302734 -0.09468498826026917 0.05204043909907341
1.4438691139221191 0.3944924473762512 -1.0942777395248413
2.618253231048584 0.06051929295063019 -0.9162218570709229
0.1763378381729126 0.11177738010883331 -0.7297232151031494
-0.9352641701698303 0.2181096374988556 0.3149081766605377
-0.5297192335128784 -0.10533615946769714 -1.2228766679763794
1.4517643451690674 0.6228086352348328 0.41320526599884033
0.5822817087173462 -0.27383899688720703 -0.3289196789264679
1.9633294343948364 0.4703289568424225 -0.27271872758865356
2.5344557762145996 0.5981127619743347 -0.39176979660987854
2.64042067527771 0.07541346549987793 -0.29217052459716797
2.889612913131714 0.47031912207603455 -0.2470945119857788
-2.0356533527374268 0.38652777671813965 0.4964979887008667
-0.4467443823814392 0.1806134432554245 0.2825780510902405
0.9289833903312683 0.7567936182022095 -0.7797009944915771
2.212963581085205 0.052561596035957336 -0.17900072038173676
2.2951714992523193 0.4807775914669037 -1.1567105054855347
-0.8145519495010376 0.5561476349830627 0.6316165924072266
-1.027794599533081 0.5552991032600403 0.613783061504364
1.4929049015045166 -0.24425634741783142 -0.2543341815471649
-0.33616185188293457 0.7452987432479858 -0.3691593408584595
0.5328037738800049 -0.27420157194137573 0.011348932981491089
1.0202710628509521 -0.30336982011795044 0.5004351139068604
-0.05410870909690857 0.7520478367805481 0.6071884632110596
1.1383023262023926 0.4711535573005676 -1.1237068176269531
2.4768848419189453 -0.21182292699813843 -0.9560324549674988
0.40990549325942993 0.8616187572479248 0.20979702472686768
1.6165663003921509 0.657015860080719 -0.11746036261320114
2.1035068035125732 0.6981795430183411 -0.23226706683635712
1.6332728862762451 -0.20988047122955322 0.08220779895782471
-1.3929638862609863 0.30003708600997925 -1.2178419828414917
2.7767508029937744 0.0653446614742279 -0.08341686427593231
1.5819756984710693 -0.1998487412929535 0.3544963598251343
2.841214179992676 0.495481938123703 -0.32842838764190674
0.8367534279823303 0.9067152738571167 0.71043860912323
-2.1766483783721924 -0.08212080597877502 0.4305216372013092
3.082181215286255 0.2200007289648056 -1.110878348350525
-0.9998373985290527 -0.3240755498409271 0.520636260509491
-2.536248207092285 0.11598110944032669 -0.22349539399147034
2.6968517303466797 0.42255890369415283 -0.2122916579246521
-0.3428967595100403 0.24766328930854797 -0.5517265796661377
-0.7014135718345642 0.3429761528968811 -1.1820898056030273
1.4651226997375488 -0.20831429958343506 -0.45106276869773865
-2.7303154468536377 -0.004825100302696228 0.4673556983470917
0.6058037281036377 -0.29957351088523865 -0.23442703485488892
0.32715827226638794 0.3373066484928131 -0.8773384094238281
1.6427319049835205 -0.15058809518814087 0.7586671113967896
0.05920655280351639 -0.009968727827072144 0.6116918921470642
0.0866084098815918 0.6881490349769592 0.685000479221344
1.2001429796218872 -0.14141270518302917 -0.8532395958900452
0.48917052149772644 0.0590236634016037 -0.1541145294904709
2.611903429031372 0.05107365548610687 0.5714508891105652
-2.3130807876586914 -0.1411389708518982 -1.0366319417953491
0.38208770751953125 0.8615453839302063 -0.09661683440208435
-2.178574800491333 0.13229921460151672 0.7378906011581421
0.2329193353652954 0.3719542324542999 1.0412648916244507
1.3790873289108276 -0.17395223677158356 0.5309233665466309
-2.3800251483917236 -0.08182433247566223 0.37821677327156067
-1.6685974597930908 -0.1480749249458313 0.6323009133338928
2.7372798919677734 -0.2124631106853485 -0.9116193056106567
-0.3877643346786499 -0.19631779193878174 -0.9430901408195496
-0.5665041208267212 0.2846534252166748 -0.8809624314308167
0.14393946528434753 0.12659697234630585 -0.6143963932991028
-2.247262954711914 -0.096727654337883 0.20578274130821228
-1.893798828125 0.41970720887184143 0.021844223141670227
0.16996967792510986 0.8413739800453186 -0.7769879698753357
2.859712600708008 -0.0688076913356781 -0.08139139413833618
-2.2822813987731934 0.31184151768684387 -0.41412779688835144
0.7996059060096741 0.9444045424461365 -0.08138486742973328
0.5673021078109741 -0.23964977264404297 -1.2710604667663574
-2.648226499557495 0.08898000419139862 0.6579393744468689
-0.31764939427375793 0.7363687753677368 -0.5184996724128723
-1.0897754430770874 -0.0449916273355484 0.42872098088264465
-2.0824851989746094 -0.15972942113876343 0.12008149176836014
2.9222187995910645 0.25296488404273987 -0.4084748923778534
-0.9998131394386292 0.06409040838479996 -0.7164523601531982
-1.1509885787963867 0.1853179633617401 -0.5979271531105042
0.8529698848724365 0.08921777456998825 -0.4699910283088684
1.6590055227279663 0.23313090205192566 -0.558293342590332
-2.5189402103424072 0.1391657590866089 -0.2294614017009735
-1.4565027952194214 0.43045416474342346 -0.6814587116241455
3.123988151550293 0.10376731306314468 -0.09650559723377228
3.014793872833252 -0.2218393087387085 0.01528523862361908
-1.7797564268112183 0.3138156533241272 0.7224979996681213
0.4946913421154022 -0.2441585659980774 0.3970028758049011
2.3242416381835938 -0.025423601269721985 0.4919423460960388
0.6329905986785889 0.26793593168258667 0.735593855381012
0.9047074317932129 0.7949231863021851 0.03590316325426102
2.5229971408843994 0.1332792341709137 -0.1030646562576294
0.6869118213653564 0.9310659170150757 -0.6946831345558167
2.904672622680664 0.41196197271347046 0.1866353154182434
-0.36420801281929016 0.44137632846832275 0.6882503032684326
0.277267187833786 0.6588239669799805 0.7926347851753235
2.0879037380218506 0.11862312257289886 0.1363348811864853
-0.95278000831604 -0.34635359048843384 -1.09495210647583
0.2633900046348572 0.506278395652771 -1.0797724723815918
0.605205774307251 -0.25653812289237976 0.10542455315589905
0.33320656418800354 0.8486585021018982 0.7468124628067017
2.4097514152526855 0.17948898673057556 -0.256705105304718
0.6036383509635925 0.9584061503410339 -0.17938293516635895
0.18242448568344116 0.871405839920044 -0.09787873923778534
-0.7404976487159729 -0.2613493800163269 0.7482373714447021
1.2369557619094849 -0.028096288442611694 -0.22958983480930328
2.7106800079345703 0.3998986780643463 -0.9708861112594604
1.0725300312042236 0.1361696571111679 -0.03014642372727394
1.1021654605865479 -0.14031463861465454 -0.015468014404177666
2.120891571044922 0.29678574204444885 0.4189535081386566
-2.0563313961029053 0.05206296592950821 -1.178790807723999
-0.955228328704834 0.3000742495059967 -0.14866521954536438
1.019182562828064 0.772995114326477 -0.7146210074424744
-0.642829954624176 -0.2439907193183899 0.23172783851623535
-0.6832849383354187 0.5758949518203735 0.39253464341163635
1.1794452667236328 0.2462308704853058 0.11882675439119339
-1.197642207145691 0.016205012798309326 0.20155611634254456
-2.5934829711914062 0.04352486878633499 -1.1243398189544678
-1.3552663326263428 -0.10879714787006378 0.31595978140830994
-1.6766128540039062 -0.15207159519195557 0.4416046440601349
-0.5623592734336853 0.38669639825820923 0.6547710299491882
0.10282842814922333 0.0101909339427948 -0.8160378336906433
-2.6928188800811768 -0.12170663475990295 -0.7074306011199951
0.6641037464141846 -0.18778279423713684 0.8311802744865417
-1.611670732498169 0.4241010248661041 -0.3401247560977936
1.37814199924469 0.30839765071868896 -0.13950808346271515
0.6182392835617065 -0.224155992269516 0.19585676491260529
-2.642894983291626 -0.10024192929267883 -1.074333667755127
0.05193229764699936 -0.013040900230407715 1.1076300144195557
1.0774832963943481 0.6421944499015808 -0.7774595618247986
-1.6892601251602173 0.39799782633781433 -0.9157910943031311
-0.5905607342720032 0.8793357014656067 0.4186992049217224
-0.4014461636543274 -0.24164360761642456 0.44792914390563965
-0.8203869462013245 0.452237606048584 -0.42796480655670166
1.198994517326355 0.1838119626045227 0.14877311885356903
0.55929034948349 0.06880730390548706 0.7228091955184937
1.277185320854187 0.19959817826747894 0.23734205961227417
-0.6370461583137512 0.10220316052436829 -1.2459262609481812
-2.342235565185547 0.26680728793144226 0.6915607452392578
0.15012672543525696 -0.1865861415863037 -1.2086479663848877
2.6552581787109375 0.3820015490055084 -0.20952053368091583
-1.2404557466506958 -0.1035631000995636 0.05760504677891731
1.210551142692566 0.4398614764213562 0.1481175571680069
1.9540331363677979 0.5151392221450806 0.5152692794799805
2.66520619392395 -0.029460802674293518 0.33355265855789185
0.5395561456680298 0.8619360327720642 0.530325710773468
1.0682947635650635 0.6738731861114502 -0.7578243613243103
1.826534628868103 0.49506670236587524 0.13521933555603027
0.6825075149536133 0.27162113785743713 0.7255733609199524
2.153689384460449 0.33630549907684326 0.3758288025856018
2.517029285430908 0.42431968450546265 -0.221133291721344
1.1164753437042236 0.8339056372642517 -0.8973743915557861
2.4046454429626465 0.6691683530807495 -0.12828217446804047
2.3920793533325195 0.40748631954193115 0.34046292304992676
0.900762140750885 0.9465974569320679 0.40987101197242737
0.507789671421051 -0.15502463281154633 -0.7960068583488464
0.9797043204307556 0.034367725253105164 0.19622425734996796
-0.4358413815498352 0.4346180856227875 0.2421361207962036
2.0222692489624023 0.6905096769332886 -0.4028280973434448
0.7687781453132629 0.3208742141723633 0.5608539581298828
1.8001770973205566 0.7245134711265564 -0.44621533155441284
0.9903475642204285 -0.3373604416847229 -0.37960085272789
1.3422633409500122 -0.27712833881378174 0.7600187659263611
1.0480488538742065 0.06234806030988693 -0.721942126750946
1.5753213167190552 0.6493467688560486 -0.044527336955070496
2.1467971801757812 -0.04861663281917572 0.6673734784126282
1.9007799625396729 0.5808017253875732 0.507661759853363
0.6197733283042908 0.9608385562896729 -0.26378533244132996
2.399263858795166 -0.09833735227584839 -0.13416679203510284
-1.1156107187271118 0.17967747151851654 -0.7909290194511414
-0.9801889657974243 0.11006008088588715 -0.7335938215255737
-0.724364161491394 0.8237619996070862 -0.48908087611198425
0.12447483837604523 0.6375406384468079 0.8735182881355286
1.7798289060592651 0.5976344347000122 -0.5758326649665833
-1.1993112564086914 0.4780372977256775 -0.31383195519447327
1.4296979904174805 0.665730357170105 -0.609820544719696
1.0872753858566284 0.896525502204895 -0.28844812512397766
-1.9671815633773804 -0.04914848506450653 -1.1499204635620117
-0.8969213366508484 -0.2571295499801636 0.8584239482879639
0.9056023359298706 0.8113147616386414 -0.48274266719818115
-1.1116456985473633 -0.22112396359443665 0.5219380259513855
2.4346249103546143 0.1435295194387436 -0.8107972741127014
1.4988677501678467 0.1391405612230301 -0.7628178596496582
0.8664186000823975 0.9264234304428101 -0.33587872982025146
0.539433479309082 0.15400822460651398 0.4958771765232086
0.4864211678504944 0.3317900598049164 -1.1495696306228638
-0.8356466293334961 -0.16510018706321716 0.525933563709259
-1.4193099737167358 0.4475705325603485 -0.8069219589233398
2.306962251663208 0.39538002014160156 0.6594536304473877
2.4146883487701416 0.4102790355682373 -0.4761163890361786
2.662031888961792 -0.0018956363201141357 -1.2051775455474854
-1.0945874452590942 0.14670002460479736 0.37555038928985596
2.358833074569702 0.4662427604198456 0.4434891939163208
-1.242210865020752 -0.286751389503479 0.5789889693260193
2.430670976638794 0.20350483059883118 0.6613026857376099
2.80779767036438 0.5085887312889099 -1.041712760925293
0.1972511261701584 0.4142512083053589 -0.9039785265922546
1.5347967147827148 -0.197431743144989 -1.130495309829712
-0.525304913520813 0.8524070382118225 -0.8696304559707642
0.36624106764793396 0.8658987283706665 -0.6020169258117676
-0.6132667660713196 0.6409603953361511 0.37926679849624634
1.5050787925720215 0.0843469426035881 -0.001686817966401577
1.9653425216674805 0.10515527427196503 0.06103920191526413
0.07519399374723434 -0.29822638630867004 -0.4117242097854614
0.18578800559043884 0.8583617210388184 -0.6271389126777649
0.12205876410007477 0.14247427880764008 -0.3574025332927704
3.0477325916290283 0.28357502818107605 0.4489569365978241
-1.681471347808838 -0.0986236035823822 -0.36446985602378845
0.9168972969055176 0.027367308735847473 0.3351442217826843
3.0012152194976807 0.2093336582183838 -0.24281606078147888
-1.0948567390441895 -0.2249298095703125 0.8303409218788147
1.7230205535888672 -0.24540698528289795 0.636461079120636
2.1087894439697266 0.025482177734375 0.6698815226554871
-1.8125923871994019 0.4199691712856293 -0.039594441652297974
1.1239557266235352 0.39456072449684143 -0.8512045741081238
-0.8455784916877747 -0.06826542317867279 -0.6814286708831787
1.5996153354644775 0.24856120347976685 -0.1254516839981079
1.7937686443328857 0.19560882449150085 0.4049539864063263
-2.752476692199707 -0.08668319880962372 -0.22259153425693512
0.5373589992523193 0.8962084054946899 -0.912165641784668
0.9828165769577026 0.8836234211921692 -0.6847221255302429
-1.673200011253357 0.013815417885780334 -1.1855971813201904
-0.2001979649066925 -0.21616239845752716 0.5145571231842041
0.9893859028816223 -0.19510149955749512 -0.1507483273744583
-0.8644839525222778 0.6859596371650696 -0.3312181830406189
-1.3228923082351685 0.23404064774513245 -1.2290281057357788
-1.2079555988311768 0.10949721187353134 -0.6032597422599792
-0.8168219327926636 0.7031225562095642 -0.7606396675109863
0.3532542884349823 0.5563598871231079 0.7748332619667053
-1.233013391494751 -0.009061545133590698 -0.7441315054893494
0.36984026432037354 0.25328701734542847 0.7687944173812866
1.089064598083496 0.08101677149534225 0.22110439836978912
1.7333650588989258 0.4527220129966736 -0.5867878198623657
-0.9091838598251343 -0.0804729163646698 -0.07717156410217285
1.5802217721939087 -0.13738517463207245 -0.7254500389099121
0.9178616404533386 0.8972892165184021 -0.5780831575393677
0.6904316544532776 0.8757578730583191 0.39328068494796753
-0.7402355074882507 0.4674863815307617 0.0753527283668518
2.8818700313568115 0.4165416657924652 -1.1235028505325317
0.8680266737937927 -0.25223976373672485 -0.5376955270767212
-1.4522004127502441 -0.155982106924057 -1.009128451347351
-0.5927383899688721 0.17888788878917694 0.466521680355072
1.9762494564056396 0.23429200053215027 -0.2108449637889862
-0.29127877950668335 -0.35577356815338135 -0.2496919333934784
0.28475484251976013 0.8574609160423279 -0.5497756600379944
-0.8657569885253906 0.6936981081962585 -0.27456772327423096
0.5163821578025818 0.06654327362775803 -0.5248996615409851
1.2348263263702393 -0.19728568196296692 -0.12478984892368317
0.3546755313873291 0.8580725193023682 -0.6805269718170166
2.4067351818084717 0.31541144847869873 0.680993378162384
0.6839367151260376 0.06429892778396606 -0.02293572761118412
-1.873568058013916 0.3346141278743744 -1.1612052917480469
-0.17324279248714447 0.31646662950515747 -0.5258311033248901
0.956425130367279 -0.11110107600688934 -1.223105549812317
0.14112520217895508 0.9885697364807129 0.44165077805519104
0.631765604019165 0.3768567442893982 0.7513571977615356
-0.35402145981788635 -0.26079660654067993 -1.1063588857650757
2.6749637126922607 0.22405293583869934 -0.41165706515312195
2.070411205291748 0.44162678718566895 -0.41605186462402344
-0.5168625712394714 0.7229031920433044 -0.6712066531181335
-0.4871576130390167 -0.14436659216880798 -0.587317705154419
-0.8486376404762268 -0.33811867237091064 0.7582964897155762
0.4500887989997864 0.13240119814872742 0.23191620409488678
-1.166271686553955 0.18802642822265625 -0.09851635247468948
-0.9864842295646667 -0.24012291431427002 -1.2896840572357178
0.49614417552948 0.9511650204658508 -0.5041475296020508
2.351325511932373 -0.14831459522247314 0.4971146583557129
0.42639610171318054 0.9756066203117371 0.24416379630565643
-0.7406126260757446 -0.1773933321237564 -1.3051185607910156
2.502039670944214 0.3989025950431824 -0.6392402648925781
-2.5471129417419434 0.09719846397638321 0.45246410369873047
-1.184516191482544 -0.06775277853012085 -1.2251019477844238
1.444912075996399 0.4056577682495117 -1.137745976448059
0.19321656227111816 0.8462279438972473 0.550423800945282
-0.11774495989084244 -0.16415655612945557 0.4058184027671814
0.9529706835746765 -0.16842558979988098 -0.9959207773208618
1.7709046602249146 0.20662017166614532 -1.0865410566329956
-1.2667720317840576 0.10630697011947632 0.42336493730545044
2.553452491760254 -0.10239705443382263 -0.6065899729728699
-1.162428617477417 0.4119890332221985 0.2734028398990631
-0.49301353096961975 0.21081005036830902 0.693046510219574
1.4837590456008911 -0.26764053106307983 -0.4585705101490021
0.50143963098526 -0.15785114467144012 -0.9462868571281433
0.7660467028617859 -0.2524856626987457 -0.22186556458473206
0.41677138209342957 0.1972736269235611 0.64520663022995
1.2667275667190552 -0.0437515527009964 -1.2010719776153564
2.8945250511169434 0.2686207890510559 -0.4282303750514984
1.8930336236953735 0.49962273240089417 -0.061419691890478134
1.6921627521514893 0.2073533833026886 0.3244059681892395
1.0219563245773315 0.7783436179161072 0.8541313409805298
-1.8858678340911865 0.07718147337436676 -1.1863387823104858
-0.9683005213737488 -0.01889045536518097 0.7935981750488281
2.7115182876586914 0.09574873745441437 0.6404066681861877
-2.1379456520080566 -0.02624267339706421 0.7612581253051758
3.157325029373169 -0.19641950726509094 -0.9759927988052368
2.494206428527832 0.11833430826663971 0.21418331563472748
-2.286067008972168 0.3204936981201172 0.134086012840271
1.1192947626113892 0.0867563933134079 -0.9546204805374146
-0.09667973220348358 0.8620225191116333 -0.2652868330478668
0.26429522037506104 0.11235222965478897 -0.34887200593948364
1.4766833782196045 -0.24489182233810425 0.0003312835469841957
2.880770206451416 0.2073497772216797 0.6771289110183716
1.7129302024841309 0.1344074010848999 0.33423858880996704
-0.9441189169883728 0.19648347795009613 0.44818922877311707
0.47819381952285767 0.15154887735843658 -0.998223602771759
-0.6514577865600586 -0.23725619912147522 0.007025319151580334
0.580706000328064 -0.012710243463516235 -0.9721295833587646
-1.9488487243652344 -0.21509456634521484 0.5353204011917114
2.0099751949310303 -0.1349899172782898 0.17870652675628662
-0.1332152783870697 0.9467779397964478 0.45258766412734985
1.190397024154663 0.15095694363117218 0.22512389719486237
0.15179207921028137 -0.2901591360569 -0.36762306094169617
-0.42441147565841675 0.07130003720521927 -0.9390302300453186
-0.056940916925668716 0.3607848286628723 -0.830551028251648
-0.3497084081172943 0.9282451272010803 -0.12514753639698029
2.7548372745513916 0.42015209794044495 -1.0012606382369995
-1.271655797958374 0.020577028393745422 0.5544984936714172
0.026555273681879044 0.21612082421779633 -0.8407318592071533
-0.05364212021231651 0.12028545886278152 -0.6417085528373718
-0.4805198013782501 -0.10009445250034332 -0.899894654750824
2.5158777236938477 0.5940893888473511 -0.49329957365989685
1.7932806015014648 -0.0363016277551651 0.22233694791793823
-0.9374880194664001 0.4437723159790039 -0.8427260518074036
0.13297951221466064 0.5746172070503235 0.6752727031707764
0.604399561882019 -0.2990171015262604 -0.5761522650718689
1.5858339071273804 0.543769359588623 0.07363157719373703
0.2588675618171692 -0.294741153717041 -0.2823496460914612
1.283909559249878 -0.2770147919654846 0.7128740549087524
1.7904373407363892 0.6356498599052429 0.04644796997308731
0.3827347755432129 0.38636016845703125 -1.1351268291473389
-1.1663885116577148 0.4634295105934143 0.3186092972755432
0.3934498131275177 0.4165814518928528 -0.8281692266464233
-1.5453389883041382 -0.005738362669944763 0.06935721635818481
1.1151612997055054 0.3197537660598755 0.7166768908500671
-1.1045295000076294 -0.08313795924186707 -0.9687110781669617
0.7944512963294983 0.21090756356716156 -0.9142629504203796
0.13055840134620667 0.3375353217124939 -1.131521463394165
0.33460721373558044 0.9000291228294373 0.7666070461273193
3.148327112197876 -0.06295789778232574 0.571661651134491
-1.1950807571411133 -0.03361564874649048 -1.2354105710983276
-2.270106554031372 0.32876741886138916 -0.742717981338501
0.7883741855621338 0.9624469876289368 0.42548879981040955
-0.47431179881095886 0.21540230512619019 0.34209513664245605
0.7795635461807251 0.33651673793792725 -1.1687450408935547
0.560066282749176 0.0668882429599762 -0.13586342334747314
-1.5313477516174316 -0.06647233664989471 0.7443321943283081
-1.0992273092269897 0.0751061663031578 -0.1262962967157364
0.10545997321605682 -0.13826537132263184 0.42765793204307556
2.354567527770996 0.4764126241207123 0.46094420552253723
1.0172408819198608 -0.08544449508190155 -1.1956466436386108
-1.0474600791931152 0.5276561975479126 0.49670764803886414
1.4476206302642822 0.1823120415210724 -0.36818236112594604
0.2842539846897125 0.4336894750595093 0.9209433794021606
1.2474080324172974 0.009185835719108582 -0.006831602193415165
-0.351898729801178 0.7704522013664246 -0.5709702968597412
-2.7149672508239746 -0.06631870567798615 -0.21409405767917633
0.23539409041404724 0.527873694896698 -0.96983402967453
-0.6974971294403076 0.39797499775886536 -1.0985530614852905
-0.47722482681274414 0.14083682000637054 -0.9472869038581848
1.0040168762207031 0.3051663935184479 0.7000419497489929
2.1140027046203613 0.5531724691390991 -0.7895049452781677
0.9220231771469116 0.6076812744140625 -0.8959531784057617
2.060549259185791 0.25570058822631836 -1.1608608961105347
-2.4350411891937256 -0.14809417724609375 0.07404531538486481
-0.4339798092842102 0.2340906411409378 -0.6490375399589539
2.029155731201172 0.287037193775177 0.36570754647254944
-1.465772032737732 0.3746497333049774 -1.17477285861969
0.8247018456459045 0.042231835424900055 -1.1871439218521118
0.9312856197357178 0.29216739535331726 0.5238324999809265
-0.3746607005596161 0.9188834428787231 0.5646549463272095
-0.26868772506713867 -0.19767487049102783 -1.28813636302948
1.7378052473068237 0.203005850315094 -0.04062843322753906
2.777388572692871 -0.03059898316860199 -0.28005528450012207
-2.0627212524414062 -0.14950838685035706 -0.5374751687049866
2.4162330627441406 -0.08988736569881439 -0.36707186698913574
-0.17830541729927063 0.026861071586608887 0.6744468212127686
2.4337191581726074 0.6198961734771729 -0.5430145263671875
1.760511875152588 0.09390976279973984 0.13925547897815704
1.5304896831512451 -0.19937404990196228 -0.2533499598503113
-0.49683913588523865 0.6695586442947388 -0.6890978217124939
-1.2364885807037354 -0.05360913276672363 -0.46531277894973755
-1.3354357481002808 0.10984139889478683 0.6479083299636841
-1.4045313596725464 0.06394539773464203 0.271312415599823
1.2272847890853882 0.15812034904956818 0.07411897927522659
2.7717461585998535 -0.12483157217502594 -0.6643059849739075
1.144728183746338 0.47946324944496155 0.07032513618469238
0.8697607517242432 0.7987802028656006 0.3252657353878021
0.3961299657821655 0.913704514503479 0.7543177008628845
-2.30100154876709 0.26237449049949646 0.72100830078125
0.7875398397445679 0.07956872880458832 -0.1838977187871933
1.1690362691879272 0.7810046076774597 0.03850107640028
1.0227582454681396 0.7763271331787109 -0.30271896719932556
1.8741790056228638 0.31175151467323303 0.677076518535614
2.0109751224517822 0.3207129240036011 0.47587263584136963
2.7728962898254395 0.13078059256076813 0.017377886921167374
-0.9897193312644958 -0.15132175385951996 0.8310189247131348
-0.13190531730651855 0.07209530472755432 0.13900630176067352
-0.04367033392190933 0.6174889802932739 0.6930645704269409
2.2937941551208496 -0.05240945518016815 0.10891079902648926
-0.05661609023809433 0.7607307434082031 0.8662461042404175
1.1318514347076416 0.0893591046333313 0.16032040119171143
-2.6249356269836426 -0.1367422342300415 -0.6567699909210205
-2.2610819339752197 -0.0907273143529892 0.2184177041053772
0.5064380764961243 0.9680745005607605 0.07333990186452866
2.5143380165100098 0.47980770468711853 -1.103168249130249
-0.38074827194213867 0.9354802966117859 -0.29875272512435913
1.870260238647461 0.3039993643760681 -0.8871407508850098
1.4956793785095215 0.21378977596759796 -0.09070077538490295
-0.17257988452911377 0.8389372229576111 -0.4985159635543823
1.3465850353240967 -0.19314773380756378 0.7995947599411011
-1.2112281322479248 0.24989748001098633 -1.2480195760726929
-0.3120221495628357 0.2489943504333496 0.6826519966125488
-0.028329186141490936 -0.2689874768257141 -0.2732807397842407
-0.9365907311439514 -0.10850067436695099 -1.0153250694274902
-0.2626318037509918 0.7636784315109253 0.7325453758239746
3.13535737991333 0.025942787528038025 0.3127676546573639
1.6833457946777344 0.13647609949111938 0.644393265247345
-1.4086378812789917 -0.21737325191497803 0.47440290451049805
-0.8134652972221375 0.6666532158851624 -0.7137271761894226
1.3042839765548706 0.334108829498291 0.07745970785617828
-0.6150068044662476 -0.23699793219566345 0.7398287057876587
0.1798381209373474 0.9937697649002075 0.633979856967926
2.0411577224731445 0.3972443640232086 -0.6584473252296448
1.0204758644104004 0.05299025774002075 -0.20707446336746216
-0.7146763801574707 -0.3875110149383545 -1.2750060558319092
1.0027425289154053 0.0477481335401535 -0.45506271719932556
0.46850287914276123 0.8504365086555481 -0.8006699681282043
0.087647944688797 0.9239751696586609 0.7526223063468933
0.32214879989624023 -0.2807777225971222 -0.5072424411773682
2.290281295776367 0.4235828220844269 -0.7836308479309082
1.3063353300094604 -0.12129445374011993 -0.1107303649187088
2.371091365814209 0.4493224024772644 -0.4516666829586029
0.8673737645149231 0.951079249382019 0.3768596947193146
1.7107294797897339 -0.15153518319129944 -0.3318241536617279
0.8229219913482666 -0.09305261075496674 -1.0495446920394897
2.2459654808044434 0.2082582712173462 -0.8709908127784729
-0.8340821266174316 0.23835018277168274 -0.8367254137992859
-0.7749349474906921 -0.21910077333450317 0.5534781217575073
0.7287163734436035 0.8268433809280396 -0.2071789801120758
0.5119098424911499 0.17507775127887726 -0.8083041310310364
-0.15454041957855225 0.5510669946670532 -1.031907081604004
1.8634445667266846 0.6456526517868042 -0.2435046136379242
-0.5341441035270691 0.894444465637207 -0.052225641906261444
2.388267993927002 0.5820831060409546 0.009076442569494247
-0.7621460556983948 -0.08771733939647675 -0.26111578941345215
-0.44045647978782654 0.9090900421142578 -0.5817742943763733
2.370319128036499 -0.16364073753356934 -0.23094382882118225
-1.8665087223052979 0.39837849140167236 0.48643410205841064
-0.13823744654655457 0.06937991827726364 -0.02902495115995407
-1.9791793823242188 -0.09918010234832764 -0.031861111521720886
1.2684205770492554 0.7506943941116333 -0.17154693603515625
1.625471591949463 0.3852795660495758 0.1716259866952896
1.1338387727737427 0.3643247187137604 -0.5933791995048523
-2.012641429901123 -0.05404658615589142 0.7081068158149719
-0.19115616381168365 -0.24379771947860718 0.20701344311237335
0.04820924997329712 0.059013061225414276 1.2009962797164917
-0.8291951417922974 0.5621817111968994 -0.8302271962165833
-0.5336179137229919 -0.11207172274589539 -0.8245741128921509
-1.3601124286651611 0.035786256194114685 -0.07289813458919525
0.7292488217353821 0.8689073324203491 0.49026212096214294
2.468613624572754 0.07597259432077408 0.021844778209924698
-0.17440684139728546 0.07467116415500641 -0.22215093672275543
-2.675325870513916 -0.1696031391620636 0.7942411303520203
0.1913938820362091 0.13347381353378296 0.6805748343467712
-2.544504404067993 0.11481736600399017 -0.257252037525177
1.1905192136764526 0.8016892075538635 -0.8072794079780579
0.2896708846092224 0.8716973066329956 -0.21419860422611237
-0.20565563440322876 0.34787631034851074 -0.5464448928833008
0.4406317472457886 0.22235050797462463 0.627434492111206
-0.9130794405937195 -0.2013476938009262 0.518591582775116
-0.5874667167663574 0.25842440128326416 -0.28891345858573914
-1.2599711418151855 -0.07722337543964386 0.7019045948982239
1.8325059413909912 0.5060912370681763 -0.12779627740383148
-0.45914706587791443 0.35871660709381104 0.24340492486953735
0.21853995323181152 0.4965296685695648 -1.0688281059265137
3.01743483543396 0.345356822013855 0.4158611595630646
-0.21639767289161682 -0.24895590543746948 0.5296213030815125
-2.2450222969055176 -0.10036061704158783 -0.8653935194015503
1.6570029258728027 0.6300923824310303 -0.6720559000968933
1.122336745262146 0.7704675793647766 -0.2146894782781601
0.27145424485206604 -0.1815047562122345 0.3323723375797272
1.4289119243621826 0.44502103328704834 -0.07905811816453934
2.68686580657959 -0.2863268256187439 -1.1207995414733887
1.571976900100708 0.4802616238594055 0.15928548574447632
2.8479769229888916 0.2805364727973938 0.6655705571174622
0.13497793674468994 0.3126891553401947 -0.920600175857544
1.2286596298217773 0.4799022972583771 -0.5008404850959778
1.0391650199890137 0.415020227432251 0.5010338425636292
-0.59246826171875 -0.10705582797527313 0.18943975865840912
1.2484029531478882 0.6081815958023071 0.7493807673454285
-1.3866358995437622 0.3260384202003479 -1.212077260017395
2.6836044788360596 0.0712246224284172 -0.8053367733955383
1.1880006790161133 0.622905969619751 0.320215106010437
2.0491576194763184 0.45845192670822144 -0.0598793663084507
2.1794228553771973 0.14014661312103271 -0.5322024822235107
2.892671823501587 0.14584356546401978 -0.49678266048431396
2.9170050621032715 0.3546949326992035 -0.5869813561439514
2.8351268768310547 0.29584091901779175 0.394822895526886
-0.2471027970314026 -0.03703582286834717 0.6676161289215088
0.6163183450698853 0.13366355001926422 0.5837991833686829
2.9299428462982178 0.3023930490016937 -0.12353692948818207
-0.5736814737319946 0.2948898673057556 0.4516664743423462
-2.580530881881714 0.12605498731136322 0.5761005282402039
-2.135596990585327 0.38537973165512085 -0.27324986457824707
-1.3306430578231812 -0.16845199465751648 0.584121584892273
-0.9392539858818054 -0.2678457796573639 0.7802706360816956
-0.759654700756073 0.44759273529052734 0.44228091835975647
1.328913688659668 0.21171364188194275 -0.465853214263916
-1.4324818849563599 0.039188265800476074 0.6837589740753174
1.5890141725540161 0.6496849060058594 -0.2857317626476288
2.7813832759857178 0.0281674861907959 -0.7433211803436279
0.42214155197143555 0.9767334461212158 0.2751885652542114
-0.5069164037704468 -0.22918617725372314 0.5976899266242981
2.5354819297790527 0.403607040643692 -0.13610567152500153
-0.17969761788845062 0.950652539730072 0.5627392530441284
-0.3353361487388611 0.19854764640331268 -0.07804442942142487
0.6186813116073608 0.9536682367324829 0.5853102803230286
1.2815181016921997 0.4353586435317993 -0.07391073554754257
1.6235177516937256 -0.17476093769073486 0.3460736572742462
2.1418137550354004 0.3593459725379944 -0.013198315165936947
0.10219400376081467 0.944800078868866 -0.7658485770225525
-1.2476263046264648 -0.06888523697853088 0.30397164821624756
2.629274845123291 0.4106498956680298 -0.3105027377605438
-1.2910548448562622 0.06425660848617554 0.09145250916481018
-0.9414627552032471 0.1818002611398697 -1.299819827079773
-0.18216317892074585 0.1401953399181366 -0.8996308445930481
0.5611042976379395 0.9537090063095093 -0.6849026083946228
0.6439841389656067 -0.18633852899074554 0.07116711139678955
2.0733697414398193 0.543092668056488 0.4695854187011719
-2.5422627925872803 -0.1397409737110138 0.38294318318367004
1.6550116539001465 0.245510995388031 -0.10881058126688004
0.8206085562705994 0.09769599884748459 -0.858184814453125
0.35727667808532715 -0.15385687351226807 -0.9445974826812744
-0.6365681886672974 0.8730383515357971 -0.4306553304195404
2.9841952323913574 0.24903139472007751 -0.2399122267961502
-1.0646542310714722 -0.06301935017108917 -1.2879348993301392
2.1198644638061523 0.12487286329269409 -0.5400766730308533
1.660402536392212 0.41424185037612915 0.04426433518528938
0.16855299472808838 0.9386727809906006 -0.6735001802444458
2.403442621231079 -0.2246379554271698 -0.8252536058425903
2.6855053901672363 -0.03373238444328308 0.2955748736858368
1.7513595819473267 -0.1881086826324463 -1.145302414894104
0.5005660653114319 0.4962364435195923 -1.0038394927978516
0.825562059879303 0.22550398111343384 0.7164547443389893
3.0650508403778076 0.07791635394096375 -0.445446640253067
-1.1756359338760376 0.4261851906776428 -0.831492006778717
2.835242748260498 -0.07762444019317627 -0.4089295268058777
1.2176591157913208 0.6569802761077881 -0.04124925658106804
-0.662699282169342 0.2957705855369568 -1.2615176439285278
-0.5405879020690918 -0.015995845198631287 -0.6816484928131104
2.834587335586548 -0.16889290511608124 -1.0229448080062866
1.8654167652130127 0.3997519016265869 -1.0751506090164185
1.2562389373779297 0.5072427988052368 -0.4013603925704956
1.5463041067123413 0.1634499877691269 0.2673191726207733
-0.4594331681728363 0.19787615537643433 0.37746310234069824
1.296154260635376 0.23573820292949677 0.2972007691860199
1.0001903772354126 -0.14615710079669952 -0.7550380229949951
-0.009898670017719269 0.8146573901176453 0.4735376238822937
1.2308074235916138 0.3158523440361023 0.3751281201839447
0.7247220873832703 -0.19607500731945038 0.851033091545105
-1.669709324836731 0.3437750041484833 -1.17628014087677
-0.37781938910484314 0.3865206837654114 -0.635251522064209
-0.5865471363067627 -0.238719642162323 -0.5796934366226196
2.4109299182891846 0.087058886885643 -0.7408435344696045
3.2503278255462646 0.06495922803878784 -0.9412798881530762
-0.6515635251998901 0.12001508474349976 0.24623996019363403
-0.2012171745300293 0.2919575572013855 -0.8732682466506958
2.4872355461120605 0.3161250352859497 -0.2840123772621155
-0.40447989106178284 0.30323952436447144 0.23178590834140778
1.580062985420227 0.30858317017555237 -0.820271909236908
-1.5319188833236694 -0.03384396433830261 -0.7607319355010986
-2.378086566925049 0.24407827854156494 -1.1517225503921509
-0.6797108054161072 -0.1990589201450348 0.4222490191459656
1.8842071294784546 0.2846222221851349 -0.9674611687660217
-0.4523640275001526 -0.26290422677993774 -0.044209763407707214
2.443917989730835 -0.13143491744995117 -1.1635857820510864
1.7628101110458374 0.6393048763275146 -0.7863848805427551
-0.2623169422149658 0.7757558226585388 0.36936086416244507
1.8404959440231323 -0.187735915184021 0.7021123766899109
2.43184232711792 0.586787223815918 0.06496251374483109
0.8471121191978455 0.9348707795143127 -0.14962011575698853
2.9666481018066406 -0.31949788331985474 -1.0838242769241333
2.0303053855895996 0.2630813419818878 0.44608163833618164
2.5352511405944824 0.4320535361766815 -0.5702362656593323
-0.07757146656513214 0.22594185173511505 -1.1296381950378418
1.7614612579345703 0.49787047505378723 -0.3246292769908905
-2.663918972015381 -0.01051686704158783 -0.34375983476638794
2.389486074447632 0.16673308610916138 -1.1645727157592773
-0.7188465595245361 -0.20307683944702148 -0.3960820734500885
2.27168607711792 -0.20377278327941895 -0.9650484919548035
2.200930118560791 -0.12330038845539093 0.225214421749115
-2.2754392623901367 0.30179113149642944 -1.1090070009231567
-0.7044656872749329 0.2623593807220459 -0.23172561824321747
-1.193109154701233 0.17313900589942932 -0.06039133295416832
-0.7501122951507568 0.36840665340423584 -1.0743001699447632
3.075730800628662 -0.17865312099456787 0.11838622391223907
2.480816125869751 -0.025852203369140625 -0.8781912326812744
0.21678626537322998 0.39761894941329956 1.035320520401001
0.004138115793466568 0.8417346477508545 0.4063349664211273
0.5513341426849365 0.07381780445575714 -0.3516942262649536
0.10357256233692169 0.9561995267868042 -0.3469829857349396
0.7144424319267273 -0.19815902411937714 0.16076548397541046
0.26524925231933594 0.9752392172813416 0.2965857982635498
2.5913679599761963 0.4891086220741272 -0.420815110206604
0.757439374923706 0.9146639108657837 -0.08535115420818329
2.1724355220794678 0.5200601816177368 0.5429368615150452
-2.3186872005462646 0.29559648036956787 -0.24183642864227295
-0.13687211275100708 0.21266116201877594 0.4772171378135681
0.3156002163887024 1.0061028003692627 0.5134583711624146
-0.8809001445770264 0.4400230050086975 -1.0149612426757812
-1.615066409111023 0.2136748731136322 0.7504715323448181
2.0569519996643066 0.512895405292511 -0.4758013188838959
-0.5146123170852661 0.2847987413406372 -0.6161062121391296
-1.1178628206253052 0.21214836835861206 -0.866082489490509
0.08444206416606903 0.5166037082672119 0.9345179796218872
0.3672758936882019 0.8604214191436768 -0.7218972444534302
1.6688612699508667 -0.1167835146188736 -0.6209824085235596
-0.33832162618637085 0.7919299602508545 0.2278655767440796
2.505099296569824 0.40662094950675964 -1.2350863218307495
-0.6347891688346863 0.43213951587677 -1.067604422569275
-2.325197458267212 0.31240513920783997 0.20167984068393707
-0.5720123052597046 -0.27227747440338135 0.6080062389373779
-1.3244997262954712 0.1051168441772461 -0.7672445774078369
0.8458812236785889 0.31406885385513306 0.542091429233551
1.6303433179855347 0.5571969747543335 -0.04912569373846054
2.238943099975586 -0.16826850175857544 -1.0385006666183472
-0.4005700945854187 0.12871137261390686 -0.07958278805017471
0.3780926465988159 0.07221295684576035 0.6657207012176514
1.491382122039795 0.3255166709423065 0.13317573070526123
0.40360862016677856 0.08574646711349487 -0.5526024103164673
-0.504794180393219 0.13975851237773895 -0.9197214245796204
2.4494285583496094 0.020483627915382385 0.09497050195932388
1.5814359188079834 0.6419052481651306 0.09407281875610352
2.169180393218994 0.685956597328186 -0.22400707006454468
-1.593421220779419 -0.06948855519294739 -0.2887914180755615
1.2718820571899414 0.5368139147758484 0.44265517592430115
-1.463069200515747 -0.029391661286354065 0.1774890273809433
2.2748234272003174 0.46531930565834045 -0.18977762758731842
1.4099373817443848 0.6549044251441956 0.16640900075435638
2.321826934814453 -0.12207503616809845 0.45519909262657166
2.2375288009643555 -0.17926371097564697 -0.5157880187034607
0.3665635883808136 -0.13964581489562988 -1.138899564743042
1.0524159669876099 0.9284575581550598 0.1053863987326622
1.8022499084472656 0.153396874666214 0.2664623558521271
1.159064531326294 -0.2446001172065735 -0.3247005045413971
-0.439723402261734 0.4266255497932434 -0.7722407579421997
-0.26400405168533325 0.7978165745735168 0.022613530978560448
-2.381500482559204 0.0707777589559555 -1.1706366539001465
1.4160301685333252 -0.16397146880626678 0.24939587712287903
2.116881847381592 0.4536937177181244 -1.163368582725525
0.9445497989654541 0.895050585269928 0.685919463634491
0.5660447478294373 0.9603307247161865 -0.1473466455936432
-0.7782394886016846 -0.11778265237808228 -0.009739632718265057
-0.5988104343414307 0.4681239724159241 0.39756137132644653
-1.0728118419647217 -0.2584899365901947 0.8134365081787109
-1.177205204963684 -0.1499113142490387 0.33542734384536743
0.6710206270217896 0.3622596859931946 0.5984166264533997
2.0250372886657715 0.3959214985370636 0.4253726899623871
-1.4525375366210938 -0.044323310256004333 -0.6195628643035889
1.2239313125610352 0.22529320418834686 -0.3728880286216736
-0.4975579082965851 -0.32417982816696167 -1.3299083709716797
0.8605607748031616 0.49175599217414856 -0.900854766368866
-2.781597375869751 -0.08055393397808075 0.20227980613708496
0.1495828628540039 0.4091641306877136 -1.0718485116958618
-2.5736072063446045 -0.1635284721851349 0.021189352497458458
-0.4901250898838043 0.1426895707845688 0.21786697208881378
-0.670883059501648 -0.1047552227973938 -0.7572858929634094
-0.5615148544311523 -0.3197416365146637 -1.3507486581802368
1.394087791442871 0.17327828705310822 -0.0889962911605835
-0.8524633646011353 0.33856087923049927 -0.45950430631637573
0.4396623373031616 0.9678243398666382 -0.4673612713813782
2.4211971759796143 -0.003581434488296509 -1.1801865100860596
2.598334789276123 -0.02041567862033844 0.2769136428833008
2.187263011932373 0.12368708848953247 -0.07053588330745697
2.148317813873291 -0.1350119411945343 0.6274433732032776
-2.35164475440979 -0.12876391410827637 -1.039894461631775
1.2134050130844116 0.18730933964252472 -1.1718103885650635
2.2113654613494873 0.2827354073524475 0.42573198676109314
-0.9835334420204163 0.12288399040699005 0.49127212166786194
-0.19389474391937256 0.8725987672805786 0.7309172749519348
0.5403438806533813 0.9691948294639587 -0.2983716130256653
1.2367652654647827 0.6369444131851196 -0.8999320864677429
-1.197148084640503 0.06224577873945236 0.0646684393286705
0.6310945749282837 -0.23542548716068268 -0.27641695737838745
0.1034402996301651 -0.23457837104797363 1.0420337915420532
0.7574011087417603 0.3808792233467102 -0.9146672487258911
-1.7307720184326172 -0.11469230055809021 -0.9048611521720886
1.2757328748703003 0.27461981773376465 0.04782137647271156
1.2104384899139404 0.6374902725219727 0.07909554243087769
-0.09244976192712784 0.9202714562416077 -0.8051614761352539
-0.6920280456542969 0.2248426377773285 0.2629516124725342
-1.9084199666976929 0.3852238655090332 0.5452380776405334
-0.5944415330886841 0.09187401086091995 -0.9019390344619751
3.145127773284912 0.03652085363864899 0.10157543420791626
0.3764435648918152 0.9609706997871399 0.6692474484443665
1.3530608415603638 0.5029904246330261 -0.20562942326068878
-1.9565736055374146 0.38182303309440613 0.46906590461730957
0.4109496772289276 0.9487282633781433 -0.5342025756835938
0.31856009364128113 0.09890396147966385 -0.1580052673816681
-0.4646183252334595 0.8376545906066895 -0.8877531886100769
2.407170295715332 -0.1580989956855774 0.23274052143096924
2.2944796085357666 -0.1530517339706421 -0.08877156674861908
-0.6711223125457764 0.2938077449798584 -0.10119606554508209
1.231059193611145 -0.1618000864982605 -0.7781922817230225
1.019835114479065 -0.11761996150016785 -0.7086133360862732
-0.6601552963256836 0.8482269048690796 0.45586851239204407
0.5862002372741699 0.05379535257816315 -0.10976547747850418
-1.7579407691955566 0.11474242806434631 -1.1901812553405762
2.5680480003356934 0.27806252241134644 0.24230821430683136
0.3003072738647461 0.8718679547309875 0.18934398889541626
0.009542860090732574 0.3426780700683594 -0.9591457843780518
2.0635576248168945 0.586066722869873 -0.8000936508178711
-0.8962512016296387 0.0035469084978103638 0.19353526830673218
1.807774543762207 0.3736015558242798 -0.5789743661880493
1.5207828283309937 0.19617173075675964 -0.10517893731594086
2.4505984783172607 0.4050617516040802 0.6536736488342285
-0.37302932143211365 -0.19911080598831177 -0.9702889919281006
0.06260432302951813 0.2792433500289917 0.7139679789543152
2.2162704467773438 0.6911183595657349 -0.1474577933549881
-1.806191086769104 0.04725605249404907 0.7055384516716003
2.2423415184020996 -0.21106889843940735 -1.1098682880401611
1.1709803342819214 0.48650020360946655 -0.7223888635635376
2.825904130935669 0.32889723777770996 -0.7841042876243591
-0.9737460613250732 0.1635986715555191 0.4597765803337097
0.7342319488525391 -0.19901271164417267 0.2683049440383911
-0.3892892003059387 0.7871272563934326 0.2758404016494751
1.7237842082977295 0.4966392517089844 -0.07653868943452835
-2.414196252822876 -0.04975481331348419 0.7308168411254883
0.6884199976921082 0.8860039710998535 0.6022753119468689
0.7262047529220581 0.04015534371137619 0.6961947679519653
2.6104533672332764 0.25173330307006836 -1.2791692018508911
-0.425171822309494 0.8060134649276733 -0.027138395234942436
0.8926867842674255 0.8344423770904541 0.3085274398326874
0.015676729381084442 0.8027120232582092 0.6732632517814636
0.8625577688217163 0.8656138777732849 -0.9801340103149414
-2.5410873889923096 -0.1433565616607666 0.09850195795297623
0.31086820363998413 0.10857073962688446 -0.34311091899871826
0.22379831969738007 -0.05660487711429596 -0.8758248090744019
-0.7731650471687317 0.05513634532690048 0.3370475471019745
-0.05001986026763916 0.23437416553497314 -0.7930073738098145
2.0448577404022217 0.7003468871116638 -0.438936322927475
-0.6587566137313843 0.8268658518791199 -0.7032642960548401
-0.9741533994674683 0.2239495813846588 -0.2649340331554413
1.9089504480361938 0.6707229018211365 -0.4145195484161377
0.4859825670719147 0.2587950825691223 -0.9102163314819336
2.6812145709991455 0.3018130660057068 -0.4772721230983734
-0.849452555179596 0.7473099827766418 0.2076546847820282
0.00631372258067131 0.13659681379795074 0.28647735714912415
1.3525372743606567 0.2676622271537781 0.29804834723472595
1.6212228536605835 0.12019947171211243 -0.17518876492977142
2.422339916229248 0.5052381753921509 -0.7131170630455017
-0.2124122679233551 0.25526976585388184 -1.145060658454895
-2.785891056060791 -0.055984705686569214 0.4462815225124359
3.120678424835205 -0.18937745690345764 0.3915669322013855
1.1550493240356445 0.5433471202850342 -0.7788035869598389
1.6575424671173096 0.1882975846529007 -0.604117751121521
2.8105411529541016 -0.1768980324268341 0.23520149290561676
0.09603637456893921 0.9614953398704529 -0.24661336839199066
-0.12364378571510315 0.9257540702819824 0.6895896792411804
1.222944736480713 -0.30459070205688477 -0.4924890398979187
-2.6083762645721436 -0.15873181819915771 -0.5825321078300476
-1.288287878036499 0.0455627366900444 -0.09316987544298172
1.7757068872451782 0.5910637974739075 0.4203229546546936
-0.8371716141700745 0.1665404587984085 -0.893501877784729
-1.4459456205368042 0.03125063329935074 -0.4608611464500427
-1.370097279548645 0.40985599160194397 -0.7436156868934631
2.182997941970825 -0.02466660737991333 0.31962665915489197
1.9005277156829834 0.0998702272772789 0.673554003238678
-0.24988363683223724 0.9459995031356812 -0.0785447433590889
2.8323755264282227 -0.09063565731048584 0.16195625066757202
-0.22728347778320312 0.8240099549293518 0.7918662428855896
2.705500602722168 0.3762001395225525 0.43056464195251465
-1.5025430917739868 0.007034510374069214 -0.6549463272094727
0.7605953216552734 0.3534358739852905 0.7271589636802673
3.134631633758545 0.048561111092567444 0.0689288005232811
1.1575062274932861 0.5412862300872803 0.5017557740211487
-0.9926034808158875 0.1196974590420723 0.46720486879348755
2.9000301361083984 -0.20676377415657043 0.16732650995254517
0.011000137776136398 0.0620417445898056 -0.8937380313873291
1.2713541984558105 0.24209684133529663 0.6695367693901062
-0.5866441130638123 0.2021220326423645 0.09473716467618942
-0.8000378608703613 0.7929471731185913 0.011033172719180584
0.527902364730835 0.9638952016830444 0.5423969626426697
1.1765562295913696 0.1150120422244072 -0.891029953956604
-2.070627212524414 0.36978045105934143 -1.0146291255950928
1.621160626411438 -0.21130549907684326 0.7644150257110596
-1.1647086143493652 0.06314205378293991 -1.2559525966644287
-0.5910950303077698 -0.1473814994096756 0.7323836088180542
-1.7866435050964355 0.4052705466747284 0.11443633586168289
-0.03407161310315132 0.9685116410255432 0.1819009780883789
-1.4119065999984741 0.4355745017528534 -0.37761783599853516
0.9941660761833191 0.790347158908844 0.34462568163871765
0.14924022555351257 0.9629456996917725 -0.2699167728424072
2.9154441356658936 0.18448111414909363 -0.43231502175331116
-0.7182629108428955 0.8022804856300354 -0.7599523663520813
1.9764052629470825 0.09248659759759903 0.30990493297576904
0.33886590600013733 -0.2748892605304718 0.15763089060783386
-1.0956394672393799 0.1782001256942749 0.7347285151481628
-2.6939918994903564 -0.1577017605304718 0.24395008385181427
-2.5796470642089844 0.012407466769218445 -0.4529517590999603
0.08730052411556244 0.31542885303497314 1.1246516704559326
-0.8121526837348938 0.7607280015945435 -0.47383344173431396
-1.5266129970550537 -0.0052468180656433105 0.04024682939052582
-1.0282937288284302 0.41528356075286865 0.38327109813690186
-1.1500118970870972 0.24795019626617432 -0.7088057398796082
0.08328493684530258 0.7795853614807129 0.6499977707862854
2.105083703994751 0.0878964513540268 -0.23625335097312927
0.8409864902496338 -0.012765973806381226 -0.9559428691864014
-2.2143406867980957 -0.0943622887134552 0.4161578416824341
-0.06848916411399841 0.3030548095703125 0.17922715842723846
-2.508183240890503 0.14253254234790802 0.18947327136993408
0.19068783521652222 0.9490229487419128 -0.45881378650665283
1.1054580211639404 0.47484445571899414 -0.8283356428146362
-0.5037646889686584 0.5851640701293945 -0.7153537273406982
1.3982386589050293 0.4639405608177185 -1.0980089902877808
-0.19166448712348938 0.7312867641448975 -0.9187789559364319
-0.020525626838207245 0.7723643183708191 0.8131934404373169
2.182056188583374 0.4734552204608917 -0.23034906387329102
0.06038428843021393 -0.20709726214408875 1.2725111246109009
-0.7807525396347046 0.17253991961479187 -0.6131710410118103
1.4591379165649414 0.20288673043251038 -0.7344784140586853
1.1441179513931274 0.45638132095336914 -0.46279317140579224
0.08468993753194809 -0.17541377246379852 1.2153396606445312
-0.43787986040115356 0.7422584295272827 0.6440112590789795
-1.1487817764282227 -0.0479121208190918 -0.940413773059845
1.0079965591430664 0.8837437033653259 0.8115345239639282
-0.5360766053199768 0.8970783352851868 0.22946906089782715
2.4228200912475586 0.5771170854568481 -0.6415800452232361
-1.1449532508850098 -0.17654234170913696 -1.0809348821640015
2.595569372177124 0.12023460865020752 -0.8759891390800476
1.121193289756775 0.615824818611145 0.44883158802986145
-2.40745210647583 -0.09927929937839508 -0.022397758439183235
-0.3739713430404663 0.4826262593269348 0.5067517757415771
-0.13180378079414368 0.8135313987731934 0.5252501368522644
-1.9773962497711182 0.3861203193664551 0.2708446681499481
-1.7672172784805298 -0.09144924581050873 -0.7326046824455261
-0.5942934155464172 0.15647467970848083 -0.4744829833507538
-2.0711405277252197 0.35627371072769165 -0.9940592646598816
0.8658445477485657 -0.17816433310508728 0.381155788898468
-0.5861086845397949 0.14208529889583588 -1.249380111694336
-2.705596685409546 -0.09149247407913208 -0.8851650953292847
-1.4494073390960693 -0.05581246316432953 -0.5327085256576538
-0.6953271627426147 0.3865976333618164 -0.4704490005970001
2.859528064727783 -0.08156906068325043 -0.30846700072288513
0.4031909108161926 0.9511069655418396 0.09767117351293564
2.006072521209717 0.4501432776451111 -0.5726679563522339
-1.0254040956497192 0.4022641181945801 0.2517203092575073
0.9373144507408142 0.15226353704929352 -0.6987523436546326
1.1879823207855225 0.08471109718084335 -0.06416889280080795
0.762850821018219 0.9399731755256653 -0.36409997940063477
-0.07598648965358734 0.8818472623825073 0.795390248298645
-0.6332540512084961 0.6082943677902222 -0.6724213361740112
-2.543541431427002 0.11030162125825882 -0.3829360604286194
2.739315986633301 0.025308966636657715 0.21287930011749268
-2.1076228618621826 -0.14991161227226257 -0.45663461089134216
0.6877216696739197 -0.26257961988449097 0.18523548543453217
0.11767107248306274 0.11005710065364838 1.1537420749664307
-2.0695576667785645 0.13915173709392548 0.7413456439971924
-1.3100656270980835 0.4503943920135498 0.2982752323150635
-0.23884466290473938 0.15192441642284393 -0.5881016850471497
0.6747492551803589 0.894776463508606 0.7155555486679077
3.041916847229004 -0.286565363407135 0.3187435269355774
3.0425877571105957 0.15294112265110016 0.09047271311283112
0.2805729806423187 -0.27805954217910767 -0.11814378947019577
-0.7810447216033936 -0.09726913273334503 -0.6872993111610413
0.019135262817144394 0.23219360411167145 0.47879040241241455
2.2817742824554443 -0.1634482741355896 0.017318150028586388
3.0719025135040283 -0.2372417449951172 -0.90205979347229
-0.15732404589653015 -0.1682925671339035 -0.5528072118759155
1.0125360488891602 -0.08182081580162048 -0.7213352918624878
-0.5301463007926941 0.6827229857444763 0.07511857151985168
0.22919562458992004 0.21623671054840088 0.9920142292976379
3.1895697116851807 -0.17402970790863037 -0.13342763483524323
1.0235753059387207 0.9236764311790466 0.19917763769626617
0.37919265031814575 0.25358864665031433 0.8533668518066406
0.9785993099212646 0.79412841796875 -0.07408423721790314
-0.4184896647930145 -0.047430217266082764 0.7091817259788513
-0.9780516028404236 -0.27216899394989014 0.7250845432281494
-2.7071239948272705 -0.15719902515411377 0.7410992383956909
-0.40116173028945923 -0.003790542483329773 -0.4141730070114136
-1.0013060569763184 -0.28408199548721313 0.7213016152381897
1.525252103805542 0.6372796297073364 0.22317816317081451
-0.907119631767273 0.11735622584819794 0.7741575241088867
-0.9847635626792908 -0.08234582841396332 -0.1531970500946045
2.341000556945801 -0.047176480293273926 0.4925200343132019
-0.6094887852668762 0.3740629255771637 -0.3903384804725647
1.6171857118606567 -0.11907009780406952 0.40092191100120544
1.5584224462509155 0.39753589034080505 -0.09209107607603073
1.3512654304504395 0.3007737696170807 -0.061688993126153946
-1.6159104108810425 -0.119187131524086 0.5164260864257812
2.6246337890625 0.4642707407474518 -0.7550680637359619
0.9493827819824219 0.8275995850563049 0.23309442400932312
0.05028727650642395 0.8089590072631836 -0.7659657001495361
2.555602788925171 0.27590614557266235 0.6712141036987305
-0.3439081609249115 -0.24573197960853577 0.6060808897018433
-2.272573947906494 -0.10490208864212036 -0.4513043165206909
-0.8145244121551514 0.7094351053237915 -0.4964351952075958
-1.8710335493087769 0.32054296135902405 0.7182323336601257
2.0870137214660645 -0.17886552214622498 -0.42820680141448975
-0.8389119505882263 0.7419554591178894 0.5096760392189026
-0.8539204597473145 0.3280552625656128 -0.823745608329773
0.9347296357154846 0.5250371694564819 0.7177058458328247
2.693150281906128 0.07804550230503082 -1.2145435810089111
-0.5026711821556091 0.886207640171051 -0.6363348960876465
0.8404369354248047 0.8427101969718933 -1.0080643892288208
0.8856028318405151 -0.22425201535224915 -0.27034950256347656
-0.5152930021286011 -0.31630969047546387 -1.3537260293960571
-0.44123581051826477 0.19738063216209412 -0.07946748286485672
1.7019683122634888 0.2171534299850464 -0.2722969651222229
-0.8182658553123474 0.7885766625404358 0.1889163702726364
2.741492986679077 0.16921570897102356 0.09910573065280914
-1.1648427248001099 0.4017607569694519 0.6839593052864075
3.0610804557800293 0.16762569546699524 -0.0003351198974996805
-0.46503746509552 0.7761611938476562 0.11095632612705231
-1.7140209674835205 0.010846540331840515 -1.190111756324768
0.21990779042243958 0.8507735729217529 -0.8545655012130737
-2.116628646850586 0.38256317377090454 -0.13341885805130005
-1.6440398693084717 0.3499065637588501 0.700325608253479
-0.44416260719299316 0.9144881963729858 -0.2717573046684265
-0.0023956522345542908 0.7988608479499817 -0.9207590222358704
-2.534109592437744 -0.13933062553405762 0.27664557099342346
0.2701875567436218 0.8974019885063171 0.78652024269104
0.969394326210022 0.7543166875839233 -0.45171919465065
-1.2208632230758667 -0.036945611238479614 -0.5264504551887512
0.4038812518119812 0.08075626194477081 -1.014768123626709
-0.8686811327934265 0.04004518687725067 -0.44110140204429626
2.956596851348877 0.3908365070819855 -1.1931153535842896
2.128257989883423 0.34127357602119446 -1.1717931032180786
2.8361239433288574 0.4126356542110443 0.5728137493133545
0.6025222539901733 0.9726605415344238 -0.01810215413570404
0.21503907442092896 0.4297231137752533 0.9061362743377686
-1.2058972120285034 0.0661100521683693 -1.2312991619110107
-1.2146906852722168 0.0014858394861221313 -0.4548027813434601
1.945778489112854 0.21051105856895447 0.18815872073173523
-0.21186566352844238 -0.3291967511177063 -1.2485264539718628
-0.47202780842781067 0.04606159031391144 -0.5538642406463623
1.181501865386963 0.3379826247692108 -0.6078223586082458
1.753819465637207 0.6555132865905762 -0.49925893545150757
0.27541473507881165 -0.21722808480262756 0.11289361119270325
-0.38087841868400574 0.7054365873336792 0.6641706228256226
0.7754904627799988 0.9624121189117432 0.43708786368370056
1.5338197946548462 0.617077112197876 0.25808560848236084
-1.8093867301940918 -0.08862586319446564 -1.1176828145980835
0.9706669449806213 -0.22940072417259216 -1.2438294887542725
0.40348219871520996 0.820449948310852 0.7361643314361572
1.2676633596420288 0.27451300621032715 -0.1001562774181366
2.2143568992614746 0.25669437646865845 -0.10005417466163635
1.8050259351730347 -0.1967257261276245 -0.5292929410934448
2.5471930503845215 -0.1770721971988678 -0.8519889116287231
2.1110713481903076 -0.15535175800323486 0.5012146234512329
2.736375570297241 0.5227620601654053 -0.20626726746559143
-0.9666842818260193 0.32266855239868164 -0.8774811625480652
2.542992115020752 0.057199180126190186 0.0371176078915596
0.618877112865448 0.1360234171152115 0.585689902305603
-1.6455053091049194 0.4206109046936035 0.3940207362174988
2.659653663635254 -0.034544095396995544 0.2044457644224167
2.869891405105591 0.33632612228393555 -0.9651551842689514
0.7917725443840027 -0.19965429604053497 0.2958623766899109
-1.6564258337020874 -0.08423727750778198 0.17472665011882782
2.39713716506958 -0.24013808369636536 -1.0593985319137573
-1.1649161577224731 0.41647273302078247 0.2394258975982666
2.8901729583740234 0.4000431001186371 0.2503350079059601
1.5896351337432861 -0.10503281652927399 0.75881028175354
2.477158784866333 0.10040921717882156 -0.30870962142944336
2.8992269039154053 0.4237000346183777 -0.5931822061538696
3.1774537563323975 -0.03794947266578674 -0.7728028297424316
-2.0048937797546387 -0.08885115385055542 -0.32340121269226074
-0.38034266233444214 0.16116011142730713 0.2559545040130615
0.2366223782300949 -0.19829759001731873 -1.1116958856582642
0.5569990873336792 0.3560846149921417 -1.1591190099716187
0.010461922734975815 0.3527732491493225 -0.8858885765075684
-2.6306986808776855 0.04012030363082886 -0.46281716227531433
-0.6797112822532654 -0.1268257349729538 -1.0442533493041992
0.28191208839416504 -0.07334889471530914 0.7176225781440735
0.25972113013267517 -0.12217766046524048 -1.1968650817871094
-0.1689741313457489 0.6141576766967773 0.12566056847572327
-0.9373178482055664 0.42447853088378906 -0.997357964515686
1.2622270584106445 0.786178469657898 0.09994795173406601
0.6995747089385986 0.902253270149231 0.7534078359603882
2.0829102993011475 0.4073459804058075 -0.2678261697292328
-0.8319569826126099 0.3004169464111328 -0.19259855151176453
-0.019236549735069275 0.9857990145683289 0.4854552149772644
1.7207849025726318 0.1891133338212967 -1.042732834815979
0.9180592894554138 0.028650671243667603 0.38149911165237427
-2.103689193725586 0.37464144825935364 -0.31591087579727173
0.7919613718986511 0.9359727501869202 -0.3046294152736664
1.3998395204544067 0.1477999985218048 -0.06856132298707962
-2.1934192180633545 0.3388693630695343 -0.8467466235160828
1.7816370725631714 0.23318862915039062 0.419630765914917
-1.0339851379394531 0.3572351634502411 -1.1181752681732178
2.7511777877807617 0.5123345851898193 -1.091123104095459
2.437816858291626 0.6658860445022583 -0.07055774331092834
-1.152503490447998 -0.09664507210254669 0.04903966933488846
0.5981260538101196 0.049849092960357666 -0.7518469095230103
1.2348322868347168 0.6853090524673462 -0.6515663862228394
1.946907877922058 0.1786186397075653 -0.00411519780755043
-2.419569492340088 -0.08748418837785721 0.14381331205368042
1.1568063497543335 0.8710070848464966 -0.055956121534109116
2.312199831008911 0.42752328515052795 -0.46809709072113037
2.8257906436920166 -0.21575331687927246 -0.5918753147125244
2.3931641578674316 0.09809403121471405 -1.1581809520721436
-1.6969469785690308 0.41456395387649536 -0.4091043770313263
0.24475884437561035 0.9334795475006104 -0.22103014588356018
-0.46890735626220703 0.47553056478500366 0.17754432559013367
-0.09714476764202118 -0.30678561329841614 -1.2684710025787354
0.3251418173313141 -0.29274922609329224 -0.38459864258766174
-0.06706806272268295 0.19341614842414856 -0.5182177424430847
1.6744279861450195 0.14961078763008118 0.36161333322525024
-0.6330364942550659 -0.049441397190093994 0.41144853830337524
-0.4014866054058075 0.7862316966056824 0.6049746870994568
3.1187055110931396 0.01591956615447998 -0.44877007603645325
1.7714802026748657 -0.22933083772659302 -0.37536904215812683
1.2012040615081787 0.25938671827316284 -0.904956042766571
0.8550674319267273 0.243504136800766 0.7142195701599121
1.886634111404419 0.6706486940383911 -0.0046273162588477135
-0.09933072328567505 -0.19267670810222626 0.4996315836906433
0.6000769734382629 0.03644338250160217 0.22239413857460022
1.4200103282928467 0.6476001739501953 -0.6790730953216553
-0.674684464931488 -0.17712514102458954 -0.10508627444505692
0.8034604787826538 -0.2606285512447357 -0.08422516286373138
0.29622212052345276 0.4041968584060669 -1.1178514957427979
1.2287418842315674 0.27720579504966736 -0.37817779183387756
-0.4779939651489258 -0.2517944276332855 0.5814767479896545
2.153327226638794 0.48972630500793457 0.12074574083089828
-1.2121906280517578 0.22892193496227264 0.43605005741119385
2.247152805328369 0.37529540061950684 0.6734004020690918
1.8552922010421753 0.32993775606155396 0.42520150542259216
-0.7088024616241455 0.8270159959793091 0.5595508217811584
1.1855945587158203 0.46700727939605713 -0.5835769772529602
-0.3852514624595642 0.21057486534118652 0.4625861346721649
0.21656456589698792 0.9763489961624146 0.019179029390215874
2.064058303833008 -0.0033204108476638794 -0.3659656047821045
-0.16500380635261536 0.7622305154800415 -0.48275312781333923
-1.4447897672653198 0.038511864840984344 0.18843033909797668
2.4957926273345947 0.5733513832092285 -0.25161129236221313
0.8337803483009338 -0.22876016795635223 0.8455920815467834
0.5781133770942688 0.08703847229480743 -0.9440804123878479
1.6990736722946167 0.3544367551803589 -0.8707817196846008
-0.7468619346618652 -0.11568097770214081 0.0034525785595178604
1.1894795894622803 0.28705769777297974 -0.647798478603363
0.5077198147773743 0.861271858215332 0.0948425903916359
-0.1697988212108612 0.053114160895347595 -0.1456390917301178
0.726161003112793 -0.22216910123825073 -0.5353485941886902
1.1028159856796265 0.13047605752944946 -0.2818172872066498
0.13848090171813965 0.4853641390800476 -1.0791140794754028
2.437406539916992 0.4068269729614258 -1.1638498306274414
0.5998180508613586 -0.2967068552970886 0.795083224773407
3.2123420238494873 0.009993016719818115 0.565013587474823
2.731046438217163 0.18940985202789307 -0.6091165542602539
-0.7241960167884827 0.09398103505373001 -0.7541462779045105
2.3480589389801025 -0.12434467673301697 0.4594908058643341
2.5263657569885254 0.23710176348686218 0.6685014963150024
-2.032805919647217 0.38062840700149536 0.18437083065509796
0.1701534390449524 0.23561617732048035 -0.9097272753715515
-1.67464280128479 -0.07787850499153137 -0.0980522632598877
0.5467779636383057 0.8701190948486328 -0.5196009874343872
-2.700801134109497 -0.19549739360809326 0.4131142795085907
-2.274829387664795 0.11834188550710678 0.7298409342765808
0.5682756900787354 0.2962726354598999 -0.8659672141075134
-0.013745419681072235 0.9400015473365784 -0.627000093460083
-1.0601208209991455 0.4780255854129791 0.6081299781799316
0.9282351136207581 -0.1490985006093979 -0.4078904092311859
0.3383364677429199 0.09013483673334122 -1.0989840030670166
-0.6623809337615967 0.5329815149307251 -0.2413860559463501
2.733761787414551 0.27811399102211 0.6703033447265625
1.2339829206466675 0.7347851991653442 -0.7806265354156494
-0.9676371216773987 0.24009928107261658 0.040367282927036285
-0.9004524946212769 0.004234984517097473 -0.07780782133340836
0.6279816627502441 0.23889893293380737 -0.8900081515312195
0.9711914658546448 0.8377651572227478 0.32924380898475647
-0.523542582988739 0.6989092230796814 -0.13392354547977448
1.899045467376709 0.1828332543373108 -0.43465936183929443
1.0372878313064575 0.9270895719528198 -0.056042227894067764
-2.249265432357788 0.19748173654079437 0.725914478302002
-1.44419527053833 0.17903363704681396 -0.7598541975021362
1.939659833908081 0.2686448395252228 -1.0155107975006104
-0.6885542869567871 -0.2323380708694458 -0.4217822253704071
1.1438713073730469 0.14510072767734528 -0.906819760799408
0.04958968609571457 0.27397483587265015 -1.1521662473678589
0.25840625166893005 -0.16063036024570465 0.34801292419433594
0.023545298725366592 0.9285923838615417 -0.7640470862388611
2.24017333984375 0.6885247230529785 -0.3888567090034485
0.1066797524690628 0.028372138738632202 -0.7890762686729431
2.095763683319092 0.22444351017475128 0.6729102730751038
-2.1399788856506348 0.37312135100364685 -0.9000812768936157
-2.3960676193237305 -0.08535437285900116 0.506274402141571
-0.44903701543807983 -0.27409887313842773 0.041737932711839676
-0.7053802609443665 -0.026710331439971924 0.17917487025260925
-0.7579108476638794 0.17284579575061798 -0.8719585537910461
1.8442832231521606 0.28218895196914673 -0.9455361366271973
2.5516374111175537 0.33925366401672363 -0.6008894443511963
0.23211613297462463 0.9749626517295837 0.710141658782959
2.4193313121795654 0.41392087936401367 -0.3713141977787018
0.679724931716919 0.05642715096473694 -0.19968216121196747
1.8181464672088623 0.21723130345344543 -0.3367658257484436
2.4315834045410156 0.35587093234062195 -0.1830163449048996
-0.31091004610061646 0.8937762379646301 -0.8468848466873169
-1.6545056104660034 -0.11806482076644897 -1.0093309879302979
-1.543594241142273 0.43760910630226135 -0.04455748200416565
-1.8722015619277954 0.40540173649787903 -0.04889596253633499
0.21116848289966583 -0.2709033489227295 -1.2473723888397217
-0.2695583701133728 0.2679593861103058 -1.1402627229690552
-2.0326762199401855 0.3775511682033539 -0.9300511479377747
0.9763712882995605 0.7868783473968506 0.08593977242708206
-1.7009917497634888 0.005539551377296448 -0.6916449666023254
0.13556557893753052 -0.289945125579834 -0.11038122326135635
-0.2504435181617737 -0.2649005651473999 -0.33981552720069885
2.111604690551758 0.4319917559623718 0.17873859405517578
-1.9644888639450073 0.38036268949508667 0.5466813445091248
1.1746548414230347 0.23904535174369812 -0.10667186230421066
-1.1457940340042114 0.15436631441116333 -0.13973137736320496
-1.5440990924835205 -0.12374535202980042 -0.6429393291473389
1.717578411102295 0.19957979023456573 0.6587263345718384
-0.30652332305908203 0.051741696894168854 0.6789812445640564
-0.7821903228759766 0.26424530148506165 -1.2763978242874146
0.48397010564804077 -0.28660786151885986 -0.394737184047699
0.9947649836540222 0.7421945333480835 -0.7991334795951843
0.9629364609718323 0.460303395986557 0.6803054213523865
-0.12690117955207825 -0.2167590856552124 0.6306429505348206
0.8761867880821228 0.9457960724830627 -0.42952197790145874
-0.6849063634872437 -0.20412248373031616 0.16403131186962128
3.1523027420043945 0.12766988575458527 0.5241807699203491
0.935104489326477 -0.12023071944713593 -0.6551856398582458
-0.07437124848365784 0.10563439130783081 0.6213220953941345
1.362536907196045 0.35173070430755615 -1.1513783931732178
-1.109865665435791 0.0082663893699646 -0.5789525508880615
2.163295030593872 0.7037076950073242 -0.07746516913175583
0.6510145664215088 0.8577353954315186 0.7033017873764038
-2.6732075214385986 0.029619596898555756 0.45010122656822205
3.021960496902466 0.17807349562644958 0.016553623601794243
0.8758969902992249 0.9404950737953186 -0.15855342149734497
2.9109785556793213 -0.06502808630466461 -0.1757066398859024
2.4351158142089844 0.35247647762298584 -0.693139910697937
0.04018869623541832 0.946295976638794 0.7277034521102905
-0.9821207523345947 -0.08632878959178925 -0.2223569005727768
-0.5433623790740967 0.6107950210571289 0.3098641633987427
-0.9625667333602905 0.19129067659378052 0.032363880425691605
-0.6592197418212891 0.625607967376709 -0.012213231064379215
-1.4146294593811035 0.04004482924938202 0.12205571681261063
2.9681742191314697 -0.2993808686733246 -0.6067674160003662
1.0724552869796753 0.10791921615600586 -0.39010098576545715
-0.05086924135684967 -0.24267244338989258 0.31128084659576416
0.36454033851623535 0.3145119547843933 -1.1504520177841187
0.21077793836593628 0.2839740514755249 -0.9486866593360901
-1.1946789026260376 0.036249369382858276 0.6022434234619141
1.5269557237625122 0.42764681577682495 -0.3101292848587036
0.1320810616016388 0.8419880867004395 -0.6872755289077759
1.9770883321762085 0.48192283511161804 -0.10065609961748123
1.4424855709075928 0.26287850737571716 0.23613032698631287
1.2828387022018433 0.13170209527015686 0.10731401294469833
2.2092552185058594 0.41692665219306946 -0.5288801193237305
0.16672717034816742 0.14125141501426697 -0.5900850296020508
2.2072839736938477 0.47591307759284973 -0.9658329486846924
2.355287790298462 -0.13404828310012817 0.13511818647384644
1.4160056114196777 0.41720259189605713 -1.0566751956939697
0.07314176857471466 -0.17505861818790436 -0.6114864349365234
-0.7713263630867004 0.8111698031425476 0.46235358715057373
0.11525576561689377 0.048486530780792236 1.0120593309402466
2.4648354053497314 0.21045053005218506 -0.4294999837875366
-0.6412470936775208 -0.0990094542503357 -1.2742990255355835
0.6542350649833679 0.1850661039352417 0.4898908734321594
1.0933196544647217 0.6650063991546631 0.5439234375953674
2.5710346698760986 0.2233557403087616 0.26352405548095703
-0.5460941791534424 0.7096701860427856 -0.500826358795166
0.396891325712204 0.06103229522705078 -0.11566188186407089
2.507695436477661 -0.14885568618774414 -0.5348953008651733
0.04473106190562248 0.7696602940559387 0.740321159362793
2.95759916305542 0.31337225437164307 -0.9266512989997864
1.163298487663269 -0.24432331323623657 0.6952340006828308
-2.4656412601470947 0.24910536408424377 -1.0940330028533936
-1.4632230997085571 -0.025453075766563416 -0.6604198813438416
-0.36731866002082825 0.6469130516052246 -0.98615962266922
-0.3683061897754669 0.32277464866638184 -0.6009509563446045
-0.49280744791030884 0.7557342648506165 -0.13380366563796997
1.8465746641159058 0.5606261491775513 0.5180686116218567
2.2130050659179688 0.24393555521965027 0.44534724950790405
2.4756791591644287 -0.13762825727462769 -0.5936033129692078
1.1221309900283813 0.5553036332130432 0.4005471467971802
-0.8732200264930725 0.6094927191734314 -0.7005020976066589
1.3431670665740967 0.2607882022857666 -0.1201152354478836
0.5181934833526611 0.041491612792015076 -0.8537951111793518
-0.2884432375431061 0.6305621266365051 0.48091867566108704
0.5130015015602112 0.8590166568756104 0.16746656596660614
-1.117750644683838 -0.06656704843044281 -0.11482793837785721
-0.9869328737258911 0.4550892412662506 0.12482529878616333
-0.5001416206359863 0.9161234498023987 -0.19183428585529327
1.9797614812850952 0.22284916043281555 -0.6025872230529785
-2.7228667736053467 -0.012053832411766052 0.5616989135742188
0.30963441729545593 0.20481905341148376 0.9574263095855713
1.6957683563232422 -0.21106913685798645 0.13318666815757751
-0.6182082295417786 0.8389111161231995 -0.6958931684494019
1.0247581005096436 -0.28830283880233765 -0.23288999497890472
0.8488391637802124 0.05674441158771515 -0.09956522285938263
1.0534530878067017 0.062499068677425385 -0.5033366680145264
-0.896044909954071 -0.09238657355308533 0.18817508220672607
1.14840829372406 0.29726821184158325 -0.018475739285349846
-0.28874537348747253 0.6076958775520325 0.5160597562789917
2.1538474559783936 0.12557509541511536 0.01941852830350399
0.511406660079956 -0.12749558687210083 -0.9672520756721497
-0.03393097594380379 0.04014332592487335 -0.41455569863319397
2.536661386489868 -0.06261412799358368 -0.12883244454860687
2.024224281311035 0.5061178803443909 -0.21821759641170502
-0.4961150586605072 0.7174943685531616 -0.2471030205488205
0.5651309490203857 -0.20706430077552795 -0.6774666905403137
1.4615130424499512 0.09866103529930115 -0.2624584436416626
2.6468358039855957 0.45870426297187805 -0.7712843418121338
-0.5314794182777405 -0.2460106909275055 0.26089024543762207
1.1731575727462769 0.3721488118171692 -0.8624314069747925
0.8767208456993103 0.04596729576587677 -0.10037833452224731
0.48446348309516907 0.8626596927642822 -0.7022722959518433
0.41508761048316956 0.1971748173236847 0.5685369968414307
-0.9874681234359741 0.34823572635650635 0.17076309025287628
0.7066563963890076 -0.049428001046180725 0.49260085821151733
1.7683024406433105 0.056020304560661316 0.6739322543144226
2.4252281188964844 0.03391502797603607 -1.178368091583252
-0.7195332646369934 0.5545204281806946 -0.2954881489276886
1.6272116899490356 0.20967745780944824 -0.20328006148338318
-2.6095669269561768 -0.15245026350021362 -0.419391393661499
-0.7023634314537048 -0.09663571417331696 0.11518815904855728
1.8362566232681274 0.3521498441696167 -0.6216709017753601
1.9810141324996948 0.46786394715309143 -1.0553327798843384
-0.6440420150756836 0.02500365674495697 -0.8865678906440735
-2.1575686931610107 -0.09739270806312561 0.0917506217956543
1.203438401222229 0.8512865304946899 -0.0635460764169693
-0.26043832302093506 -0.18681269884109497 -1.1620696783065796
-0.0004922524094581604 0.9399064183235168 -0.6336484551429749
1.7250148057937622 -0.2355664074420929 0.6592710018157959
2.951265335083008 -0.2975630760192871 -0.8751822113990784
-0.26677531003952026 0.1823384016752243 -0.9329557418823242
1.863101840019226 0.50472491979599 -0.08062410354614258
-0.09788449108600616 0.9634608030319214 0.20918266475200653
-1.5909641981124878 -0.05039592087268829 -0.4261419177055359
1.2155933380126953 0.24410223960876465 -1.1745988130569458
0.14654843509197235 -0.2940881848335266 -0.059655025601387024
-0.7033371925354004 -0.15754811465740204 0.10719101876020432
2.891756772994995 -0.11372089385986328 0.10339214652776718
-0.9577402472496033 -0.23022830486297607 -1.100757122039795
1.3051766157150269 0.4530550241470337 -0.426476389169693
0.1479499340057373 0.8592956066131592 0.3583795130252838
2.508481740951538 0.4300359785556793 0.4119125008583069
1.4664993286132812 -0.20120415091514587 0.546201229095459
3.0120227336883545 -0.2268047332763672 0.04715904965996742
2.085759401321411 -0.07715409994125366 -0.9831575155258179
0.7278501987457275 -0.1037217378616333 -1.006338357925415
0.39404919743537903 0.855707049369812 -0.4918390214443207
2.122908115386963 0.7061958312988281 -0.23935344815254211
1.9597362279891968 0.6178819537162781 -0.7130362391471863
-0.48066723346710205 0.35622596740722656 -0.06287270039319992
-2.0404417514801025 0.37470486760139465 0.35780203342437744
-2.5099141597747803 -0.15503379702568054 0.01942635327577591
1.8444006443023682 0.36666566133499146 0.2343861311674118
-0.02107059955596924 0.5518574118614197 -1.0218439102172852
-0.6234537363052368 0.27734076976776123 0.14064903557300568
0.8998727798461914 0.1787092089653015 -1.1887547969818115
1.174915075302124 0.4431303143501282 -0.7462058663368225
2.737323760986328 0.2719991207122803 0.1718212068080902
-0.7422261238098145 0.2457943558692932 -0.12351609021425247
0.9209166169166565 0.06373868137598038 -0.43704670667648315
2.422898769378662 -0.17680075764656067 -1.012563943862915
0.9770272970199585 0.7924332618713379 -0.4421744644641876
2.775167465209961 -0.059493377804756165 -0.7996624708175659
2.755528688430786 0.06983757764101028 -0.2433769702911377
-0.15337929129600525 0.9400427937507629 -0.19862213730812073
-0.6636550426483154 0.8479995131492615 -0.30526721477508545
-0.6288917660713196 0.6330774426460266 -0.36312785744667053
1.6457990407943726 0.12085060775279999 0.017720364034175873
-0.6669114232063293 -0.056675076484680176 -1.0036245584487915
-0.18970830738544464 0.154424786567688 0.7673149704933167
0.6336158514022827 0.6287411451339722 -1.041711449623108
-2.2420554161071777 -0.12351241707801819 -0.6207358241081238
2.5261824131011963 -0.19597220420837402 -1.1857415437698364
1.2868058681488037 0.15753620862960815 0.6821612119674683
2.1169044971466064 0.0210321843624115 -0.12084654718637466
-1.7397898435592651 -0.10284355282783508 -0.8297088146209717
-1.2735594511032104 0.3129473924636841 -0.27970895171165466
-0.3501136898994446 0.01229625940322876 -0.41814738512039185
-2.3156368732452393 -0.17891627550125122 -1.0244368314743042
0.2555261254310608 0.9021255373954773 -0.9049283862113953
1.957334041595459 -0.0005422681570053101 -0.8636605739593506
1.928019642829895 0.44320717453956604 -0.273528128862381
-1.6324498653411865 0.04244747757911682 -0.6630474925041199
0.4127647280693054 0.3983824551105499 -0.8847633600234985
1.4286023378372192 0.024566084146499634 0.6804878115653992
1.185967206954956 0.271309494972229 0.12581562995910645
-0.7177449464797974 0.16249661147594452 0.3356319069862366
0.34010642766952515 -0.18057088553905487 0.5289955735206604
0.8229610323905945 0.27779361605644226 0.5134100914001465
-2.5773391723632812 -0.15275490283966064 -0.7263550758361816
2.068115234375 -0.10088326036930084 -0.4618719816207886
-2.1938886642456055 0.3586859405040741 -0.1299251765012741
-1.9267054796218872 0.4065742492675781 -0.6300299167633057
-0.20137441158294678 0.6374161839485168 -0.4614761471748352
0.03867926076054573 0.17102892696857452 -0.4779910147190094
-1.0610713958740234 -0.07439658045768738 -0.9293158650398254
2.458902359008789 -0.16065597534179688 0.5046167373657227
-0.6754244565963745 -0.024398982524871826 -1.166175365447998
2.155809164047241 0.3197351098060608 -0.5845897197723389
1.2191969156265259 0.23585309088230133 -0.13203394412994385
-0.05700148269534111 0.4440433382987976 -1.065614104270935
0.9490119814872742 0.14882732927799225 -0.8647665977478027
-0.9140556454658508 0.6813542246818542 0.5014580488204956
0.275895357131958 0.09890983998775482 0.29013389348983765
0.7159690260887146 0.9664912223815918 0.5369147062301636
-2.5233185291290283 -0.13936194777488708 -0.41489726305007935
2.1605091094970703 0.07982137799263 -0.10498028248548508
-0.12750954926013947 0.9348104596138 -0.5082342624664307
2.236921548843384 0.5241491794586182 0.06090724095702171
-0.330218642950058 0.07291437685489655 -0.16365323960781097
-0.5986000895500183 -0.14350950717926025 -1.2228697538375854
-0.001360960304737091 -0.10013218224048615 -0.7150335311889648
2.189711332321167 0.2798857092857361 0.675257682800293
1.0235280990600586 0.0555163249373436 0.25753840804100037
-0.5484490394592285 -0.364840567111969 -1.3297380208969116
1.7257713079452515 0.47752848267555237 -0.21986567974090576
1.6136622428894043 -0.025757893919944763 -0.9512256383895874
0.9848188757896423 -0.13654358685016632 0.3752219080924988
-0.3860274851322174 -0.10766297578811646 -0.6683791875839233
1.0044821500778198 0.5866823792457581 -1.0636848211288452
-1.9881696701049805 0.31704553961753845 -1.1626569032669067
2.2919697761535645 0.1320321410894394 0.5307634472846985
-0.7491346597671509 0.07055307179689407 -0.06034218892455101
0.9401312470436096 0.9269633293151855 -0.0925358459353447
2.521862506866455 0.4347301721572876 0.06054706498980522
-0.8920263051986694 0.07354255020618439 -0.18948891758918762
1.173382043838501 0.3490370810031891 -0.5753762125968933
3.0975301265716553 0.11099303513765335 -0.13686639070510864
-1.0791126489639282 0.11099664866924286 -0.22404098510742188
1.7200275659561157 -0.15386715531349182 -0.1995672583580017
-1.888113260269165 0.40060603618621826 -0.16113105416297913
-1.9824968576431274 0.3780258297920227 -0.8208479881286621
1.9469400644302368 0.3028959631919861 -0.9353011846542358
0.9275491237640381 0.17393222451210022 0.4363744556903839
-0.05506456643342972 -0.1267755925655365 -0.7020421028137207
1.8034173250198364 0.3267322778701782 0.3890972137451172
0.42482051253318787 0.4136514663696289 -0.9066604971885681
-2.014936923980713 0.3884125351905823 -0.5685321688652039
0.7087193131446838 -0.19040784239768982 -0.6975250840187073
0.9607923030853271 0.05223625898361206 -0.45192357897758484
0.5243945121765137 -0.01733173429965973 -0.09274811297655106
2.367462635040283 -0.15690553188323975 -0.21502245962619781
-0.7893272638320923 -0.38894182443618774 -1.181494951248169
0.9383426308631897 0.09423758834600449 -0.8141310811042786
0.7247895002365112 -0.277407169342041 -1.139240026473999
1.4296376705169678 0.6565589308738708 -0.3489525020122528
-1.4205899238586426 0.3163786232471466 0.739999532699585
0.587082028388977 -0.01868683099746704 0.24885332584381104
2.2612740993499756 0.6738269925117493 -0.10257016122341156
1.8172842264175415 0.20751096308231354 0.6526913642883301
-0.7054867148399353 0.8435901999473572 0.24026870727539062
0.27665942907333374 0.10743459314107895 0.12971365451812744
2.0219485759735107 0.28591403365135193 -1.0966198444366455
0.5927020311355591 0.8730372786521912 0.5387271046638489
0.20847304165363312 0.8616692423820496 -0.39982253313064575
-0.4913695454597473 0.39775413274765015 -0.44059813022613525
0.47067078948020935 0.9546200633049011 -0.4649795889854431
-0.3301127254962921 0.5179190635681152 0.6803828477859497
0.8744512796401978 0.8288296461105347 0.4312378466129303
0.5972836017608643 0.07145810127258301 -0.37659162282943726
0.8925319314002991 0.9452202320098877 -0.06888041645288467
-1.2077263593673706 0.2337086796760559 0.330005019903183
0.18551933765411377 0.5454018712043762 0.8643091917037964
0.6958619356155396 0.9637126922607422 0.2937866747379303
1.272512674331665 0.32997557520866394 0.13148941099643707
2.4198596477508545 0.204185351729393 0.6724714040756226
0.4229646623134613 0.06085515022277832 -0.5874286890029907
0.6750854849815369 0.5078784227371216 0.7147160172462463
1.851589560508728 0.5063668489456177 0.40537071228027344
-1.0762460231781006 0.1489763855934143 0.15933150053024292
