ply
format ascii 1.0
element vertex 2048
property float x
property float y
property float z
end_header
-0.7349968552589417 -1.3905601501464844 2.7231802940368652
-0.9005537629127502 0.10709430277347565 2.902492046356201
1.008882761001587 0.1649724543094635 -2.050936222076416
1.7220669984817505 0.575487494468689 2.9746878147125244
0.6547489166259766 -1.287583827972412 -2.639476776123047
-0.9803016185760498 1.7258228063583374 -1.5549321174621582
0.1535913348197937 0.5832436084747314 -1.8669097423553467
-0.31598976254463196 1.291550636291504 1.6681606769561768
0.37175068259239197 0.0700346827507019 -2.9368414878845215
1.6379808187484741 0.7445237040519714 2.067295789718628
-0.5858087539672852 0.6261120438575745 -0.03978574275970459
1.3854176998138428 0.2562609910964966 -0.7985184192657471
-0.9496792554855347 1.7724032402038574 1.7301884889602661
1.9218766689300537 -0.26418983936309814 2.8095860481262207
2.0217361450195312 0.11314910650253296 -0.08075463771820068
0.2597143352031708 0.552049458026886 -2.522902727127075
0.14220643043518066 0.6029812097549438 0.22329266369342804
1.580582618713379 -0.5925251245498657 2.809987783432007
1.4376474618911743 0.7036089897155762 1.5871111154556274
1.713930368423462 0.7308382391929626 1.289462924003601
0.5036222338676453 0.6208433508872986 -0.8431382179260254
2.0442161560058594 0.15679380297660828 0.5412530303001404
-0.08000200986862183 0.060359835624694824 2.9704034328460693
-0.296914666891098 0.05259999632835388 -1.756185531616211
-0.6961367130279541 0.722073495388031 -1.622524619102478
1.538710117340088 -1.4497294425964355 -2.787824869155884
1.6696691513061523 0.09299077093601227 2.40801739692688
1.409048080444336 0.504260241985321 -2.9504573345184326
-0.9560641646385193 0.06048823893070221 2.905507802963257
-0.6835655570030212 0.969963550567627 1.624203085899353
-0.17346099019050598 0.908597469329834 0.16207662224769592
-0.5710752606391907 1.6232343912124634 -2.432030439376831
0.1198374480009079 0.5597978234291077 -1.0768427848815918
-0.27111750841140747 0.8219482898712158 -2.9886324405670166
-0.21978174149990082 0.9975659847259521 -1.3816369771957397
1.5210658311843872 0.29488539695739746 -0.6176063418388367
1.685644268989563 0.6891413331031799 -1.513567328453064
0.9430016875267029 -1.330480694770813 -2.832886219024658
-0.7977995276451111 0.5818367600440979 2.879105806350708
-0.5973321795463562 -1.2446794509887695 2.9308130741119385
-1.318625569343567 1.4491298198699951 1.7026033401489258
0.7506531476974487 -1.2716362476348877 -2.6533637046813965
1.9726918935775757 0.054524391889572144 0.499392032623291
2.013136625289917 0.032526254653930664 -2.6756019592285156
-0.9153550267219543 1.073418378829956 0.22046425938606262
-0.16604147851467133 0.8836712837219238 -0.20942287147045135
0.574616014957428 0.08888894319534302 -1.8196600675582886
1.029431939125061 0.661902666091919 0.8509641885757446
-0.7550925612449646 0.1435406506061554 -2.7161457538604736
1.5527222156524658 -1.3947371244430542 -2.504063367843628
-0.10584281384944916 0.03906428813934326 -2.9007434844970703
0.44753849506378174 0.6008056998252869 -1.801353096961975
-0.7553620934486389 1.4189116954803467 2.934478759765625
-0.88397216796875 1.1375004053115845 -1.0694857835769653
-0.9692017436027527 1.7900125980377197 0.487275093793869
2.0871469974517822 0.09814874827861786 -1.6727790832519531
2.0584912300109863 0.11718711256980896 1.5279141664505005
2.0682144165039062 0.2132979780435562 1.4052133560180664
0.5229519605636597 0.6177659630775452 -0.48171886801719666
-0.49331584572792053 0.2677623927593231 0.20022575557231903
-1.1022669076919556 -0.9766843318939209 -2.6381187438964844
-1.4724650382995605 -0.9627611637115479 2.9242308139801025
1.6685901880264282 0.12254253029823303 -0.5243697762489319
1.6625186204910278 0.7654455900192261 1.449709415435791
-0.018219374120235443 0.06967706978321075 -0.35077688097953796
0.007096968591213226 0.5977803468704224 -1.7615605592727661
-1.1910682916641235 1.763461709022522 2.333587408065796
1.979520559310913 0.06422862410545349 2.0317656993865967
-1.17198646068573 1.3233959674835205 -2.576463222503662
-0.08681809157133102 0.904869019985199 2.4573516845703125
-0.4610341191291809 1.531312108039856 2.417424201965332
-0.44886112213134766 1.4984304904937744 -0.4310678243637085
2.048438549041748 0.4855884909629822 -0.23709504306316376
-0.1377989947795868 0.6537237167358398 -1.1423388719558716
-0.6849809885025024 -1.3709839582443237 2.8898138999938965
1.1372281312942505 0.1979788839817047 -0.7696110010147095
-1.2249609231948853 1.265872836112976 2.0666911602020264
-0.22747573256492615 0.057336777448654175 -2.015529155731201
-0.9248770475387573 -0.8154866099357605 -2.9561357498168945
-0.14299547672271729 0.7863507270812988 0.03143210709095001
0.8696542382240295 0.1274760216474533 -0.22494083642959595
-0.43843650817871094 0.08827126026153564 -1.3952828645706177
1.147107481956482 0.20322054624557495 2.9838521480560303
1.448021411895752 -1.152207374572754 2.9404311180114746
-0.914615273475647 0.09367579966783524 2.859825611114502
1.5704920291900635 0.24985599517822266 1.6185849905014038
-0.5343255996704102 1.5759462118148804 0.5391772985458374
-1.3704012632369995 1.3065012693405151 -0.5199678540229797
1.8860913515090942 0.7066359519958496 1.003623127937317
0.011834390461444855 0.5657981634140015 -0.7505974173545837
0.5693800449371338 -1.2789348363876343 -2.8364055156707764
2.0811314582824707 0.06501553952693939 -2.747161388397217
1.8485078811645508 0.7077354192733765 1.093323826789856
-1.2129368782043457 1.408313274383545 -2.9778788089752197
0.8657580018043518 0.1494600623846054 -0.5269144773483276
0.5643898248672485 0.5433754920959473 -2.2841196060180664
-0.4378209710121155 0.08194652199745178 0.558711051940918
-0.02459730952978134 -1.1231647729873657 -2.766108512878418
1.7935823202133179 0.7157012820243835 -0.16474106907844543
0.2456904798746109 0.08565282821655273 -2.047227144241333
1.2286933660507202 -1.346366047859192 2.7328851222991943
-0.5694376230239868 1.6016027927398682 -0.6191493272781372
-0.07960470765829086 0.5783118009567261 -0.6296104788780212
-1.0016807317733765 1.5148489475250244 2.915459394454956
-0.21836380660533905 1.0462570190429688 0.7776828408241272
-0.2319374978542328 1.0778281688690186 1.1324267387390137
-0.4655812084674835 0.18143847584724426 0.9230628609657288
-0.8662552237510681 1.6645795106887817 -1.3684226274490356
1.1830257177352905 0.6881956458091736 -0.2798934280872345
1.070397138595581 0.6665152907371521 -1.0966681241989136
-1.1068669557571411 1.79886794090271 -1.20296311378479
-0.014552466571331024 0.6506413221359253 0.13941210508346558
-0.20797154307365417 0.06673181056976318 -1.4551972150802612
0.6972553133964539 -1.1664881706237793 2.7202036380767822
1.3795664310455322 0.7072996497154236 -0.25731271505355835
0.7933831810951233 0.12005147337913513 1.323940396308899
1.906209945678711 0.6614469289779663 -2.805724620819092
1.4436008930206299 0.236946702003479 1.3662018775939941
-0.22601214051246643 1.042793869972229 -2.7820913791656494
-1.3112965822219849 1.3087109327316284 0.05927632749080658
0.8333120346069336 0.12571614980697632 1.5184985399246216
-1.1571743488311768 1.7560763359069824 1.7457232475280762
0.6454476118087769 0.631542980670929 0.2659381628036499
-0.7165535688400269 1.6965128183364868 -0.10907146334648132
1.0088913440704346 0.5485943555831909 -2.960137367248535
-0.8786840438842773 0.45191264152526855 2.85634183883667
-0.2617604434490204 1.1619000434875488 -1.4250141382217407
1.5239266157150269 0.08992785215377808 1.4015847444534302
-0.786880612373352 1.6466203927993774 -1.2004531621932983
-0.9881557822227478 1.215570092201233 -0.4598153829574585
1.5356518030166626 0.2806012034416199 -0.815169095993042
1.540268063545227 -1.0112828016281128 2.9584779739379883
0.9163786172866821 0.6404565572738647 0.037790391594171524
-0.00558336079120636 0.07342706620693207 1.6638773679733276
0.24004964530467987 0.0873638242483139 -2.939321517944336
-1.2805769443511963 1.4777181148529053 -2.0705361366271973
0.30599698424339294 0.07987257093191147 1.438026785850525
0.8042489886283875 0.13289085030555725 -0.2261447012424469
-0.9556582570075989 1.5805505514144897 -1.5508311986923218
0.4556478261947632 0.6099560260772705 0.14183282852172852
-1.2684351205825806 1.338950514793396 0.600440502166748
-0.17871470749378204 0.9606088399887085 1.6290045976638794
-1.0419209003448486 1.2666935920715332 -1.2959507703781128
1.6484650373458862 0.142723947763443 -0.05249689519405365
-0.0571131557226181 0.07811591029167175 1.4527020454406738
-0.16574755311012268 0.051643192768096924 -2.73717999458313
-0.39722180366516113 0.07500126957893372 -0.38728079199790955
0.18411485850811005 0.034739017486572266 2.8996775150299072
1.869540810585022 0.6524726748466492 -2.752424955368042
1.9989606142044067 0.07029063999652863 2.062459707260132
1.8421638011932373 0.686255156993866 -0.6475329995155334
0.7869510054588318 0.6394691467285156 -1.6390644311904907
2.0176329612731934 0.18809373676776886 2.585469961166382
0.9441686868667603 0.12515917420387268 0.6762162446975708
0.5723118782043457 0.07865835726261139 2.3523309230804443
-0.9930858612060547 -0.040630653500556946 2.5149037837982178
1.5784927606582642 0.19503365457057953 0.04673238843679428
0.6606745719909668 0.11570531129837036 -0.36788952350616455
1.227133870124817 0.2168530821800232 -1.7441823482513428
-0.7087066769599915 1.4585177898406982 -2.9802193641662598
-0.5285518169403076 1.5888302326202393 2.0288870334625244
-1.052386999130249 1.5779240131378174 2.908967971801758
0.8930119276046753 0.12219421565532684 0.5265994071960449
-1.0140372514724731 1.7861273288726807 -1.8771604299545288
1.039601445198059 0.6402267813682556 -1.7756460905075073
-0.4768579602241516 1.55387282371521 0.34596800804138184
0.8065745830535889 0.6177807450294495 -2.7942426204681396
-0.6417301297187805 -0.5217106342315674 -2.9485278129577637
-0.5856233835220337 1.6115038394927979 1.1518398523330688
-0.8819249868392944 1.1683173179626465 -1.546348214149475
-0.15516826510429382 -1.3269908428192139 -2.6755664348602295
-1.2662830352783203 -0.36111700534820557 2.6365549564361572
-0.2522945702075958 0.4097205400466919 -2.9856255054473877
1.4585367441177368 0.24148917198181152 2.061849594116211
0.3872236907482147 0.5427477359771729 2.963613271713257
-0.15433908998966217 0.8116798400878906 -0.947475254535675
-1.4270756244659424 -1.1340724229812622 2.678719997406006
-1.2938827276229858 1.306050181388855 -0.16188277304172516
-0.8898575305938721 1.564569115638733 -2.954200267791748
1.5883337259292603 -1.0340036153793335 2.942399740219116
-0.5481090545654297 1.5257974863052368 2.9278440475463867
-0.8810538053512573 1.141850233078003 -1.0791082382202148
0.6631916761398315 0.6324406862258911 0.038903918117284775
-0.8199734687805176 1.0009068250656128 -1.9960136413574219
-1.0252957344055176 -0.24197228252887726 2.912473440170288
-1.1369664669036865 1.7817797660827637 2.7410900592803955
1.7339192628860474 0.7657645344734192 2.566117763519287
1.797303557395935 -0.03884528577327728 -2.308258295059204
1.9906502962112427 0.06729590892791748 1.0863746404647827
-0.7775185108184814 -0.009118318557739258 2.5678458213806152
1.5355488061904907 0.7122241258621216 0.7548894882202148
1.5064523220062256 0.19086632132530212 -1.886304497718811
1.5874518156051636 0.1546657830476761 -2.0375211238861084
-0.671776294708252 -1.1648142337799072 2.7057929039001465
-0.08133432269096375 0.07095114886760712 -1.840575933456421
-0.3114997148513794 0.06280231475830078 0.04820467159152031
1.6003905534744263 0.1019166111946106 -2.2304468154907227
-1.4180207252502441 1.3028676509857178 -1.5851764678955078
1.2873339653015137 0.6841941475868225 1.0650415420532227
0.49067509174346924 0.6150444746017456 0.9344027042388916
1.7556746006011963 0.050425827503204346 -0.9723840355873108
-0.5110068917274475 0.4779256582260132 2.8890974521636963
2.0502302646636963 0.27573657035827637 2.260725498199463
-1.2005343437194824 1.3251006603240967 -0.6203396320343018
-0.10080203413963318 0.056793272495269775 2.264780044555664
-0.4376818537712097 1.5021629333496094 -1.7593904733657837
-0.6031322479248047 1.5951892137527466 -2.9659578800201416
-0.7619040608406067 0.8824397921562195 -2.410823345184326
1.816165566444397 -1.3448059558868408 -2.65791916847229
1.504838228225708 -1.2003257274627686 -2.5249533653259277
0.6242635250091553 0.6270543336868286 1.610549807548523
-0.8344449996948242 1.6464483737945557 -1.1456071138381958
-1.2346630096435547 1.7924026250839233 -2.615807294845581
1.8973385095596313 -0.11185628175735474 2.9557363986968994
-1.448089599609375 1.2981575727462769 -1.7241812944412231
-0.8261931538581848 1.0714598894119263 -2.4943933486938477
-0.6127550601959229 1.639197587966919 -2.4182932376861572
1.6386905908584595 0.24632909893989563 1.4116512537002563
1.5298620462417603 0.2751445770263672 0.9602720141410828
-0.5007532835006714 1.601624846458435 -2.85554838180542
2.0812950134277344 0.4186483919620514 0.24885979294776917
1.2083557844161987 0.6830660104751587 1.0577884912490845
1.8904701471328735 0.664381206035614 -1.6537820100784302
1.9977471828460693 0.03207278251647949 -1.1178895235061646
-1.2765381336212158 1.532758355140686 -2.8976540565490723
0.6963785886764526 0.059741318225860596 -2.71593976020813
-0.16603289544582367 0.9185285568237305 -1.0505326986312866
0.9351948499679565 0.6379134654998779 -0.9903698563575745
-1.1816608905792236 1.7794508934020996 -2.355457067489624
-1.3210766315460205 1.5108144283294678 0.39638552069664
1.9618302583694458 0.5570904016494751 0.009827710688114166
-1.2374613285064697 1.6017956733703613 -2.575424909591675
-0.2221795618534088 1.1921885013580322 2.913593292236328
1.5409417152404785 0.222046360373497 -1.2846447229385376
1.1607660055160522 0.672211229801178 -1.567391276359558
0.09069888293743134 0.28253114223480225 -2.9653520584106445
-0.6727718114852905 0.19065219163894653 2.8846139907836914
1.6274888515472412 0.693320631980896 -1.5892329216003418
0.18411363661289215 0.5833134651184082 -1.7381784915924072
1.5770756006240845 -0.5838795900344849 -2.4918570518493652
0.5751792192459106 0.626090407371521 -1.3279633522033691
1.6733157634735107 0.7264876961708069 1.2122366428375244
2.107976198196411 0.3980221152305603 -1.0664219856262207
-0.8212714195251465 0.6694936156272888 2.5437071323394775
-1.3228354454040527 1.4137206077575684 1.9886219501495361
1.6844656467437744 0.10845164954662323 -0.3762965202331543
1.0414916276931763 0.6570729613304138 1.3137271404266357
-1.0219520330429077 1.175215721130371 1.0539584159851074
-1.1936159133911133 1.6300935745239258 0.6614959239959717
-1.1047500371932983 1.3548556566238403 -2.967313289642334
2.0051519870758057 0.060865968465805054 -0.3118847906589508
-1.1591554880142212 1.3357127904891968 2.7093846797943115
-0.7539602518081665 -0.9131608605384827 -2.9101836681365967
0.2596762776374817 -1.3231515884399414 -2.787553071975708
0.253680557012558 0.561102032661438 2.9362199306488037
1.423499345779419 0.6995973587036133 -0.3560534119606018
1.0077301263809204 0.11566725373268127 -2.193699836730957
2.0508992671966553 0.25640031695365906 2.2938623428344727
0.47128868103027344 0.6170339584350586 1.0789742469787598
0.6155279278755188 0.1097843199968338 0.3812083303928375
1.639040470123291 0.16446679830551147 2.9815428256988525
-0.534406840801239 0.05329449474811554 2.5028586387634277
1.6498793363571167 0.04613816738128662 1.8962630033493042
-0.32344692945480347 0.07197155058383942 -1.5836091041564941
0.4238925874233246 0.6142050623893738 -0.8292300701141357
-0.792669415473938 1.7237974405288696 1.0631954669952393
-0.05949540436267853 0.6684579849243164 -2.5266354084014893
1.6300097703933716 0.6217577457427979 2.956537961959839
-0.3840828239917755 0.0021033287048339844 -2.6122183799743652
0.5382484197616577 0.10073450207710266 2.9713399410247803
0.21060395240783691 0.08021388947963715 1.5241626501083374
1.0763709545135498 0.37349337339401245 2.9897592067718506
0.0934256911277771 0.08473145961761475 -0.4942532181739807
1.0545512437820435 0.14751872420310974 0.02824416570365429
2.1754496097564697 0.3181885778903961 -2.0198450088500977
-0.37695935368537903 0.6941928267478943 -2.9757182598114014
2.0759880542755127 0.40941163897514343 -0.45986616611480713
-0.7920857667922974 1.257647156715393 2.6521317958831787
1.6737871170043945 0.637692928314209 -2.3617215156555176
-0.3926057815551758 1.4252290725708008 1.4223005771636963
2.100522756576538 0.390058308839798 -1.094028115272522
-0.47152864933013916 0.6362385749816895 -3.0015242099761963
1.6848020553588867 0.737523078918457 1.1017147302627563
-0.20736193656921387 0.9689819812774658 -1.1341187953948975
-0.5353514552116394 1.122357964515686 2.9149954319000244
1.7076469659805298 0.38317984342575073 -0.4148227870464325
0.42013487219810486 0.6150742173194885 0.20683997869491577
1.9066250324249268 -0.35978156328201294 2.726227045059204
-0.14006267488002777 0.07926642894744873 -1.1594722270965576
1.6342593431472778 -0.9828065037727356 -2.7938876152038574
-0.7987965941429138 1.007620096206665 -1.5764646530151367
0.45822596549987793 0.09887389838695526 -0.8887255191802979
1.5337117910385132 0.22595342993736267 -1.2541438341140747
-1.183521032333374 1.7798572778701782 -0.32829946279525757
-0.2956061065196991 1.2464522123336792 0.967698335647583
1.592868685722351 0.6720571517944336 -2.8029327392578125
-0.021662969142198563 0.05863523483276367 1.9581669569015503
0.3823503851890564 0.6078237295150757 1.6365939378738403
0.7068668603897095 0.040140628814697266 2.906261920928955
0.33274394273757935 0.6074265241622925 1.0807065963745117
1.2165770530700684 0.20247897505760193 1.4647860527038574
1.5992964506149292 0.12762419879436493 -2.180499315261841
-0.9116589426994324 1.7681355476379395 1.796221375465393
-0.5049845576286316 0.38998767733573914 -0.6650680303573608
0.43698960542678833 -1.1975432634353638 2.6156229972839355
-0.5322626233100891 -1.4069099426269531 2.684211492538452
0.7087696194648743 0.6412382125854492 -1.5432790517807007
0.30619409680366516 0.6040681600570679 2.3828048706054688
1.5016541481018066 0.6469860076904297 -2.4842371940612793
-1.2214608192443848 1.2619097232818604 -1.0489879846572876
0.3890528976917267 0.60318922996521 0.20477789640426636
-1.2521392107009888 1.7161427736282349 2.026088237762451
-0.8873789310455322 1.7022219896316528 -1.091947317123413
-1.2027922868728638 1.3256264925003052 0.5111523866653442
0.5557723045349121 0.6065775156021118 -0.09275341778993607
-0.38168948888778687 0.07438299059867859 1.0456514358520508
1.582245111465454 -0.0018179714679718018 2.811314821243286
-0.7638702392578125 1.6568666696548462 -2.7768499851226807
-1.0534526109695435 1.7670661211013794 -2.366786241531372
-0.6703659892082214 0.778350293636322 0.0015706941485404968
-0.029083404690027237 0.061540283262729645 -2.577514410018921
-1.1416726112365723 1.793653130531311 -2.3992934226989746
0.7440611124038696 0.6331425309181213 -0.023199018090963364
1.1481938362121582 0.7023080587387085 -0.5571178793907166
-0.26043689250946045 1.1855076551437378 -0.7485786080360413
-0.2618824243545532 0.061919838190078735 -1.730387806892395
-0.8751757144927979 0.5043900609016418 2.49265718460083
1.5256692171096802 0.7163618803024292 -0.624958872795105
1.431392788887024 0.26573675870895386 0.9308623671531677
0.7012184262275696 0.052733972668647766 2.7173562049865723
-0.24871747195720673 1.1464321613311768 -0.3277224600315094
-1.2191301584243774 1.671390175819397 0.26362600922584534
0.07041651010513306 0.5816933512687683 -0.6969447731971741
1.7280791997909546 -0.061262160539627075 -2.5525259971618652
1.8122419118881226 0.021636664867401123 1.1191507577896118
-0.26679229736328125 1.1624386310577393 1.289426565170288
0.0906115174293518 -1.3915607929229736 2.732591390609741
-0.10297045856714249 0.6038240790367126 -0.7083929777145386
-0.2472495585680008 1.2028415203094482 2.115060329437256
-1.216797947883606 1.7390358448028564 -2.70369029045105
-0.9947359561920166 1.2496610879898071 -0.9286875128746033
-1.1465080976486206 1.7774150371551514 -0.41387268900871277
1.1862764358520508 0.12802156805992126 0.5136709809303284
-1.0020102262496948 0.24320417642593384 2.7898120880126953
-1.2655843496322632 1.60454523563385 1.3044836521148682
-1.2312164306640625 1.4655746221542358 0.08949301391839981
-0.35226261615753174 1.3410091400146484 1.496656894683838
0.2879057228565216 0.5919545888900757 -0.6282429695129395
1.2542210817337036 0.2426280975341797 2.988257884979248
1.6044518947601318 0.7748794555664062 1.1806159019470215
0.9963904619216919 0.11807799339294434 -2.2636821269989014
2.0868399143218994 0.15075327455997467 -2.3851425647735596
1.0947425365447998 0.6683571338653564 -0.3389504551887512
-0.36355602741241455 -1.3415178060531616 2.631584644317627
1.4807395935058594 0.6765921115875244 -1.7077783346176147
1.9116482734680176 -0.07663773000240326 2.8273918628692627
-1.3896993398666382 1.2691164016723633 -2.2075202465057373
1.0412567853927612 0.6654562950134277 -1.292807698249817
0.8423573970794678 0.1269543468952179 -0.259473592042923
0.9656148552894592 0.14116229116916656 1.4329463243484497
-0.3965650200843811 0.07406923174858093 1.236534595489502
1.3435592651367188 0.10866014659404755 -2.890402317047119
-1.2118892669677734 1.2671844959259033 -2.184218645095825
-0.6440379619598389 0.5582353472709656 -1.7985014915466309
-0.5478524565696716 0.12789349257946014 2.9364004135131836
-1.0908958911895752 1.7870506048202515 -0.5499384999275208
2.091143846511841 0.1257861852645874 -1.6656429767608643
1.818457841873169 0.7275600433349609 0.6262542605400085
0.7171053290367126 0.6280676126480103 -1.1925079822540283
-0.5233244895935059 0.42229706048965454 -0.558040201663971
-0.6237075328826904 0.380585253238678 2.5067410469055176
0.7284872531890869 0.11959397792816162 -1.5022603273391724
-1.3083105087280273 1.452108383178711 1.4647676944732666
-1.2473546266555786 1.3025307655334473 1.7167775630950928
1.5577865839004517 0.6895020604133606 -0.8880178928375244
1.1606332063674927 0.118692547082901 -2.4607512950897217
1.347040057182312 0.7248443365097046 -0.2538042962551117
1.2778435945510864 -1.349543571472168 -2.833414077758789
1.2349457740783691 0.5608011484146118 2.977552652359009
-0.7466505169868469 0.941119909286499 -1.019925832748413
1.6477590799331665 0.7589942216873169 2.4543585777282715
-0.7549530863761902 -1.1730389595031738 2.658048629760742
-0.2959219217300415 1.2347724437713623 2.616769790649414
0.11318014562129974 0.07325728237628937 1.4027670621871948
-0.7616757750511169 0.9774965047836304 2.552915096282959
-0.15543845295906067 0.33557718992233276 -2.9672365188598633
-0.6647294163703918 0.7966803908348083 -0.028646716848015785
1.7987874746322632 0.026256561279296875 -2.3705899715423584
-0.07076694071292877 -1.3153644800186157 -2.8121249675750732
0.3864150941371918 0.08572737127542496 1.2338316440582275
0.6993675827980042 -1.222963571548462 2.6592931747436523
1.1917295455932617 -1.4828541278839111 -2.7209229469299316
-0.6328017711639404 0.4339754283428192 -2.1164121627807617
-0.10430626571178436 0.9383915066719055 2.510206937789917
-1.327133059501648 1.4660866260528564 0.8778147101402283
-1.3259530067443848 1.5086884498596191 2.749408483505249
0.04989674687385559 0.08799117803573608 0.8980316519737244
0.4637453854084015 0.6182657480239868 -1.1319469213485718
-0.13684901595115662 0.6867160797119141 -1.1340042352676392
-0.5897606015205383 1.5843769311904907 -1.6029044389724731
0.8601185083389282 0.11121758818626404 0.015103123150765896
-1.0787328481674194 1.7907600402832031 -2.1517889499664307
0.20636135339736938 0.06565693020820618 -2.5829949378967285
0.08979195356369019 0.5834567546844482 -0.15695783495903015
1.5634995698928833 -0.07301540672779083 2.919757604598999
-1.4279721975326538 -1.2229900360107422 2.8022921085357666
0.8089107275009155 -1.3031498193740845 -2.8395462036132812
-0.1952083706855774 1.1103427410125732 2.220769166946411
0.21056485176086426 0.08510836958885193 -2.0184998512268066
0.1423531025648117 0.5668885707855225 2.5525896549224854
-0.8771001100540161 1.127805471420288 -2.7116329669952393
1.3071398735046387 0.09558059275150299 2.695528745651245
1.274193286895752 0.6863381266593933 1.0068544149398804
-0.8461513519287109 1.0258817672729492 2.8596205711364746
-0.2901994287967682 1.217353105545044 1.1802107095718384
1.1154440641403198 0.18771517276763916 -1.6807539463043213
-0.9479085206985474 1.7836483716964722 -0.5333826541900635
-1.4359519481658936 1.3871650695800781 -2.9752461910247803
-0.8263209462165833 0.935985803604126 0.5535516738891602
-0.7451937794685364 -1.076601505279541 -2.6085150241851807
-0.19093382358551025 0.9687082767486572 1.0273408889770508
0.6381586194038391 0.10230547189712524 -2.1716549396514893
0.05684908479452133 -1.4029849767684937 2.747955799102783
-1.1864041090011597 1.616602897644043 0.7803603410720825
-1.1851351261138916 1.7130802869796753 -2.869539260864258
0.7084036469459534 0.08497226238250732 2.3219926357269287
-1.2215969562530518 -0.6829414963722229 2.6687026023864746
0.1122056394815445 0.5751916170120239 -2.579822063446045
1.5420982837677002 0.7505515813827515 2.6492156982421875
-0.16317938268184662 0.9162967801094055 -2.10853910446167
-0.5038223266601562 0.23538397252559662 2.3799121379852295
-0.9355877637863159 1.07938814163208 0.9355831146240234
0.17627638578414917 0.07748902589082718 1.4813262224197388
2.0594682693481445 0.36972007155418396 2.131174087524414
1.0760208368301392 0.1024930477142334 2.229180335998535
-1.2399519681930542 -1.1399402618408203 -2.772491931915283
-0.11692314594984055 0.6167299747467041 -1.158246636390686
0.6468704342842102 0.11208837479352951 1.7246814966201782
-0.6054725646972656 0.607852578163147 -0.9531149864196777
1.9889636039733887 0.6824254989624023 1.8854706287384033
-0.8517858982086182 1.769736409187317 1.5893704891204834
0.6030241250991821 0.6261496543884277 -1.8091932535171509
0.3969093859195709 0.6429490447044373 2.8846750259399414
-0.1440569907426834 0.05503160506486893 -2.6960270404815674
-0.17745360732078552 0.9533289670944214 1.5533447265625
1.6177622079849243 -0.9231384992599487 -2.794687509536743
0.6474581360816956 0.10157302021980286 -2.3074049949645996
1.578906536102295 0.7574934363365173 1.2007484436035156
0.19361072778701782 0.07612977176904678 1.654592514038086
0.25332003831863403 0.09142410755157471 -0.16771891713142395
2.011667251586914 0.11690743267536163 2.557159900665283
1.0259753465652466 0.6374387145042419 -2.3822901248931885
-1.1469372510910034 1.296061396598816 0.31941094994544983
2.084197998046875 0.2483527809381485 -0.45518767833709717
-0.5320619940757751 0.4565556049346924 -0.5528016686439514
1.549575924873352 0.12034974992275238 -2.246901750564575
-0.6919812560081482 1.6049855947494507 -1.0457839965820312
-0.8767450451850891 1.5757781267166138 -1.5376447439193726
1.3850665092468262 0.5096803903579712 2.9702296257019043
0.9949509501457214 0.16521482169628143 -0.47482046484947205
-0.6918632984161377 -1.2755918502807617 2.932382583618164
0.22946861386299133 0.5374637246131897 -2.690375566482544
0.16384296119213104 0.5675754547119141 -2.7935783863067627
-0.20008020102977753 0.9634877443313599 -2.54141902923584
1.062212586402893 0.6954973936080933 2.6825830936431885
-1.2196065187454224 1.3310539722442627 0.9556074142456055
1.4613577127456665 -1.4491560459136963 -2.798877716064453
1.8324745893478394 0.691315770149231 -2.1200664043426514
-0.9271502494812012 1.2384867668151855 -0.9073150157928467
2.052083730697632 0.5217225551605225 2.192380905151367
-0.6948235630989075 1.6405545473098755 -1.2762112617492676
-1.0180400609970093 1.5973600149154663 -1.68092679977417
-0.20448671281337738 0.7914811968803406 1.6873432397842407
0.021044664084911346 -1.3888964653015137 2.8330979347229004
0.36853092908859253 0.6134958267211914 1.092861294746399
1.993137240409851 0.08299849927425385 1.4056710004806519
-0.09471437335014343 0.07453911006450653 -0.9192944169044495
-0.08416172862052917 0.7215617299079895 -2.7364261150360107
1.4555882215499878 0.5461940765380859 -2.9343624114990234
-0.37513595819473267 1.4089585542678833 1.5454801321029663
-0.6462536454200745 0.4082200825214386 -2.9762213230133057
-0.5265564322471619 0.524176836013794 0.41483402252197266
0.5275691151618958 0.6196637153625488 1.9712589979171753
-0.6912870407104492 0.5361455678939819 2.8775618076324463
-0.2575291097164154 1.1470885276794434 1.268184781074524
-1.0401591062545776 1.7757377624511719 -1.072016954421997
-1.0739585161209106 1.7801192998886108 0.5423305630683899
-0.2409738451242447 0.0642600953578949 0.2693495750427246
1.7007544040679932 0.6854405999183655 -1.2315316200256348
-0.4998462200164795 0.4719389081001282 1.3332717418670654
-0.9285001158714294 -1.2943116426467896 -2.8993654251098633
-1.0984021425247192 -1.3797221183776855 2.850100040435791
-0.124454066157341 0.05529174208641052 -2.569438934326172
-0.5318060517311096 0.5434191823005676 0.0006344434805214405
0.47449812293052673 0.0977058857679367 1.9921742677688599
-0.7076388597488403 1.708714485168457 1.7159887552261353
-0.8100994229316711 1.6643404960632324 -0.9161560535430908
-0.10470103472471237 0.0771530419588089 0.837261438369751
1.031774640083313 0.6708937883377075 1.633983850479126
1.3115202188491821 0.09177932143211365 -2.7860965728759766
1.6900347471237183 0.1257561594247818 -2.730654239654541
-1.395850658416748 1.4110499620437622 -1.0388424396514893
-1.3469934463500977 1.5115617513656616 2.4110984802246094
0.3383418619632721 0.09226348996162415 -1.4918584823608398
-0.428905189037323 1.4775093793869019 -0.6232064962387085
0.2517152726650238 0.06741282343864441 2.1898419857025146
-0.3343517482280731 1.333326816558838 0.078637033700943
-1.0318822860717773 1.8032816648483276 -2.2030134201049805
-1.1018881797790527 1.7706151008605957 0.009355228394269943
2.017329454421997 0.3265598714351654 2.9602274894714355
2.0837013721466064 0.1933174729347229 1.0566614866256714
0.4473592936992645 0.6136362552642822 -0.531581699848175
-1.2369239330291748 1.6443439722061157 0.8724104762077332
-0.9971742630004883 0.2577618360519409 2.4873080253601074
-0.9818727970123291 1.8124001026153564 0.7345371842384338
-0.2962799072265625 0.06165304780006409 -1.9688783884048462
0.6261343955993652 0.6249514222145081 0.8800312280654907
0.28009504079818726 0.5948127508163452 -0.6645991206169128
-0.10331087559461594 0.872246265411377 1.8112291097640991
1.5867226123809814 0.06410640478134155 2.0679116249084473
-1.2652848958969116 1.462315559387207 0.739301860332489
-0.11022420972585678 0.07259497046470642 -0.5556538701057434
-0.15098926424980164 0.07187160849571228 -1.27549147605896
-0.8320481777191162 -1.4394437074661255 2.8175389766693115
0.4973609745502472 0.6119408011436462 -1.8917676210403442
1.9223401546478271 0.6346632242202759 -2.3802342414855957
-0.9690737128257751 1.6753791570663452 -1.5040199756622314
-1.2233508825302124 1.264397144317627 -0.3692649006843567
2.0824949741363525 0.43616577982902527 0.46277889609336853
-0.0305379256606102 0.06952309608459473 0.5047419667243958
-0.8162899017333984 1.7293784618377686 1.2306281328201294
0.17002743482589722 -1.151503324508667 2.6249732971191406
1.0715250968933105 0.6788015365600586 -1.32121741771698
-0.4085332751274109 1.421053171157837 1.0188311338424683
1.6238281726837158 -0.5450127124786377 -2.4950549602508545
2.0558879375457764 0.4664829969406128 1.8610605001449585
1.8269270658493042 -0.013022854924201965 2.9785592555999756
-0.5790539383888245 0.23186370730400085 -2.5256564617156982
0.6250911951065063 0.10527141392230988 -2.0911855697631836
-0.8249912858009338 1.2363498210906982 2.4581923484802246
-0.35926324129104614 1.2502245903015137 -2.71854305267334
1.610329270362854 0.07682804018259048 2.9652061462402344
2.027348041534424 0.16862459480762482 2.6097474098205566
-0.9406725168228149 1.7966655492782593 0.7567357420921326
0.14430689811706543 0.5543303489685059 -1.1447728872299194
-0.4608703553676605 0.024526387453079224 2.7759525775909424
-0.8524103760719299 1.1906185150146484 2.2624518871307373
-0.21411535143852234 0.9873610734939575 -1.3629335165023804
-0.7541275024414062 0.7437374591827393 -2.6621923446655273
1.964051365852356 0.663142740726471 0.17327861487865448
0.4632631540298462 -1.3361918926239014 -2.6885557174682617
1.8904900550842285 0.03883025050163269 1.596331000328064
-0.3841126561164856 -1.2984362840652466 -2.6329736709594727
-0.6479916572570801 0.647689700126648 -1.3901950120925903
1.903903603553772 -0.40531378984451294 2.8951354026794434
-0.5165398716926575 0.49514394998550415 0.45298412442207336
0.48749908804893494 0.6224163174629211 1.533095121383667
1.881068229675293 0.03251555562019348 2.941131830215454
2.0961129665374756 0.5036747455596924 -0.8106318116188049
-0.5714239478111267 0.7767661809921265 1.1242434978485107
-0.9899536371231079 1.8085964918136597 -0.1475999653339386
-0.9929751753807068 -1.0374763011932373 -2.606146812438965
-0.4420326352119446 0.16701415181159973 -0.7143569588661194
-0.8980662226676941 0.7863783836364746 2.6021101474761963
0.548306941986084 0.6254864931106567 2.154423952102661
-0.5648282766342163 0.16640998423099518 -2.54403018951416
0.6237887144088745 -1.2988250255584717 -2.638903856277466
-0.46818798780441284 0.024254053831100464 2.817269802093506
1.9462019205093384 0.06007182598114014 1.7139562368392944
0.9867024421691895 -1.3719046115875244 2.714454174041748
0.33241045475006104 -1.3008313179016113 -2.8081107139587402
-0.5768056511878967 -1.2242231369018555 -2.6005637645721436
1.5861186981201172 0.2619006335735321 1.173599123954773
0.333523690700531 -1.30645751953125 2.619208574295044
-0.14185260236263275 0.7673286199569702 -0.921572744846344
-0.1867029368877411 0.8863638639450073 2.9738614559173584
1.6380620002746582 0.1653101146221161 1.95660400390625
-0.13417679071426392 -1.288230299949646 -2.799922466278076
1.685917615890503 0.39486396312713623 -0.18182161450386047
-0.09471525251865387 0.6742204427719116 2.9638051986694336
-1.2052979469299316 1.8041658401489258 2.6525933742523193
1.3062323331832886 0.23739248514175415 1.050103783607483
-0.7862895727157593 0.8513138294219971 2.479788064956665
-1.4185519218444824 1.372290849685669 -2.9936625957489014
1.5721544027328491 0.7518834471702576 0.9624754786491394
0.08384879678487778 0.07212544977664948 -2.568690776824951
2.0924623012542725 0.36144959926605225 -0.7479548454284668
-0.9370650053024292 1.7438983917236328 -1.125030755996704
-0.6972000002861023 1.6791470050811768 2.650111436843872
-0.8825995326042175 1.7883777618408203 -0.4709096848964691
0.5251681208610535 0.10047273337841034 1.8407142162322998
-0.4121973216533661 1.4711490869522095 1.4406962394714355
1.3997271060943604 0.04085938632488251 2.573051691055298
1.6737313270568848 0.2514117360115051 -0.43610790371894836
-0.3993024230003357 1.4429810047149658 1.4686418771743774
-0.03514278680086136 -1.306217908859253 -2.8159334659576416
-0.10274174809455872 0.7534496784210205 1.1473454236984253
1.7412128448486328 0.08391320705413818 -2.3883371353149414
1.7870455980300903 0.6916427612304688 -1.4890949726104736
-0.38633936643600464 1.4164209365844727 -1.9196747541427612
1.895092487335205 0.051337093114852905 -2.8623294830322266
1.3031102418899536 0.17203061282634735 -1.839323878288269
0.7759916186332703 0.11459590494632721 1.895933985710144
0.40134093165397644 0.6321224570274353 2.737107038497925
0.3971817195415497 0.030294984579086304 2.734863042831421
1.6012758016586304 -1.0821703672409058 2.9057726860046387
-0.5435104370117188 0.4988120496273041 -0.8297792077064514
1.6793063879013062 0.05534237623214722 1.5411417484283447
-1.363956093788147 1.2487409114837646 -0.9764702916145325
1.7222402095794678 0.6882402896881104 -0.9466124773025513
-0.7974069118499756 0.9196322560310364 -2.6350135803222656
-0.634231448173523 0.9604527354240417 2.0492422580718994
-0.25484317541122437 1.2272926568984985 2.2873265743255615
-0.1667613983154297 0.8785234093666077 0.09634163230657578
2.06101655960083 0.44038257002830505 1.9302626848220825
-0.6191408634185791 1.6204938888549805 1.042960524559021
-1.3858907222747803 1.2128963470458984 -2.840311050415039
0.16515924036502838 0.5689603090286255 -1.7797430753707886
-0.9542205333709717 -0.8997583389282227 -2.6549253463745117
-0.26951131224632263 1.1668016910552979 -2.8518147468566895
1.868309497833252 0.04699179530143738 2.003664493560791
-0.47080257534980774 0.3578212261199951 1.6974369287490845
1.5573066473007202 -0.9973549842834473 -2.5394625663757324
-0.24502238631248474 1.1220120191574097 -0.6236547231674194
-0.5723452568054199 1.2485729455947876 -2.9905521869659424
0.9400308728218079 0.6854625940322876 2.837346076965332
-0.1331365406513214 0.7658506631851196 -1.5314174890518188
1.8463596105575562 -0.13498184084892273 -2.7769453525543213
1.4894615411758423 -1.3127986192703247 -2.5138449668884277
-0.1010858491063118 0.06292738020420074 1.9280768632888794
-0.1209447830915451 0.06530222296714783 1.0120642185211182
1.3626495599746704 0.6950981020927429 1.0346914529800415
0.8264564871788025 0.6409039497375488 -0.6257153153419495
2.1540982723236084 0.40077048540115356 -1.6622508764266968
1.6813879013061523 0.16391032934188843 -0.09622465074062347
-0.7422258257865906 1.7645072937011719 0.6568670272827148
-0.7783921957015991 0.9736400246620178 0.409142404794693
0.4961479604244232 0.10473135113716125 -1.191659927368164
1.4167277812957764 0.689899742603302 -1.1122008562088013
-0.5341506600379944 1.585538387298584 1.5795331001281738
-0.5141922831535339 0.6385266780853271 1.8537743091583252
-0.6800840497016907 -1.1057771444320679 -2.6008267402648926
-0.14090387523174286 1.0576435327529907 2.747462511062622
-1.3970868587493896 1.468987226486206 -0.8257452845573425
0.8036084771156311 0.12209151685237885 0.6861599087715149
-1.2036513090133667 1.5438544750213623 -2.11608624458313
0.8710328936576843 0.5525649785995483 -2.8117501735687256
1.1199167966842651 0.6773130893707275 -0.3993869721889496
2.008390188217163 0.09970562160015106 0.3771122097969055
1.4834152460098267 0.26106905937194824 -0.7675511240959167
0.27371665835380554 0.5942712426185608 -0.8774008750915527
-0.739179253578186 0.7788266539573669 2.8660433292388916
-0.8904841542243958 1.6272886991500854 -1.1007438898086548
-0.5804679989814758 0.6651830077171326 0.6328709721565247
0.9046597480773926 0.5731189250946045 2.987748861312866
0.5588473081588745 0.0969432145357132 1.9499750137329102
1.87691330909729 0.019235074520111084 -1.4917768239974976
-0.6381546854972839 1.676650881767273 1.7647147178649902
-0.4820639491081238 0.2832314372062683 0.5474571585655212
1.6908823251724243 0.7218468189239502 -1.486855387687683
-0.9907282590866089 1.3225548267364502 2.489741325378418
-0.7064054608345032 0.9295755624771118 1.2613365650177002
-0.17321979999542236 0.8306689262390137 -1.2415870428085327
-0.8376976847648621 1.2866321802139282 2.4460556507110596
0.0893179178237915 0.25816184282302856 -2.9640955924987793
1.689170479774475 0.7353637218475342 1.839996576309204
-0.406747430562973 0.05142080783843994 -2.2977468967437744
-1.1033953428268433 1.784906029701233 2.086209774017334
-0.13352756202220917 0.744792103767395 -0.6211981773376465
-1.1752781867980957 1.7780869007110596 -0.017312902957201004
-0.6793466806411743 1.6820099353790283 0.42592713236808777
1.9767731428146362 0.6354634165763855 -0.6330165266990662
-1.2255656719207764 -1.309800386428833 2.7124452590942383
0.6849028468132019 -1.1680101156234741 2.71494722366333
2.132704734802246 0.544987142086029 -2.0490403175354004
0.9683644771575928 -1.3086131811141968 -2.7048187255859375
-0.16478291153907776 0.0688692033290863 1.8005434274673462
-0.036926768720149994 0.8208379149436951 2.598144054412842
0.4437952935695648 0.6045433282852173 -1.8669358491897583
0.10648117959499359 0.5714191198348999 -1.6313095092773438
1.6002894639968872 0.6950260400772095 -0.7607361078262329
1.8097032308578491 0.5242552757263184 -2.9510319232940674
-1.124562382698059 1.2667365074157715 -1.8656337261199951
1.4542131423950195 0.26113560795783997 -0.5108668804168701
-0.39869198203086853 1.4128780364990234 -2.6728575229644775
-1.1817960739135742 1.2908856868743896 1.5929391384124756
1.0629258155822754 -1.3511953353881836 2.921055316925049
1.075277328491211 0.63116055727005 -2.465141773223877
-0.35004761815071106 0.043774038553237915 -2.44507098197937
0.0044508688151836395 -1.1599634885787964 -2.6128666400909424
1.0813755989074707 0.7027019262313843 2.542714834213257
-0.839676022529602 1.0227470397949219 -2.6429173946380615
1.613299012184143 0.6867514848709106 -0.6042751669883728
1.1208000183105469 0.6378936171531677 -2.0173075199127197
2.0595667362213135 0.5330526828765869 1.7381007671356201
0.5897956490516663 0.6208237409591675 -1.7504816055297852
-0.5082821846008301 0.42529183626174927 1.3739036321640015
-0.4045793414115906 1.4527618885040283 -0.8882548213005066
2.087918519973755 0.2572498619556427 0.3710702061653137
-0.4769729971885681 1.5054067373275757 2.7770822048187256
-1.1150606870651245 1.7931448221206665 0.7173519134521484
-0.646796703338623 0.86665278673172 1.4902063608169556
1.1696006059646606 0.1216321736574173 2.5919342041015625
2.0610244274139404 0.4540362060070038 0.02619144693017006
-1.1901664733886719 1.2913047075271606 -0.2340357005596161
2.082329034805298 0.18986177444458008 1.1087297201156616
1.676755428314209 0.11177931725978851 -0.8448237180709839
-1.3481935262680054 1.7262780666351318 2.584944009780884
-0.8456698060035706 0.711938202381134 2.6025402545928955
0.11513590812683105 0.5934493541717529 -0.34238752722740173
0.4138311743736267 0.2768990993499756 2.968938112258911
2.063490152359009 0.257266640663147 1.6962392330169678
0.37430304288864136 0.07633484899997711 2.4882700443267822
1.9728881120681763 0.16167166829109192 2.877617120742798
1.7107394933700562 -0.24215278029441833 -2.559401035308838
1.8580408096313477 -0.5558461546897888 -2.6369216442108154
-0.7760543823242188 -0.944544792175293 -2.9219064712524414
0.6723735332489014 0.6177008152008057 -1.7792400121688843
-0.5555697083473206 0.4954344630241394 -0.8872077465057373
1.2156378030776978 0.680361270904541 0.9162480235099792
-1.0408190488815308 1.7941663265228271 1.8813611268997192
-1.2206274271011353 -0.657082200050354 2.9150984287261963
-0.7244189381599426 1.73785400390625 2.6338040828704834
0.19521519541740417 0.5884863138198853 -2.8826723098754883
1.8805899620056152 0.7065841555595398 0.32903170585632324
0.9993237257003784 0.04099264740943909 2.870986223220825
-0.8489108085632324 0.11472930014133453 2.4672811031341553
1.6984872817993164 -0.10209542512893677 2.9504663944244385
1.5419613122940063 0.2045527845621109 -0.2608833611011505
1.4698196649551392 0.21513986587524414 2.218168258666992
2.0741825103759766 0.30994072556495667 -0.06873515248298645
-1.2816722393035889 1.271182894706726 -1.875846266746521
-0.15179555118083954 0.6319831609725952 -0.7986027002334595
2.0221829414367676 0.24527660012245178 -2.486272096633911
1.465090274810791 0.6906507611274719 -1.4781121015548706
2.014594316482544 0.6142387390136719 -1.8841675519943237
-0.800970733165741 1.423892617225647 -2.903604030609131
-0.12780994176864624 0.042986929416656494 2.5779550075531006
1.8822813034057617 -0.04660379886627197 2.54470157623291
-0.7160134315490723 -1.168967366218567 2.8311634063720703
0.05894707515835762 0.05222362279891968 2.968163251876831
-0.8371847867965698 1.6036971807479858 2.931377649307251
0.4330217242240906 0.6215267777442932 -0.915479838848114
-0.47657090425491333 0.2827455699443817 -0.7787591218948364
-0.9755197763442993 0.38086003065109253 2.7328407764434814
1.032662034034729 0.659876823425293 -0.9635021686553955
1.8225308656692505 -0.16738161444664001 -2.473935127258301
1.714664340019226 -0.07239077985286713 2.6382269859313965
0.5054574608802795 0.6156815886497498 1.3789881467819214
1.635604739189148 0.14222466945648193 0.0030890959315001965
2.0519349575042725 0.5631160140037537 0.9581748843193054
-0.23085951805114746 0.049119800329208374 1.8801525831222534
-1.1691194772720337 1.2919766902923584 2.182605743408203
0.6794078946113586 0.6204671859741211 -0.9203330874443054
-0.7105387449264526 0.7597625255584717 -1.9133189916610718
-0.6927120685577393 0.6031341552734375 -2.4602725505828857
1.522579312324524 0.29498934745788574 0.2078624963760376
-0.9118325710296631 1.1085660457611084 1.4311448335647583
-0.24625399708747864 1.1270326375961304 1.4343225955963135
-0.3300222158432007 -1.402093529701233 2.804482936859131
-1.0149321556091309 1.234460473060608 -1.0526342391967773
1.5943084955215454 0.3132707476615906 -2.8985612392425537
1.8939999341964722 0.038492411375045776 1.3313735723495483
2.001401901245117 0.2262692153453827 2.9097890853881836
-0.4199378490447998 1.5171483755111694 -2.8730010986328125
1.5110323429107666 0.17372767627239227 -2.099073648452759
1.9761353731155396 0.6697671413421631 1.5263290405273438
-0.7922632694244385 1.7151869535446167 1.8471781015396118
-1.4354734420776367 1.4198644161224365 -2.081738233566284
1.6405937671661377 0.42946162819862366 0.14995774626731873
-0.12242312729358673 -1.3540960550308228 2.659334659576416
0.33012455701828003 0.6072750091552734 1.84386146068573
-0.4626261591911316 0.20712701976299286 0.6750672459602356
-0.7663633823394775 0.9671266674995422 -0.6360126733779907
0.5219189524650574 0.07777620851993561 2.319924831390381
-1.2513926029205322 1.2833809852600098 0.15847483277320862
-1.2572617530822754 1.7335410118103027 2.8367867469787598
-1.059497594833374 1.2320674657821655 -0.5154064893722534
1.989825963973999 0.65683513879776 0.49858054518699646
1.5461853742599487 0.6982611417770386 0.5777477025985718
-0.3090142011642456 1.1758649349212646 2.9663913249969482
2.0960395336151123 0.4952625036239624 -0.8532174825668335
-1.0451070070266724 1.2645549774169922 -0.7708923816680908
-0.5140271186828613 0.37465113401412964 -0.8874836564064026
-0.7160776853561401 1.1487631797790527 2.9085853099823
-0.4458022713661194 0.22216996550559998 2.9225454330444336
-0.5355219841003418 1.5692753791809082 -2.6468615531921387
-0.40064361691474915 1.4183745384216309 -2.1832573413848877
-0.11719390749931335 0.6668673753738403 2.966012716293335
0.2402341663837433 0.09103654325008392 -1.6633561849594116
1.4731693267822266 0.6990458965301514 -1.22995924949646
-0.5883487462997437 -1.236126184463501 2.942924737930298
1.605155110359192 0.3151957392692566 -0.6278151869773865
1.3459641933441162 0.7006255388259888 1.8373593091964722
1.8259598016738892 -0.6677744388580322 -2.654118061065674
0.19807186722755432 0.08487286418676376 -1.7568016052246094
1.8195041418075562 0.7516673803329468 2.1269359588623047
-0.1433311104774475 0.8355415463447571 -1.6937204599380493
0.09056190401315689 0.6045328378677368 1.1885974407196045
-1.4358439445495605 1.3964881896972656 -2.034550666809082
1.8549262285232544 0.7036218643188477 0.07483555376529694
-1.00312077999115 -1.3140015602111816 -2.69484281539917
-1.3838660717010498 -1.1131869554519653 2.697432279586792
0.7285650968551636 -1.2362329959869385 2.912949562072754
-0.2632085680961609 0.0616394579410553 0.2200789600610733
1.2664706707000732 0.1786424070596695 -1.7697820663452148
-1.1392489671707153 1.2635154724121094 -2.3642899990081787
-1.2103197574615479 1.2230182886123657 2.3412108421325684
1.766660451889038 -1.4483104944229126 -2.7967891693115234
1.143440842628479 0.2025054395198822 2.269225597381592
1.4654386043548584 0.43266722559928894 2.9855456352233887
2.0596115589141846 0.4315667450428009 -0.06478767842054367
-0.6820290684700012 1.7171663045883179 -1.9488605260849
-0.036167651414871216 0.08496272563934326 -1.2625657320022583
-0.6259886622428894 0.3586338758468628 -2.5286781787872314
1.4612268209457397 -1.219062089920044 2.9442477226257324
1.7103815078735352 0.015376567840576172 1.2402920722961426
0.8327734470367432 0.1320987045764923 0.08604534715414047
-0.7518401741981506 0.8655163049697876 -1.6260180473327637
-0.5686292052268982 0.5531308054924011 -0.5973677039146423
1.86388099193573 -0.14850862324237823 2.928790330886841
0.9184638857841492 0.6435308456420898 -1.7464154958724976
1.3431459665298462 0.6503586173057556 -2.63454008102417
-0.4887133836746216 0.22713039815425873 2.109084129333496
2.0728635787963867 0.19955740869045258 1.5694366693496704
-1.1445488929748535 1.7763277292251587 2.626210927963257
-0.21510913968086243 1.0438554286956787 -0.4677206575870514
0.2542162239551544 0.5953757762908936 2.7495644092559814
1.4567241668701172 0.22941099107265472 1.8168237209320068
1.811892032623291 -0.6823638677597046 -2.72143816947937
-0.9285096526145935 1.7671098709106445 1.2561215162277222
-0.2256268411874771 0.19798067212104797 2.880485773086548
-1.4371737241744995 1.3100337982177734 -2.3830137252807617
1.2382243871688843 0.6771045923233032 1.1361135244369507
1.6521687507629395 0.7032187581062317 0.8844575881958008
1.6923654079437256 0.10345220565795898 -2.83708119392395
-0.229834645986557 1.059901475906372 -2.066969633102417
0.3963061273097992 -1.3402609825134277 -2.6382782459259033
-1.1209453344345093 1.7869712114334106 0.47774627804756165
1.630223035812378 0.5584934949874878 2.96859073638916
1.857117772102356 -0.5057089328765869 -2.6966519355773926
-0.474708616733551 0.7992933988571167 2.930215835571289
-0.8606429100036621 1.2080585956573486 1.6068421602249146
0.6465210318565369 0.6504384279251099 2.5726840496063232
1.4377118349075317 0.4180222451686859 0.6056337952613831
2.0181198120117188 0.05834716558456421 -2.3693296909332275
1.4864779710769653 0.7027027010917664 -0.9154260754585266
-0.21127280592918396 0.06339511275291443 2.11594820022583
-0.025758106261491776 0.06988836824893951 0.398634672164917
0.6498987674713135 0.6238610744476318 -0.4169412851333618
0.7262719869613647 0.6399436593055725 1.2451852560043335
1.7266846895217896 -0.009131774306297302 2.9857399463653564
0.211471289396286 0.6014493703842163 -0.29888832569122314
-0.7416832447052002 0.8462406396865845 -1.7324649095535278
1.5216035842895508 0.13379403948783875 2.249337911605835
0.07142865657806396 0.5472273826599121 -1.276769995689392
1.3653987646102905 0.24423225224018097 2.476714849472046
1.5034120082855225 0.4659874141216278 0.3147121071815491
1.101022481918335 0.6682279706001282 -1.6569724082946777
-0.2316901683807373 0.07018066942691803 -1.2576377391815186
-0.18481755256652832 0.061775825917720795 -1.576192021369934
2.160723924636841 0.23979610204696655 -2.8619742393493652
1.0210901498794556 0.5945620536804199 -2.9455862045288086
0.16484558582305908 0.6124981045722961 2.366929769515991
1.6744227409362793 0.350988507270813 -0.3768042027950287
2.0596890449523926 0.15531572699546814 -0.4555639922618866
2.0051000118255615 0.6250429749488831 -0.24804261326789856
-0.12420741468667984 -1.1765280961990356 -2.5948476791381836
0.08562279492616653 0.4956369996070862 -2.649881362915039
-0.19240877032279968 0.9956735968589783 0.6958962082862854
1.3784096240997314 0.23882204294204712 -0.49492037296295166
-0.5749381184577942 1.616611123085022 2.3624303340911865
0.9128051996231079 0.6318641901016235 -2.051203489303589
-1.0261313915252686 1.1696557998657227 1.0545690059661865
0.2282651662826538 0.5925287008285522 2.549063205718994
1.9115076065063477 0.696057915687561 0.5887306928634644
-0.7328903079032898 -1.2553060054779053 -2.89490008354187
1.5516890287399292 -0.9113214015960693 -2.539973497390747
-0.16424693167209625 0.8596711158752441 -0.8062692284584045
-1.1474478244781494 1.7704403400421143 2.4852185249328613
0.15011894702911377 0.6183220148086548 2.706454277038574
-1.3751873970031738 1.2678072452545166 -0.9250295162200928
-0.5265740752220154 1.5321009159088135 -1.3055896759033203
0.3012528121471405 0.6082254648208618 -0.11643896251916885
-0.28839990496635437 0.04941365122795105 2.4850144386291504
-0.42457300424575806 1.4634740352630615 1.2394068241119385
-0.7022305727005005 0.8310631513595581 -0.06482060253620148
0.18612739443778992 0.04737800359725952 2.7107417583465576
-0.8775506019592285 -1.264043927192688 -2.9210727214813232
-1.221194863319397 1.7482937574386597 -2.7525155544281006
1.510401725769043 0.692406415939331 -0.19525502622127533
-0.9781284928321838 0.3865167796611786 2.5386674404144287
-0.15694034099578857 0.07814890146255493 -0.9936501383781433
-0.34942758083343506 1.293192982673645 -2.317246913909912
-0.23211729526519775 1.1119464635849 -0.03935107961297035
0.52491295337677 0.09268808364868164 0.4108240008354187
1.6764906644821167 0.09677387773990631 -1.7762818336486816
1.5793585777282715 0.20384937524795532 -1.4210827350616455
0.7310323119163513 0.4151943325996399 -2.965874433517456
-1.1367098093032837 1.7781952619552612 2.641422748565674
-0.5858246088027954 0.009695932269096375 2.769634485244751
1.2930541038513184 0.18916842341423035 0.289319783449173
0.6108714938163757 0.11632779240608215 -1.4572139978408813
1.0281200408935547 0.6752867698669434 1.7528064250946045
0.14925122261047363 0.07200497388839722 0.33418917655944824
0.6670584082603455 0.102275550365448 0.6800483465194702
-1.4506165981292725 1.3799335956573486 -2.7612106800079346
-0.2039993703365326 1.1967085599899292 2.9082045555114746
-1.2933799028396606 1.5746877193450928 -0.9152523875236511
-0.07918641716241837 0.7121645212173462 0.8907297849655151
1.6317050457000732 -0.481062114238739 -2.6572132110595703
-0.4067251980304718 1.4472719430923462 -0.528357982635498
1.2594677209854126 0.1697784811258316 0.6329460144042969
1.6208842992782593 -1.471740961074829 -2.6128017902374268
-1.2568769454956055 1.347708821296692 1.323887825012207
0.9425544738769531 0.633534848690033 0.28638413548469543
-1.2685390710830688 1.6844063997268677 1.6653119325637817
-0.7413778305053711 0.9098172783851624 -0.1714487075805664
1.9254615306854248 0.6743335127830505 -0.1916743367910385
-0.5253366231918335 0.5935500860214233 1.384932518005371
0.9621928334236145 0.1459210366010666 -0.3453707993030548
0.06135017052292824 0.5544025897979736 -1.0914695262908936
-0.37839818000793457 1.4203953742980957 1.5788638591766357
0.6226827502250671 0.6272749900817871 0.420620322227478
1.1796164512634277 0.07692785561084747 -2.8698737621307373
1.556273341178894 0.6071941256523132 -2.9348721504211426
-1.2564359903335571 1.218953013420105 -2.490967035293579
0.8552182912826538 0.14557036757469177 -1.1474835872650146
0.9394845962524414 0.6562734246253967 1.1281802654266357
1.4424463510513306 0.22745788097381592 1.6602675914764404
-1.1749022006988525 -1.2548435926437378 -2.9491124153137207
-0.639229953289032 0.9905182719230652 2.9201064109802246
0.12814414501190186 0.08071047067642212 -1.6076724529266357
-0.7875367403030396 1.1641925573349 2.8732502460479736
-0.7236049175262451 1.6730296611785889 -1.242608904838562
1.7195448875427246 0.018822133541107178 1.26356840133667
-0.7660245299339294 1.7338975667953491 2.56396222114563
-1.0735098123550415 -0.5433589220046997 2.810548782348633
0.8604332804679871 0.6436969637870789 -0.7650616765022278
-1.0288039445877075 1.1914806365966797 0.9134727120399475
1.8767062425613403 0.00023862719535827637 2.8398053646087646
-0.9055862426757812 1.1922626495361328 -0.8655818104743958
0.37636399269104004 0.4713827967643738 2.967738628387451
-1.2155768871307373 1.752958059310913 -0.6940929889678955
-0.22481700778007507 0.044666171073913574 2.5405988693237305
0.7976412773132324 0.63362717628479 0.9480249881744385
-1.0343114137649536 1.2099872827529907 -2.9335875511169434
-0.3911419212818146 1.4431753158569336 1.5502339601516724
0.1405756026506424 0.7404196262359619 2.862112283706665
0.5453607439994812 0.5891363024711609 -2.804408311843872
2.082007884979248 0.35837051272392273 0.938408613204956
1.8038617372512817 0.05552344024181366 -2.168516159057617
2.0496904850006104 0.5074015259742737 2.1656010150909424
1.671002984046936 0.6758987307548523 -2.422935962677002
-0.7126493453979492 1.7163057327270508 -1.7017658948898315
0.1255236715078354 0.6660711765289307 2.764195203781128
1.6465891599655151 0.15373900532722473 -1.185159683227539
0.8628892302513123 0.12059696018695831 0.7501956224441528
2.0745015144348145 0.26172685623168945 1.25416100025177
0.5914526581764221 0.13867667317390442 -2.964500665664673
-0.6624752879142761 0.6180649995803833 -1.777493953704834
1.6141895055770874 -0.8073779344558716 -2.7870397567749023
0.49440282583236694 0.6243883371353149 -0.8021088242530823
-0.48646271228790283 0.41834351420402527 1.477165937423706
-1.2298033237457275 1.645611047744751 1.184294581413269
1.9942328929901123 0.6029342412948608 2.947505474090576
0.5478093028068542 0.6217278242111206 0.07036692649126053
1.5565595626831055 0.7141768336296082 -0.5683093667030334
-1.3586103916168213 1.267882227897644 -1.3687801361083984
1.0300118923187256 0.6877450346946716 0.19546589255332947
1.0143048763275146 0.6594417095184326 1.4942682981491089
-0.05163449048995972 0.7405247092247009 2.073436975479126
1.1294955015182495 0.1845327615737915 -0.5759826302528381
-0.5818095207214355 0.18679195642471313 2.9086203575134277
-0.6857391595840454 1.3929967880249023 2.93992018699646
0.33900487422943115 0.09111617505550385 -1.956903100013733
0.9163912534713745 0.6552111506462097 -1.3762266635894775
-0.257220059633255 1.1577037572860718 -2.0120015144348145
1.1381487846374512 0.35644763708114624 -2.960449457168579
0.5785655975341797 0.1139819547533989 2.963973045349121
-0.8615068793296814 1.757777452468872 1.6320596933364868
1.5656837224960327 0.2663171887397766 1.2600948810577393
1.46847665309906 0.27808254957199097 -0.4241551160812378
-0.5450968146324158 1.5797345638275146 -0.190214604139328
-1.0272331237792969 1.7649763822555542 1.9746291637420654
0.7064250707626343 0.12377245724201202 -1.4582371711730957
-0.19202043116092682 0.9399915337562561 -0.5517057180404663
1.1360676288604736 0.6639351844787598 0.12984144687652588
-1.4361011981964111 1.3513020277023315 -2.2807672023773193
1.4398068189620972 0.24210453033447266 -1.5736488103866577
-0.781597912311554 0.4422597289085388 -2.944828987121582
-0.49358469247817993 -1.1914432048797607 -2.894932985305786
0.594469428062439 0.10123617947101593 0.5183630585670471
0.2855294346809387 0.08845590054988861 1.5945208072662354
-0.4064224362373352 1.4506222009658813 -0.4239867329597473
0.8382334113121033 0.320761501789093 2.9790847301483154
-0.47922804951667786 0.1379377543926239 -1.230020523071289
-0.8104562759399414 1.685238242149353 -0.7475839257240295
-0.5540671944618225 1.5509010553359985 -1.2867943048477173
-0.8377675414085388 1.6331655979156494 -1.6054738759994507
1.5443520545959473 -0.8717422485351562 -2.5479369163513184
-0.6084005832672119 -1.096252679824829 -2.657309055328369
1.7691396474838257 0.02137884497642517 2.1567606925964355
-0.08146992325782776 -1.364767074584961 2.6626081466674805
-1.2188113927841187 1.340674638748169 0.9460350275039673
2.1060171127319336 0.20670808851718903 -1.465146541595459
-0.8357154130935669 -1.0867453813552856 -2.899099111557007
1.5115234851837158 -0.9851003885269165 2.7173011302948
2.177948474884033 0.3491927981376648 -2.516470432281494
2.082047939300537 0.2778246998786926 1.557474136352539
1.880176067352295 0.6587117314338684 -1.2150245904922485
2.0347185134887695 0.5613855123519897 2.2564125061035156
0.44074076414108276 0.6141228675842285 0.4539865553379059
0.34026235342025757 0.09158726036548615 1.4992139339447021
1.2337822914123535 0.23609940707683563 2.5234744548797607
-0.28085246682167053 0.7454879283905029 2.958733558654785
-0.7032907605171204 1.6953833103179932 2.2517051696777344
-0.7865091562271118 0.9251339435577393 -2.213101625442505
1.424801230430603 -1.4688800573349 -2.7294633388519287
1.5602951049804688 0.2040887475013733 -2.882883310317993
2.0548062324523926 0.14410504698753357 0.04241291806101799
1.779947280883789 0.0065352171659469604 2.577787160873413
-0.11676975339651108 0.04127304255962372 -2.7302775382995605
-0.09025880694389343 0.8262416124343872 1.9824726581573486
-1.3994507789611816 1.2906029224395752 -0.86207515001297
0.06940831989049911 0.05886243283748627 0.29940909147262573
-1.226181983947754 1.519992709159851 -2.2647290229797363
-0.799157977104187 0.9379627108573914 0.12421384453773499
-0.8248741030693054 1.242363452911377 2.5809948444366455
-1.0470647811889648 1.8004708290100098 -2.71875
1.013252854347229 0.6683709621429443 -0.17104850709438324
1.1012996435165405 0.6672708988189697 1.05644953250885
-0.23332735896110535 1.170486330986023 2.025106906890869
0.7140215039253235 0.6235523819923401 0.153640478849411
1.7259269952774048 0.04638558626174927 -0.12347163259983063
-0.9295458793640137 1.7829864025115967 0.18077830970287323
1.7479766607284546 -0.7180793285369873 2.9178948402404785
-0.5086768865585327 0.4245195686817169 -2.9725000858306885
-1.1760964393615723 1.2742283344268799 0.7346000075340271
-1.210362434387207 1.2804105281829834 2.0924313068389893
-0.4058329164981842 1.4346320629119873 0.7299752235412598
0.9163367748260498 0.31398114562034607 2.9821739196777344
1.0561482906341553 0.038438230752944946 2.83604097366333
-0.10023272037506104 0.020222574472427368 2.779627561569214
-0.6758043169975281 0.026693642139434814 -2.9555981159210205
-0.050599321722984314 -0.004003793001174927 2.8609542846679688
1.6966359615325928 0.6527966260910034 -1.578545093536377
0.6955428123474121 0.10969492793083191 1.9365670680999756
1.8932926654815674 -0.06416770815849304 -2.4249653816223145
-1.1737041473388672 1.7622617483139038 -2.4367825984954834
0.8559679388999939 0.6435647010803223 -0.6527411937713623
0.2999957203865051 0.605605959892273 0.6529605984687805
0.5199527144432068 0.08961808681488037 -2.5182223320007324
0.26177796721458435 0.5789164304733276 -1.9533096551895142
1.1484835147857666 0.19625544548034668 -0.7654337882995605
-1.0322973728179932 1.3285315036773682 -0.8656654357910156
-1.038525104522705 1.7882823944091797 -2.64837646484375
-1.2359490394592285 1.6778732538223267 1.8955520391464233
1.2515231370925903 0.7042955160140991 2.7058706283569336
1.023714542388916 0.1538044512271881 -2.205883264541626
-0.4745118021965027 0.657897412776947 -3.0142247676849365
2.0667779445648193 0.4793627858161926 0.25916895270347595
-1.0796841382980347 1.369157075881958 -1.7516684532165527
0.3008919954299927 0.07035785913467407 0.04712884873151779
-0.17684316635131836 0.07511912286281586 1.374308705329895
-0.28197911381721497 1.2164863348007202 -0.5428737998008728
-1.2123230695724487 1.265918493270874 -0.1299646645784378
0.9463756680488586 0.6516290903091431 1.2431185245513916
-0.8256244659423828 1.721622109413147 1.3420500755310059
1.6422306299209595 0.25775426626205444 -0.6980987191200256
-1.214266300201416 1.7551788091659546 -0.15480193495750427
-0.6371973752975464 0.7147766351699829 -0.2170436531305313
-0.9106489419937134 1.5100364685058594 2.924339532852173
0.22563160955905914 0.06226208060979843 2.5026192665100098
1.0252755880355835 0.655997633934021 0.7054635286331177
0.8543869256973267 0.1219978854060173 1.339159607887268
0.42974382638931274 -1.352260947227478 -2.7719249725341797
0.4607114791870117 0.1044512391090393 -0.3479297459125519
-0.3361580967903137 1.316954493522644 -1.6090672016143799
-1.2795416116714478 1.27239990234375 -1.4612033367156982
-0.7871098518371582 1.725046157836914 1.7783626317977905
0.6412608623504639 0.09548555314540863 2.0329904556274414
-1.254927396774292 1.6388517618179321 0.3628314733505249
-1.0716863870620728 1.2861312627792358 1.0466375350952148
-0.868550181388855 1.6628031730651855 -1.1364840269088745
-0.8689659833908081 1.1475893259048462 -1.173251986503601
-0.02736000344157219 0.14200124144554138 -2.9611785411834717
0.4749941825866699 0.6115676760673523 -0.7257902026176453
-0.15139839053153992 0.05050539970397949 1.8797444105148315
-1.2607195377349854 -1.1572054624557495 2.7722039222717285
0.8061484098434448 0.13490188121795654 -0.5738409161567688
0.3545930087566376 0.3660420775413513 2.9672179222106934
1.2200393676757812 0.6737614870071411 0.26425132155418396
-0.9057497978210449 1.7095023393630981 -2.8581295013427734
-0.16245609521865845 0.06829023361206055 1.4695724248886108
1.72934091091156 -0.3559265434741974 -2.3201918601989746
0.279726505279541 0.07613973319530487 -1.2514804601669312
-0.10972574353218079 0.0652148425579071 0.969382107257843
-0.39706289768218994 -1.0738657712936401 -2.6447815895080566
-1.023169994354248 1.7608239650726318 0.9620704650878906
2.0140788555145264 0.6292160153388977 2.4347727298736572
1.0874221324920654 -1.1330331563949585 2.883035898208618
-1.0014410018920898 1.7926299571990967 -2.6842572689056396
-0.9921548962593079 1.791919469833374 -0.4440343677997589
2.046797513961792 0.5895211100578308 1.4518193006515503
-0.7704907655715942 0.716164767742157 -2.7526469230651855
-0.7277964353561401 0.9015278816223145 -0.5467724204063416
1.810198426246643 0.006906867027282715 1.3402889966964722
0.4142686724662781 -1.2063840627670288 -2.7694191932678223
-0.2138144075870514 0.0601351261138916 2.0887019634246826
0.30177170038223267 0.052422747015953064 2.9079151153564453
-0.1709180474281311 0.07296217978000641 -0.4862283170223236
-1.061383843421936 1.2658629417419434 2.528325080871582
0.5234584808349609 0.6036496162414551 -0.22718167304992676
-0.20830774307250977 1.0165565013885498 0.10236227512359619
1.5193109512329102 0.737319827079773 2.2615060806274414
-1.167625069618225 1.6533862352371216 0.7884016633033752
1.4146449565887451 -1.1861165761947632 2.6224169731140137
-0.4000476002693176 0.06966358423233032 -1.8308484554290771
1.4888499975204468 -1.0335066318511963 -2.6817564964294434
2.0548031330108643 0.5296457409858704 1.3416869640350342
-1.2126903533935547 1.7148455381393433 -2.6360371112823486
1.971203088760376 0.05070221424102783 0.6780392527580261
2.0512399673461914 0.05300337076187134 -2.107543706893921
1.2216984033584595 0.10442434251308441 -2.5174970626831055
2.058189868927002 0.4102611839771271 2.767515182495117
-1.207930326461792 -0.23437713086605072 2.6197595596313477
-1.3875383138656616 1.4353185892105103 -0.6788967251777649
-0.9867298007011414 0.3932359218597412 2.7366533279418945
0.7269785404205322 0.11553250253200531 -0.3097337782382965
-0.046163275837898254 0.07996024191379547 0.995918333530426
0.060962215065956116 0.7198454141616821 2.3704123497009277
1.1160639524459839 0.17838124930858612 -0.42970553040504456
-0.14935193955898285 0.8559432625770569 0.7052093744277954
-0.4644363522529602 1.5248050689697266 -0.28888148069381714
2.023599147796631 0.10336796939373016 0.8947494029998779
-0.8914541602134705 1.7884583473205566 2.6008927822113037
1.318779468536377 0.6738635301589966 0.6899858117103577
0.2027062177658081 0.6104142665863037 0.990390956401825
1.5109050273895264 0.4364427924156189 -2.908491611480713
-0.10208570957183838 0.6733646392822266 -2.855208158493042
-0.5591790080070496 -0.43834108114242554 -2.9141221046447754
1.8962106704711914 0.6584418416023254 -0.9971833825111389
0.9703717231750488 0.6518462896347046 -1.1378072500228882
-1.0153961181640625 1.5439510345458984 1.5779516696929932
1.4100470542907715 0.04884319007396698 2.5697028636932373
-1.1515957117080688 1.2873578071594238 0.9657545685768127
-0.5025222301483154 1.514769434928894 -1.633695363998413
-0.2931804060935974 0.07061702013015747 1.0754907131195068
-0.8440155386924744 1.0944781303405762 -1.0320987701416016
-1.3307523727416992 1.5169525146484375 -2.8043935298919678
-0.21612872183322906 1.153932809829712 2.409015417098999
-0.1666046679019928 0.8953021764755249 -2.2687506675720215
0.7409785389900208 0.6425716876983643 1.1504071950912476
1.6687531471252441 -0.10459418594837189 -2.716931104660034
2.0452024936676025 0.3224295377731323 2.378265857696533
-1.076296329498291 1.2731107473373413 1.1498631238937378
1.949919581413269 0.6643253564834595 -0.2738952934741974
0.06854800134897232 0.0300942063331604 2.7875235080718994
-0.35679638385772705 0.059782594442367554 -1.503000259399414
-0.5281568169593811 1.5006569623947144 -2.9779396057128906
-1.1923797130584717 1.7563629150390625 -2.33632230758667
0.8913243412971497 0.1259627640247345 1.1473901271820068
1.5720776319503784 0.09431980550289154 2.976654052734375
0.24487680196762085 0.08708053827285767 1.114013910293579
-1.4034979343414307 1.2653863430023193 -2.001216173171997
0.6277316212654114 0.11355188488960266 -2.0462098121643066
-0.860293984413147 1.1115249395370483 -2.569678783416748
1.0233054161071777 0.14834609627723694 1.811808705329895
-1.4323759078979492 1.2008028030395508 -2.8832085132598877
-0.523794949054718 1.5720431804656982 -0.35590848326683044
-0.8449785113334656 1.7167247533798218 -2.8105359077453613
-0.12330634891986847 0.9859260320663452 2.2012953758239746
1.8125156164169312 0.025689691305160522 0.3939761221408844
1.5943173170089722 0.2729046940803528 1.1820948123931885
0.9533068537712097 0.6652185320854187 2.14884877204895
-0.6392125487327576 0.9975989460945129 2.331932306289673
-1.2396045923233032 -1.1895129680633545 -2.760525703430176
1.4547147750854492 0.272102952003479 0.7738387584686279
0.5603817701339722 0.625353991985321 1.074463963508606
-1.1472039222717285 1.2945241928100586 0.30673280358314514
-1.0900930166244507 1.252015471458435 1.6787673234939575
2.0632824897766113 0.5296905636787415 -1.0389704704284668
0.01714308187365532 0.5674193501472473 -0.6265774369239807
-0.17128674685955048 0.895943284034729 0.22394846379756927
2.036350965499878 0.5017712116241455 2.898162603378296
-0.8836181163787842 1.3961206674575806 2.9007482528686523
0.7516341209411621 0.6509197354316711 2.2920405864715576
-0.931122899055481 0.2173476666212082 2.877265453338623
-0.4640580713748932 0.21346069872379303 2.0960679054260254
-0.7527850866317749 0.8412695527076721 -2.4312775135040283
2.035177707672119 0.6018249988555908 0.4402705132961273
-0.4367673099040985 1.4580144882202148 2.907835006713867
-1.249375820159912 1.3458623886108398 1.422149896621704
-1.2003592252731323 1.7841806411743164 -2.590144634246826
1.1804038286209106 0.670358419418335 1.1211999654769897
-0.4831465482711792 0.20653247833251953 -0.2176274061203003
1.1681617498397827 0.7035226225852966 2.758848190307617
0.6554957032203674 -1.3354313373565674 -2.822861909866333
-0.7546336054801941 -1.3053319454193115 2.6036391258239746
0.23430374264717102 0.5425633192062378 -0.9547975659370422
0.17374832928180695 0.5766420960426331 -2.0026142597198486
0.7862734794616699 0.6487348079681396 2.0661697387695312
0.30105262994766235 0.5617859959602356 -2.71370005607605
-0.2617167830467224 0.31685250997543335 2.929781436920166
0.6963366866111755 0.1220003142952919 -1.5047144889831543
1.6430808305740356 0.704537570476532 -1.5755664110183716
0.6284961700439453 0.1407914161682129 2.9685442447662354
-0.014515027403831482 0.07680122554302216 -1.7863023281097412
-1.0640885829925537 1.5983854532241821 -1.6679697036743164
-0.1689375340938568 1.0864564180374146 2.3130173683166504
-1.135066270828247 1.2446190118789673 1.6530054807662964
-0.21768251061439514 1.1270967721939087 1.933191180229187
0.9297847747802734 0.6578558683395386 -1.0825127363204956
-0.9819948077201843 1.7830158472061157 0.03981276601552963
1.5283339023590088 0.2595638036727905 -0.9883211851119995
0.09937164187431335 -1.2007880210876465 2.6109142303466797
-1.3453643321990967 1.594742774963379 2.6260409355163574
1.5057600736618042 0.22702369093894958 2.2174034118652344
0.05026766657829285 0.5027512311935425 2.959543228149414
2.0727851390838623 0.05120672285556793 -2.5619800090789795
-0.1286432147026062 0.5766510367393494 -1.1789424419403076
-1.3467674255371094 1.4299077987670898 0.17284168303012848
0.42144984006881714 0.5828666687011719 -2.6226038932800293
-0.9852361083030701 0.47607845067977905 2.668003797531128
0.8582807183265686 0.11994138360023499 2.1267735958099365
2.1510887145996094 0.41861218214035034 -1.5586198568344116
-0.20287074148654938 0.9529318809509277 -1.466761589050293
0.09769149124622345 0.6062604188919067 0.23313310742378235
-0.4701600670814514 0.15336614847183228 1.1371941566467285
1.115249752998352 0.6687495112419128 1.4967402219772339
1.5001318454742432 0.2739020586013794 1.0531556606292725
-0.11946956813335419 1.0218569040298462 2.1996281147003174
0.7427900433540344 0.6303585171699524 -0.46898892521858215
0.3906618356704712 0.08936270326375961 -0.3147597014904022
-0.7531539797782898 0.43296921253204346 -2.9662821292877197
-0.7540261745452881 0.9537906646728516 -0.837015688419342
1.72796630859375 0.6844859719276428 -1.1994006633758545
1.5729146003723145 0.17417825758457184 2.301367998123169
2.0665855407714844 0.3198438882827759 1.741141438484192
0.6949156522750854 0.1345568597316742 -2.967594623565674
-0.9053980708122253 1.195144534111023 2.7825334072113037
0.2188548743724823 0.6125231981277466 1.8617045879364014
1.2887344360351562 0.21369311213493347 1.8688277006149292
1.645134449005127 -1.4620484113693237 -2.7181613445281982
0.9153752326965332 0.46168622374534607 -2.9764490127563477
1.5545263290405273 -1.4582819938659668 -2.781836986541748
0.7560955882072449 0.6694816946983337 2.602494478225708
-0.5919705629348755 0.3409096598625183 -2.247457981109619
1.7957693338394165 -0.619455873966217 -2.767792224884033
0.5518785119056702 0.5932990312576294 -2.1686675548553467
-0.232298344373703 0.4314664900302887 -2.975983142852783
1.0927603244781494 0.1934426724910736 2.375300645828247
0.6749061346054077 0.6308373212814331 -0.15592040121555328
-0.7971979975700378 1.7043166160583496 -2.7584636211395264
-0.39927420020103455 0.12468720227479935 1.978969693183899
1.38170325756073 0.2677033841609955 -0.5702423453330994
-0.789023756980896 0.942093014717102 0.39317792654037476
0.485993355512619 -1.2415215969085693 2.9312541484832764
-0.7174988985061646 0.7711179256439209 -2.027304172515869
0.6360301971435547 0.09059378504753113 2.0669960975646973
-0.945205807685852 1.2628546953201294 -1.4408375024795532
-0.13351505994796753 0.9962108135223389 2.166032552719116
-0.972864031791687 1.1942131519317627 1.8045611381530762
1.4051403999328613 0.3488088548183441 0.3443540930747986
-1.3957889080047607 1.3028051853179932 -0.9199762344360352
1.0913870334625244 -1.2074556350708008 2.9583640098571777
-1.2476518154144287 1.2873022556304932 -2.235649824142456
1.0679610967636108 0.15930387377738953 2.0947163105010986
-0.15174056589603424 0.06600964069366455 1.1025609970092773
-0.8688441514968872 1.096881628036499 -2.3106327056884766
0.7670904994010925 0.053090378642082214 2.7894809246063232
0.3877894878387451 0.6083948612213135 -0.852504551410675
-0.3571498692035675 1.343772530555725 -1.3626068830490112
-0.6502200961112976 0.40510618686676025 -2.3695249557495117
-1.3427248001098633 1.385643482208252 -0.26186493039131165
1.4211556911468506 -1.1634318828582764 2.6447086334228516
1.2735332250595093 0.7036448121070862 1.1846057176589966
-0.5079612135887146 0.8384804725646973 2.946410655975342
-0.7565837502479553 1.7134345769882202 -2.046386241912842
-0.412723183631897 -1.308435320854187 -2.725825071334839
-0.7139932513237 0.7833076119422913 -2.3300509452819824
-0.1197662428021431 0.06397652626037598 0.5535706281661987
-0.3234478831291199 0.02413630485534668 2.923177719116211
1.0337283611297607 0.04442673921585083 2.7451493740081787
-1.1343369483947754 1.2516614198684692 0.9762674570083618
0.01754261553287506 0.08667901158332825 -1.918864369392395
1.6830295324325562 0.6842800378799438 -1.0481202602386475
0.1755325347185135 0.07588672637939453 0.8341664671897888
-0.5224379301071167 1.5712559223175049 -2.4765725135803223
-0.5543023347854614 0.5614597201347351 0.0848364606499672
1.9288606643676758 -0.02934907376766205 2.6164586544036865
-0.7126495838165283 0.2615108788013458 -2.672497510910034
0.8646222352981567 0.14295001327991486 -1.7351288795471191
0.2778777778148651 0.08390343189239502 -1.9707601070404053
-0.6620206236839294 1.644558072090149 -2.0698866844177246
-0.9934255480766296 1.6199339628219604 2.932457685470581
-0.38783740997314453 0.06268441677093506 2.3450207710266113
-1.346118688583374 1.5231581926345825 -0.8610450029373169
0.4614053964614868 0.10178990662097931 0.8149905800819397
1.6182174682617188 0.09138420969247818 2.700620412826538
-0.9707000851631165 0.06360730528831482 2.482473850250244
1.206519603729248 0.1738913506269455 0.6388992071151733
0.5218076705932617 0.6262779235839844 -0.9405803084373474
1.4687397480010986 0.6516420841217041 -2.692988872528076
-0.34927642345428467 1.3646502494812012 2.101628065109253
-1.140434980392456 1.7893002033233643 1.6343176364898682
-0.5092200040817261 1.56069815158844 -0.5106790661811829
-0.5091055631637573 0.6424771547317505 1.4794021844863892
-0.40005388855934143 1.4194250106811523 -2.0816574096679688
0.4312403202056885 0.5952402353286743 -2.390695095062256
-0.048830434679985046 0.0691426545381546 0.6015259027481079
-1.3103501796722412 1.3491469621658325 2.3080368041992188
1.9397765398025513 0.6807162761688232 2.943396806716919
-0.556811511516571 1.616860032081604 -1.6583433151245117
0.03157038241624832 0.0766604095697403 -1.5104035139083862
0.11591493338346481 0.5907293558120728 -0.5055351853370667
0.0001800842583179474 0.5632418394088745 -0.7521593570709229
-0.013171542435884476 0.07004278898239136 0.35343700647354126
1.8111870288848877 -0.009662777185440063 -2.2310914993286133
2.0848708152770996 0.5356463193893433 -1.330276608467102
2.052227735519409 0.14472965896129608 0.023038599640130997
-0.41951867938041687 1.4435476064682007 0.8613264560699463
1.7551225423812866 -0.7265068888664246 -2.4627108573913574
-0.7077553272247314 0.9672530293464661 2.8875551223754883
-0.10026572644710541 0.6756016612052917 -1.978726863861084
2.0413177013397217 0.42979907989501953 2.778149366378784
0.009510163217782974 0.5611377954483032 2.9598922729492188
-0.08177450299263 0.07626035809516907 -0.5193842053413391
-0.16890168190002441 -1.1784483194351196 2.63377046585083
1.5518940687179565 0.6982581615447998 -1.3767223358154297
0.3172812759876251 0.5601992607116699 -2.5765693187713623
2.018406629562378 0.48004305362701416 2.984895944595337
-1.2510794401168823 -1.2267009019851685 -2.825056314468384
-0.47384291887283325 1.511172890663147 1.0463451147079468
-1.323573350906372 1.4534271955490112 2.6839470863342285
1.8294419050216675 -0.5156694054603577 -2.7791106700897217
1.5657835006713867 -0.9549099206924438 2.9177746772766113
-0.3265520930290222 0.06451728940010071 -1.5773519277572632
-0.4586995244026184 0.2094348967075348 2.348466396331787
-0.7908490896224976 0.6190353631973267 -2.9614856243133545
1.5009311437606812 0.1089632511138916 -2.346034049987793
-0.5410539507865906 1.6244224309921265 -1.934695839881897
-0.4551536738872528 0.26601123809814453 1.9850189685821533
1.5980546474456787 0.7200266718864441 0.13420195877552032
-0.31205853819847107 1.3035882711410522 0.31865477561950684
-1.0271294116973877 1.2130577564239502 -0.7028824090957642
0.4391239285469055 0.6121552586555481 0.4727223217487335
1.1106069087982178 0.6589964628219604 0.6856275796890259
-0.8403633236885071 1.5802475214004517 -1.6090813875198364
1.7348655462265015 -0.017398908734321594 2.986492395401001
-1.2028710842132568 1.7378828525543213 -1.4578183889389038
-1.005906343460083 1.1599524021148682 0.604343831539154
-0.4989127814769745 0.5451005101203918 0.9809844493865967
0.7714059352874756 0.12407232075929642 0.9331333637237549
-0.9247772693634033 -1.2423299551010132 2.5941851139068604
1.5103837251663208 0.23735034465789795 -1.5426967144012451
-1.3998777866363525 1.306679368019104 -1.0996530055999756
0.9110569953918457 0.6742145419120789 1.2468611001968384
1.1824702024459839 0.6879666447639465 1.0803382396697998
1.313775658607483 0.14595450460910797 -2.263561487197876
-0.012930784374475479 0.07099277526140213 0.9245558977127075
0.10980589687824249 -1.2785670757293701 2.5990397930145264
0.30464208126068115 0.049715667963027954 -2.6208441257476807
1.0224560499191284 0.16450528800487518 -0.5213297605514526
-0.20914386212825775 1.0382204055786133 0.2798343002796173
-1.0074801445007324 1.5407812595367432 -2.9698736667633057
0.46240970492362976 0.5804735422134399 -2.741168260574341
1.4555035829544067 0.23238426446914673 1.7663332223892212
-1.431838035583496 1.237914800643921 -2.951364517211914
-0.3686394989490509 1.3720195293426514 1.24372398853302
-0.5366162061691284 0.2691805958747864 2.2974164485931396
-1.162229061126709 1.7962186336517334 1.9351494312286377
-0.5938721895217896 0.05640922486782074 2.9367146492004395
0.11820334196090698 0.06306937336921692 2.309386968612671
-0.8289322853088379 1.4327428340911865 2.9268455505371094
1.7919801473617554 0.008244037628173828 -2.297851324081421
-0.056653790175914764 0.5667492151260376 -0.7643671631813049
1.0043437480926514 0.6298992037773132 -2.144723653793335
1.7537628412246704 -0.029912948608398438 1.2484946250915527
2.0246713161468506 0.6058884859085083 1.4600391387939453
0.005564335733652115 0.3819867968559265 2.92820405960083
1.4168872833251953 0.7349150776863098 2.5165963172912598
1.7208530902862549 0.6858355402946472 -1.1318752765655518
1.6275367736816406 0.10743089765310287 -2.8650014400482178
-0.8067920207977295 0.30383235216140747 2.437746286392212
-0.9865972995758057 0.30847275257110596 2.803699016571045
-1.2185673713684082 1.271672248840332 -1.637509822845459
0.31843894720077515 0.6209073066711426 2.801013946533203
0.06229658052325249 0.07069513201713562 -0.2525378167629242
1.1118557453155518 0.18713107705116272 -0.95879065990448
-1.0655097961425781 1.2337210178375244 0.6911637783050537
1.0901254415512085 0.6642630100250244 1.6475324630737305
1.1543315649032593 0.3310062289237976 -2.878727436065674
-0.06495173275470734 0.8828965425491333 2.407972574234009
1.9323573112487793 -0.01019906997680664 -0.6653360724449158
0.438114196062088 -1.3428876399993896 -2.800285577774048
0.8616175651550293 0.08175982534885406 -2.652121067047119
-0.2962385416030884 1.274248480796814 0.008980168029665947
1.6106486320495605 0.1564156711101532 0.058095961809158325
-0.4779678285121918 0.28789040446281433 1.0571895837783813
1.8864831924438477 0.03298722207546234 2.3898868560791016
-0.7450003623962402 1.697159767150879 -2.4109551906585693
1.940271258354187 0.056359902024269104 2.2148499488830566
-0.5364401936531067 0.6227931380271912 0.9951803088188171
-0.7171559929847717 1.697119116783142 -0.21467211842536926
-0.12621527910232544 0.8444671630859375 2.9640960693359375
2.0743186473846436 0.2340770959854126 -0.053553491830825806
-0.21474528312683105 1.0322693586349487 0.809863805770874
0.6757291555404663 0.27603134512901306 2.975254535675049
0.5353657603263855 0.08578220009803772 -2.8224236965179443
0.47615736722946167 0.6062160134315491 -2.191483497619629
1.3136157989501953 -1.3036623001098633 2.897676944732666
-0.08098620176315308 0.06686221063137054 1.19442880153656
1.6012637615203857 0.30435633659362793 0.6659097671508789
-0.4456120729446411 1.5009651184082031 -0.23528049886226654
1.4912687540054321 0.6925972104072571 -0.8286275863647461
-0.6345004439353943 0.8519895076751709 1.9187151193618774
-0.18979185819625854 0.5905930995941162 1.1773467063903809
-1.3438684940338135 1.4999864101409912 -2.9033560752868652
-0.40382349491119385 1.419954776763916 -1.480087399482727
0.4181897044181824 0.6015011072158813 2.9468960762023926
1.8197829723358154 -0.7703414559364319 -2.6786675453186035
1.87421715259552 0.022265106439590454 1.0879030227661133
1.9957526922225952 0.021118253469467163 -1.4497305154800415
0.6144099831581116 -1.2527716159820557 -2.652292251586914
1.6724534034729004 0.3748243749141693 -0.5561465620994568
1.1709651947021484 0.16199082136154175 -0.165337935090065
-0.8749837279319763 1.0920215845108032 1.41122567653656
1.9495936632156372 0.02916860580444336 -1.970624566078186
0.3164529800415039 0.5305124521255493 -1.861214518547058
-1.3421745300292969 1.507766604423523 0.6541638374328613
-0.61629718542099 1.646522045135498 1.7462568283081055
2.0955522060394287 0.3160485029220581 -0.7354959845542908
0.4696091413497925 0.08378513157367706 1.5090703964233398
1.57389235496521 0.012657657265663147 2.972046136856079
0.6439843773841858 0.6233643293380737 -1.5261090993881226
2.0747246742248535 0.058232903480529785 -2.7819409370422363
0.9865691065788269 0.1302427500486374 -2.1758534908294678
-0.09957993030548096 0.08209195733070374 -0.9777672290802002
0.35397979617118835 0.11687273532152176 -1.6764202117919922
0.05802871659398079 0.07167138159275055 0.6967622637748718
-1.2360749244689941 1.2985281944274902 2.3540520668029785
0.5189892053604126 -1.3768558502197266 2.8362841606140137
-0.9554582834243774 1.1695998907089233 1.9062806367874146
-0.77166348695755 0.9085193872451782 -2.039940118789673
2.0348398685455322 0.5580768585205078 -2.7026429176330566
1.7786587476730347 -0.00847432017326355 2.283846139907837
-0.7270813584327698 1.0739330053329468 -2.97956919670105
-1.4400887489318848 -0.6710305213928223 2.859544038772583
2.032717227935791 0.08404254913330078 1.6097383499145508
0.20966818928718567 0.08234338462352753 -2.417764186859131
-0.111162930727005 0.7306684851646423 1.6377683877944946
1.7278741598129272 -0.8042412996292114 -2.813617467880249
1.3364636898040771 0.6866815090179443 0.802770733833313
-0.6585593223571777 -0.650496244430542 -2.8995139598846436
-0.8290199041366577 1.7554786205291748 1.899361491203308
0.611207127571106 0.64373779296875 2.1100199222564697
1.2064313888549805 0.1952085793018341 -1.475151777267456
1.081063151359558 0.1594831794500351 1.2586259841918945
-0.4476926326751709 1.4969310760498047 -2.4448838233947754
1.719266414642334 0.07594723999500275 -2.197580337524414
-0.3454836308956146 1.3422985076904297 -2.8500397205352783
2.0682213306427 0.4846382439136505 1.6445297002792358
2.1696665287017822 0.3378778398036957 -2.097560405731201
1.6551042795181274 0.7029297947883606 -0.04749066382646561
0.8996661901473999 0.4343172311782837 -2.947323799133301
2.0059895515441895 0.6204031705856323 2.86330246925354
0.45912468433380127 0.10216468572616577 0.47935745120048523
-0.144490584731102 0.07506194710731506 0.4315345287322998
1.7908178567886353 0.02277064323425293 0.017300056293606758
-1.217600703239441 -1.3034552335739136 -2.8993301391601562
-0.2608393728733063 1.1416841745376587 1.1221219301223755
-1.1997959613800049 1.679909348487854 -2.280970335006714
1.7825676202774048 0.010573551058769226 -2.569331169128418
0.22889365255832672 0.5682418346405029 -1.9494686126708984
-0.8282992243766785 0.6532528400421143 2.633798599243164
1.6559574604034424 0.729790985584259 1.952466368675232
1.1574019193649292 0.6725379824638367 1.2928403615951538
-0.9942349791526794 1.768049716949463 -2.4013493061065674
0.09876789897680283 0.6071300506591797 -0.014979873783886433
1.7348352670669556 0.6758434772491455 -2.1009576320648193
-0.8164604306221008 1.015578031539917 1.7497671842575073
-1.4206150770187378 1.4170773029327393 -0.8023701906204224
-0.13918110728263855 1.009832501411438 2.5114526748657227
-0.490741491317749 0.7059187293052673 2.923187255859375
-0.7469411492347717 -1.1695846319198608 2.8140475749969482
1.62616765499115 0.15548931062221527 -2.1234617233276367
1.2022478580474854 0.2280081957578659 2.391493082046509
-1.3039119243621826 1.507860779762268 1.0380122661590576
0.8836012482643127 0.05419015884399414 2.406481981277466
-1.4218213558197021 1.4381917715072632 -2.4825711250305176
1.7165261507034302 0.23189452290534973 2.976044178009033
-0.9664779305458069 1.7831240892410278 0.434711754322052
0.7296033501625061 0.13244420289993286 0.026696937158703804
-0.09372304379940033 1.0177384614944458 2.873167037963867
-0.5177419781684875 1.5634279251098633 -0.2982122600078583
0.6514280438423157 0.08186978846788406 2.083948850631714
1.594158411026001 -1.038218379020691 -2.4959635734558105
1.2977724075317383 0.6984549760818481 -1.1308611631393433
0.2057276964187622 0.6061071753501892 0.44003844261169434
-1.1285510063171387 1.7579950094223022 1.6836906671524048
0.16341279447078705 -1.1572647094726562 -2.751176118850708
-0.6617658138275146 0.8357542157173157 0.41028839349746704
1.371393084526062 0.232230544090271 2.006002187728882
-0.024468403309583664 0.5945348143577576 -0.6715262532234192
0.2504723370075226 0.6039001941680908 1.8269565105438232
0.8507670164108276 -1.168159008026123 2.8595776557922363
-0.6432458162307739 0.5096312761306763 -2.0940306186676025
0.34436625242233276 0.6179916262626648 1.9811025857925415
0.8919788002967834 0.13241802155971527 0.4000507891178131
1.9456219673156738 0.06730253994464874 2.8509860038757324
-0.7779867053031921 0.998440682888031 2.4575722217559814
-0.7821781039237976 0.3318883776664734 -2.892983913421631
0.7569575905799866 0.6369841694831848 1.8845760822296143
-0.43958714604377747 0.079008549451828 -0.7592786550521851
0.7871876955032349 0.12472973763942719 -1.7090891599655151
-0.511344850063324 0.6766354441642761 1.650820016860962
1.4301209449768066 0.6942242980003357 1.234317421913147
-1.2448102235794067 1.3104972839355469 2.416640520095825
0.05031135678291321 0.5987727642059326 -0.02500697411596775
0.016874272376298904 0.08721664547920227 -1.1943578720092773
-1.2449854612350464 1.6713021993637085 -0.9131464958190918
-0.4058467745780945 1.4247753620147705 0.8424771428108215
2.129664182662964 0.16046500205993652 -1.8295872211456299
2.087114095687866 0.47932326793670654 -0.8028286099433899
-0.18227101862430573 1.0970011949539185 2.1346960067749023
-0.24210770428180695 0.05789291858673096 -0.5942641496658325
-0.4247124195098877 1.48069167137146 -1.88857901096344
-0.6417773962020874 0.5425282716751099 -2.994304656982422
-0.9277290105819702 1.7677714824676514 2.1380624771118164
0.7626880407333374 0.6281899213790894 1.248672366142273
-0.1338384598493576 0.8199802041053772 -2.6914141178131104
-0.8858224153518677 1.7645506858825684 1.4616622924804688
0.21382826566696167 0.06411540508270264 2.0674796104431152
-0.2899738550186157 1.2420921325683594 0.806309163570404
-0.6182494759559631 0.7289003729820251 0.5937791466712952
-0.28565898537635803 1.202926754951477 -1.5924102067947388
1.7468538284301758 0.6928814053535461 -1.8112064599990845
1.7438329458236694 0.6775407791137695 -1.043709635734558
-1.0405123233795166 1.3774118423461914 -2.3474361896514893
1.1587597131729126 -1.2536746263504028 2.9092934131622314
-0.8025696277618408 -1.2364914417266846 -2.9119086265563965
1.1214008331298828 0.14676453173160553 0.676430344581604
-1.3754370212554932 -0.658904492855072 2.663161277770996
-1.1123504638671875 0.009308815002441406 2.62857723236084
-0.9994378089904785 0.07757685333490372 2.49236798286438
-0.6297951340675354 0.9251655340194702 2.9034509658813477
1.275698184967041 0.705743134021759 1.5852705240249634
-0.6154844164848328 0.49624958634376526 -1.5972026586532593
-0.35991454124450684 1.3918644189834595 -0.7502147555351257
0.68641197681427 0.1089421957731247 -2.2866554260253906
1.6185264587402344 -0.4869919419288635 2.778714179992676
1.0357664823532104 0.13362251222133636 0.8024178147315979
-1.418274164199829 1.357884407043457 -1.5847026109695435
1.085097312927246 0.6850160360336304 2.1552722454071045
-1.2914079427719116 1.2976189851760864 -0.4213619828224182
-0.7139813899993896 0.7693508863449097 -2.0400962829589844
-1.344971776008606 1.5770254135131836 2.197814464569092
-0.11566348373889923 0.670047402381897 0.356187105178833
-0.4130980372428894 1.4437816143035889 -2.3558483123779297
-0.7641080021858215 0.9510295987129211 -1.2514455318450928
0.13171708583831787 0.06879329681396484 -2.4373574256896973
0.4297509491443634 0.07627824693918228 0.7549313306808472
-1.323965072631836 1.5219180583953857 0.796043336391449
1.6369571685791016 -0.06715729832649231 2.8777196407318115
1.3895089626312256 0.2549159824848175 0.24089555442333221
-0.5112844109535217 0.5120974779129028 0.7493742108345032
-1.2742048501968384 1.3508085012435913 0.9594230055809021
-0.37730297446250916 1.4040088653564453 -0.24344207346439362
-1.159584641456604 1.277185082435608 1.5690691471099854
-1.1429376602172852 1.3837083578109741 -2.8864355087280273
0.8401015996932983 0.6600751280784607 2.624183177947998
1.5816665887832642 0.6981783509254456 -0.8550033569335938
2.038518190383911 0.6099982857704163 -1.933484673500061
-0.16134797036647797 0.8423023223876953 -0.7570217251777649
-0.3802672028541565 -1.1104077100753784 -2.7201919555664062
1.9017250537872314 0.15760737657546997 2.9649343490600586
-0.6761704683303833 1.6908565759658813 2.2704765796661377
1.6695458889007568 -0.4597662687301636 -2.7838661670684814
-0.21570348739624023 1.0378471612930298 0.7932224869728088
-0.1874120533466339 0.9363217949867249 -1.6781909465789795
1.2463167905807495 0.5440376400947571 2.9709622859954834
-0.0010232888162136078 0.8414963483810425 2.8267605304718018
-1.1194188594818115 1.8006590604782104 0.4535770118236542
1.5875003337860107 0.650626003742218 -2.516498327255249
1.0226181745529175 0.6618732213973999 -0.4187803864479065
0.42341530323028564 0.11841309815645218 2.975231885910034
2.0336673259735107 0.14453651010990143 2.2302637100219727
-0.18455564975738525 0.9261549711227417 -1.6980478763580322
-0.4673665761947632 0.19999772310256958 0.7744729518890381
0.5539423823356628 0.606776773929596 -2.2256031036376953
-0.9068408012390137 -1.2637124061584473 2.884744882583618
1.3314753770828247 0.19961971044540405 -1.6443676948547363
0.22864654660224915 -1.1648588180541992 -2.7538206577301025
0.062207043170928955 0.028172403573989868 2.8106393814086914
-1.3216822147369385 1.3589985370635986 0.47231653332710266
-0.7693467140197754 0.41395342350006104 -2.76823091506958
1.2729753255844116 0.6918767094612122 -1.2278993129730225
-0.9875051379203796 0.11404421180486679 2.487088680267334
2.073092222213745 0.21209809184074402 -0.6125262379646301
-0.6000627875328064 1.0381664037704468 2.5148730278015137
0.7525945901870728 0.12790201604366302 -0.4612097442150116
-0.9033491611480713 1.5722564458847046 2.934333086013794
0.5457367300987244 0.6136491298675537 0.4597197473049164
1.761549949645996 -1.4886771440505981 -2.707014322280884
1.6962716579437256 0.22757720947265625 0.6779505610466003
0.7534326910972595 0.6542641520500183 2.301441192626953
-1.0917614698410034 -0.9920146465301514 -2.818394184112549
-0.52260422706604 1.4514284133911133 -2.9824776649475098
1.8205519914627075 -1.410455584526062 -2.6320197582244873
0.3764527440071106 0.5739015936851501 -2.505784749984741
1.0272133350372314 0.06887125968933105 2.5959999561309814
1.8890563249588013 -0.006588935852050781 -1.743240475654602
1.5329346656799316 0.7514876127243042 1.2853929996490479
1.5437159538269043 0.563170313835144 -2.958142042160034
1.3926619291305542 0.6720818281173706 -1.4179543256759644
1.4820514917373657 0.6835911870002747 -1.70229971408844
1.5582103729248047 0.7054770588874817 0.4870850741863251
-0.9777464866638184 1.132453441619873 0.5564926862716675
1.689211368560791 0.024074986577033997 2.9708218574523926
-0.4652099311351776 0.2208942323923111 1.4299181699752808
1.320258617401123 0.17817041277885437 -0.10598435252904892
-0.1487126350402832 0.7930669784545898 -0.13434003293514252
1.3295425176620483 0.41495227813720703 -2.9066379070281982
-1.2801491022109985 -1.0988320112228394 2.7484586238861084
-0.7026223540306091 0.7312883138656616 -1.947442889213562
-1.1618362665176392 1.7177488803863525 -2.366006374359131
1.5608056783676147 -0.7572401762008667 -2.735527992248535
1.499373435974121 0.6940391659736633 -0.38930997252464294
-1.3660715818405151 -1.1650868654251099 2.9247264862060547
-1.3101882934570312 1.4554051160812378 -1.706909418106079
2.0650219917297363 0.30726125836372375 1.8725483417510986
2.0946033000946045 0.3628981113433838 -1.1974660158157349
2.1366546154022217 0.4261489510536194 -1.5127946138381958
1.604986548423767 0.7260908484458923 0.8627675771713257
-0.7824805378913879 0.45278242230415344 -2.891876459121704
1.2890629768371582 0.7013428807258606 -1.600813865661621
-1.2602685689926147 1.335431456565857 0.6386019587516785
-1.154265284538269 -1.3115100860595703 -2.8306028842926025
1.6384388208389282 0.5494431853294373 2.971834182739258
2.0262198448181152 0.1814659833908081 2.253222942352295
1.784646987915039 0.6487432718276978 2.9611072540283203
-1.3462209701538086 1.4824798107147217 0.5383049249649048
1.4094581604003906 0.7353120446205139 2.7042112350463867
-0.9782784581184387 1.2482426166534424 -1.0118783712387085
1.4584754705429077 0.6764156222343445 -1.6996643543243408
0.13469110429286957 0.522472083568573 -2.616464614868164
0.535599410533905 0.09286193549633026 1.1528617143630981
-1.1324049234390259 1.2789093255996704 0.5108806490898132
1.183504343032837 0.17432710528373718 3.000432252883911
-0.4861798882484436 0.36012619733810425 1.061096429824829
-0.929079532623291 1.8033777475357056 -0.3070709705352783
0.5105900764465332 0.09483610093593597 -0.18165653944015503
-0.6331633925437927 -1.4093399047851562 2.7350478172302246
-1.0297595262527466 1.776781439781189 -1.570479393005371
0.031666047871112823 0.07933734357357025 -1.979109525680542
-1.478416085243225 -1.1052864789962769 2.6580164432525635
-0.23621128499507904 1.098315715789795 0.20159682631492615
0.8264634013175964 -1.3472106456756592 -2.642547607421875
0.7189338803291321 0.08952394127845764 -2.558189630508423
-0.09068270027637482 0.6209223866462708 -1.4215428829193115
1.9640716314315796 0.6507914066314697 -0.013559684157371521
1.7582154273986816 0.02603447437286377 1.8830082416534424
0.9455848932266235 0.6877925395965576 2.8792757987976074
-1.3234292268753052 1.5048381090164185 -1.556357502937317
-0.6941795945167542 1.5983359813690186 2.943080186843872
-0.4007801413536072 1.4362701177597046 1.4708296060562134
1.7339115142822266 -0.0020855069160461426 0.49967488646507263
1.2774608135223389 0.18403968214988708 -1.7601959705352783
1.0169256925582886 0.08539837598800659 3.0080251693725586
1.5071161985397339 0.25964662432670593 1.0492995977401733
1.9621949195861816 0.09369061142206192 2.49245548248291
-0.015909947454929352 -1.4018181562423706 2.7777910232543945
0.89301598072052 0.1269436478614807 1.1327874660491943
-1.123949646949768 -1.3146878480911255 -2.7488796710968018
1.1370720863342285 0.6992007493972778 2.7670204639434814
-0.13100048899650574 0.07878856360912323 -1.1051034927368164
-0.6763668060302734 1.671081304550171 0.13844740390777588
1.7867541313171387 0.6558111906051636 -2.581057071685791
-0.7568857669830322 0.8574361801147461 -2.408635139465332
-0.5950638055801392 1.016861915588379 2.5257883071899414
1.3650257587432861 0.04380790889263153 2.656903028488159
1.3620553016662598 0.6927722692489624 -1.298478603363037
-0.7173505425453186 1.1119403839111328 2.8794667720794678
1.342674732208252 0.7224165201187134 2.0489234924316406
-0.27589377760887146 1.1841763257980347 -2.8931353092193604
0.8246193528175354 -1.2596704959869385 -2.835463523864746
-0.7616972327232361 1.0338340997695923 1.5326404571533203
0.1969917118549347 0.6093785166740417 -1.6863008737564087
-0.22428621351718903 1.0590587854385376 0.8103218078613281
-0.7302991151809692 0.7958625555038452 -2.234052896499634
0.06004372984170914 -1.231575846672058 2.909867763519287
0.12438704073429108 0.46199461817741394 -2.643178701400757
-0.7297137975692749 0.8734220266342163 0.34219056367874146
-1.1840590238571167 1.2979671955108643 1.3795347213745117
0.6106172204017639 0.11399023234844208 1.2942285537719727
1.6381868124008179 0.44146206974983215 2.9775173664093018
-1.2826367616653442 1.2203996181488037 -2.4776105880737305
-0.6633328795433044 0.6630767583847046 2.606994390487671
1.8672817945480347 0.686018705368042 -0.41141045093536377
1.892852783203125 0.7429814338684082 2.39969801902771
1.0739617347717285 -1.379030704498291 -2.8227455615997314
-1.139388918876648 1.786078929901123 -0.6073666214942932
-0.28618839383125305 0.6950016617774963 2.9627907276153564
0.683120846748352 0.10228203237056732 1.1597870588302612
-0.8513861298561096 1.6339067220687866 -2.834167718887329
-0.2442556917667389 0.04833798110485077 2.4170427322387695
1.9165829420089722 0.03383839130401611 1.6832948923110962
2.0719995498657227 0.3314412236213684 1.8953503370285034
1.7880604267120361 0.38284581899642944 -2.94968581199646
1.2543456554412842 0.05337892472743988 2.819965362548828
1.7128468751907349 0.054603755474090576 -0.4641766846179962
-0.9678398370742798 1.2108747959136963 -2.9936163425445557
0.032260820269584656 0.7210684418678284 2.2806038856506348
1.5893374681472778 0.08565226197242737 2.1327760219573975
1.998691201210022 0.05773565173149109 -0.2361825704574585
1.980143666267395 0.06553901731967926 -1.5812816619873047
0.5188867449760437 0.6150249242782593 0.5014591813087463
0.46729445457458496 0.10015171021223068 -1.9179376363754272
1.9510908126831055 0.6374127864837646 -1.2385233640670776
0.8607280254364014 0.6380057334899902 -1.1211497783660889
-0.8631824254989624 1.0678775310516357 1.0895692110061646
1.7322566509246826 -0.8078243136405945 -2.7998836040496826
-0.4901421368122101 0.3884877562522888 1.0630054473876953
1.4101001024246216 0.24662145972251892 2.027069091796875
1.710562825202942 0.6977217793464661 0.48124924302101135
1.9702293872833252 0.07642270624637604 2.2404117584228516
-1.0594844818115234 1.2247889041900635 -1.7959295511245728
-0.2253296971321106 1.0407402515411377 -2.6789979934692383
-0.6877785921096802 1.144019365310669 2.912815570831299
-0.6555686593055725 0.8947048187255859 1.7785093784332275
0.7598956227302551 0.13732372224330902 -0.5969507694244385
1.0612614154815674 0.06993170082569122 2.9677369594573975
0.6060523390769958 0.1002507358789444 -2.365389347076416
-1.2048170566558838 1.756034255027771 -0.030613090842962265
-0.15349110960960388 0.07423175871372223 1.1029441356658936
-0.6688421964645386 -1.302814245223999 -2.743401288986206
0.4019811749458313 0.09506134688854218 1.533017873764038
-1.403885006904602 1.278753399848938 -1.9899059534072876
0.7266216278076172 0.6214876174926758 0.0008482688572257757
0.707638144493103 0.6304999589920044 -2.245025634765625
-0.6203973293304443 0.8875047564506531 1.8595227003097534
2.0607335567474365 0.47903597354888916 -0.2788364589214325
-0.11819751560688019 0.8704538345336914 2.963076591491699
0.23141613602638245 0.07597775757312775 1.4531927108764648
-0.4511633515357971 1.5343490839004517 0.31497469544410706
-0.25367701053619385 0.052300840616226196 -2.2776834964752197
0.34035739302635193 0.6038503646850586 2.5523011684417725
1.1130887269973755 -1.2925217151641846 -2.780132532119751
0.13533997535705566 0.06305408477783203 2.1634268760681152
0.047919340431690216 0.05820147693157196 2.322261333465576
0.47701629996299744 0.10072220861911774 -1.159164309501648
0.13599783182144165 0.07376088201999664 -0.16106368601322174
-0.01636948063969612 0.6406535506248474 1.517768144607544
1.329473614692688 0.22541098296642303 0.33612096309661865
-1.1974167823791504 1.2423762083053589 2.394463539123535
-0.3523547649383545 1.3202180862426758 -2.2333247661590576
2.050485849380493 0.10577718913555145 1.6564123630523682
1.9821821451187134 0.0406903475522995 2.501394033432007
0.5841046571731567 0.5872921943664551 -2.48478102684021
2.1241259574890137 0.4461759328842163 -1.5151828527450562
-0.09290271997451782 0.7135534286499023 -2.1286067962646484
-1.162434458732605 1.2687724828720093 -1.730918526649475
1.5072898864746094 0.19698938727378845 -0.8126180171966553
0.12797605991363525 0.5788439512252808 -1.3784606456756592
-0.727527379989624 0.8250741362571716 -1.5015780925750732
0.2506430447101593 0.6030431389808655 -0.33923354744911194
-0.6168652772903442 1.6230674982070923 2.0394785404205322
-0.7712719440460205 1.7394509315490723 2.45733642578125
1.8462865352630615 0.003368079662322998 0.34700772166252136
1.920789122581482 0.01763319969177246 -1.7123013734817505
1.802691102027893 0.6941084265708923 -0.3183848261833191
-1.2155513763427734 -0.6456916332244873 2.7026584148406982
1.690394639968872 0.06792137026786804 0.33020320534706116
-1.2520043849945068 1.560054063796997 -1.3995857238769531
-1.3121873140335083 1.4884358644485474 1.5334837436676025
-0.6296358108520508 0.5182427763938904 -1.733755111694336
-1.376106858253479 1.678301453590393 2.6312403678894043
1.603887915611267 0.060632020235061646 0.6387541890144348
-0.21299129724502563 -1.1685341596603394 2.833864212036133
0.8900545835494995 0.621191143989563 -2.4718213081359863
1.1756113767623901 0.6917033195495605 -0.19768580794334412
2.0572845935821533 0.5760366320610046 -1.4157414436340332
1.394418478012085 -1.2823394536972046 2.705073833465576
-1.3228328227996826 1.497458815574646 1.0875892639160156
-0.467287540435791 0.07985296845436096 0.07006368786096573
-0.5135347843170166 0.4939778447151184 1.2298860549926758
1.6444933414459229 0.4515032172203064 -2.927563428878784
1.64603853225708 0.7048537731170654 -0.5199226140975952
1.541848063468933 0.6956457495689392 -1.067178726196289
-0.6557716131210327 0.9569149613380432 -2.9909448623657227
1.4681193828582764 0.6880360245704651 -0.14376471936702728
2.1286468505859375 0.5489314198493958 -1.974840521812439
1.1978819370269775 0.6309688091278076 -2.6415858268737793
1.4938346147537231 0.2712928354740143 1.2680647373199463
-0.31824809312820435 -1.3358384370803833 2.935473918914795
-0.8843123912811279 1.6730999946594238 -1.2085480690002441
-0.9285919070243835 1.5476689338684082 2.9328033924102783
-1.1277031898498535 -1.1739797592163086 2.742220401763916
1.3218140602111816 0.32281693816185 2.981818437576294
1.6370404958724976 0.14294369518756866 -2.847541332244873
-1.1989666223526 1.6726118326187134 1.1796585321426392
-0.8416575789451599 1.0321444272994995 0.3387283682823181
-0.8363751173019409 0.5141835808753967 2.8751888275146484
-1.256890058517456 1.4525766372680664 0.6452221274375916
1.4878355264663696 0.6927138566970825 0.7683513760566711
0.11300551146268845 0.0760691910982132 -2.034968614578247
-1.1253001689910889 1.7863765954971313 -0.2980915606021881
0.7150166630744934 0.6165148615837097 -2.494994640350342
-0.9706059098243713 -1.3232989311218262 -2.8144690990448
0.6433400511741638 -1.3682260513305664 2.7396962642669678
-0.8533518314361572 1.122416377067566 -0.9832397103309631
-1.167075514793396 1.6023924350738525 1.5328361988067627
-0.12170910835266113 0.6805294156074524 -0.295974463224411
0.5568751692771912 0.6077437400817871 0.7120313048362732
1.5612338781356812 0.1295412927865982 2.1169795989990234
0.6122384071350098 -1.3739932775497437 -2.718153953552246
1.3162449598312378 -1.177435278892517 2.7073910236358643
2.025305986404419 0.11332477629184723 -0.09558922797441483
-0.6260232925415039 0.6997344493865967 -0.524897038936615
-0.6739592552185059 0.9233257174491882 1.2746330499649048
-0.22758422791957855 1.059488296508789 -2.3407137393951416
0.9732899069786072 0.16444341838359833 -0.9376395344734192
1.2858829498291016 0.22224561870098114 1.193240761756897
-1.437220573425293 1.2600326538085938 -2.5984814167022705
1.3961434364318848 0.26812970638275146 -0.609801173210144
1.8214237689971924 0.6965315341949463 0.5893827676773071
-0.7288739085197449 1.7147471904754639 -0.22900274395942688
-0.420874685049057 1.4850012063980103 1.6790368556976318
-0.43543052673339844 1.45741605758667 2.8738417625427246
-0.7719826102256775 0.936770498752594 -1.491952657699585
1.7136815786361694 -0.9779298305511475 2.903580665588379
-0.9705753326416016 0.474059522151947 2.706784725189209
2.044607639312744 0.5514010190963745 0.008423902094364166
-0.4904941916465759 1.537432074546814 -2.5793399810791016
-1.1834871768951416 -0.5562527179718018 2.9246726036071777
-1.2362546920776367 1.6562449932098389 2.9161057472229004
-1.368508219718933 1.664242148399353 2.8274850845336914
-0.49052414298057556 0.37315547466278076 0.9702681303024292
0.46189990639686584 -1.4050902128219604 2.746950626373291
-0.8014335632324219 0.9846023917198181 -2.1167256832122803
-0.8577612638473511 0.6768776774406433 2.6064867973327637
0.5344619750976562 0.6163306832313538 0.8057351112365723
-0.9585403203964233 1.1977508068084717 -2.640918493270874
0.3349131643772125 -1.381812334060669 2.712038993835449
-0.9222114086151123 1.0767295360565186 2.6389307975769043
-0.717121958732605 0.8874614834785461 2.458878993988037
1.6382168531417847 0.02855345606803894 2.9607884883880615
-0.6613050103187561 0.908001720905304 2.914811611175537
0.46155253052711487 0.6267220973968506 2.2241828441619873
-0.9846732020378113 1.2417656183242798 -1.6881340742111206
1.9790774583816528 0.07675997912883759 2.759593963623047
0.6993166208267212 0.11078175902366638 -2.107553243637085
-0.1688321828842163 1.056041955947876 1.9439184665679932
1.4352610111236572 0.22075212001800537 2.280656576156616
1.7852318286895752 0.725341796875 -0.05530658736824989
0.799090564250946 0.6481707096099854 2.129081964492798
0.7279216647148132 0.5998606085777283 -2.9039406776428223
-0.38806837797164917 0.905404806137085 -2.98901104927063
0.48133713006973267 0.08496111631393433 0.35516050457954407
0.03404784947633743 -1.3169597387313843 2.915578603744507
0.9008923768997192 0.13772565126419067 -0.2620965540409088
-0.9783112406730652 -1.4077973365783691 2.834805727005005
-0.05511440336704254 0.049500346183776855 -2.9478888511657715
-0.17075328528881073 0.9075180888175964 2.969407558441162
0.1540805697441101 -1.384829044342041 2.734710454940796
-1.4287253618240356 1.3581169843673706 -1.7670575380325317
-0.9110009074211121 1.7150448560714722 -1.0483183860778809
-0.17296531796455383 1.0763474702835083 2.503331184387207
2.022153377532959 0.07731565833091736 1.5371296405792236
-1.1248639822006226 1.786813735961914 0.9685375094413757
0.42400261759757996 0.061931878328323364 2.5135905742645264
1.3682751655578613 0.707683265209198 0.7204130291938782
0.23625515401363373 0.5979304909706116 -0.2430630624294281
-0.976191520690918 0.13721619546413422 2.4637250900268555
0.8274793028831482 0.13629589974880219 -0.4784371852874756
1.612862229347229 -0.6745352745056152 2.6756956577301025
1.9088436365127563 0.651948094367981 -1.0259318351745605
-1.3016120195388794 1.384970784187317 1.6607487201690674
1.3955222368240356 0.21789248287677765 -1.40621817111969
-0.23340383172035217 1.0623321533203125 -1.3106697797775269
-0.5210257768630981 0.39262330532073975 -0.09264611452817917
1.2941874265670776 0.1842270940542221 1.0469012260437012
2.0721065998077393 0.4766625761985779 0.9716504216194153
2.0894415378570557 0.2595493793487549 0.48632439970970154
1.597068190574646 0.03946554660797119 1.665739893913269
-0.3892996311187744 0.07366323471069336 -1.796728491783142
-0.2348707914352417 1.0764027833938599 -2.4335672855377197
0.31039538979530334 -1.2281166315078735 2.6126441955566406
1.9963934421539307 0.6651224493980408 1.3946738243103027
1.5426816940307617 0.1131962388753891 0.9273790121078491
-0.06925098598003387 0.07743847370147705 1.4352413415908813
-0.631462812423706 0.7128099203109741 -0.22592468559741974
-0.28889402747154236 -1.396956443786621 2.7842681407928467
1.7285783290863037 0.18422646820545197 -2.9498608112335205
-1.2106151580810547 1.5450916290283203 -2.962812900543213
1.8448138236999512 0.6469521522521973 -2.187253475189209
-1.299943208694458 1.6462736129760742 1.8133195638656616
-0.55292809009552 0.740756630897522 1.475136399269104
1.9318974018096924 0.6496009826660156 -1.5784080028533936
-0.812240719795227 1.0560436248779297 -2.5522327423095703
1.526190161705017 0.24564051628112793 1.8952802419662476
-0.06377805769443512 0.07676351070404053 -0.4657904803752899
1.6797901391983032 0.32360440492630005 -0.5844886898994446
1.7785223722457886 0.007651269435882568 1.3809478282928467
-0.36866495013237 1.3845727443695068 -0.5396841764450073
-1.3090713024139404 1.2805742025375366 -1.3103480339050293
1.2209100723266602 0.6559190154075623 -1.5786316394805908
-1.0456558465957642 1.3293179273605347 -1.9249361753463745
-0.0225383210927248 0.8605551719665527 2.308708906173706
1.188236951828003 0.6784237027168274 0.977982759475708
1.3664201498031616 0.21022075414657593 -1.443334937095642
-0.6827301979064941 -1.351252794265747 2.8320348262786865
0.07351981848478317 0.6079475283622742 0.33760467171669006
1.870181918144226 0.035604327917099 0.1535428762435913
1.618055820465088 0.23512299358844757 1.463791847229004
1.5948375463485718 0.3084479570388794 0.5526093244552612
-0.736646831035614 0.42532166838645935 -2.720346212387085
-0.9389277100563049 1.781686544418335 1.3975964784622192
1.5977354049682617 0.2843739092350006 0.9748096466064453
-0.5548818707466125 0.5644773244857788 0.21612244844436646
-0.8021889925003052 1.0568528175354004 -0.630062460899353
-1.2899945974349976 1.7131173610687256 2.3510515689849854
1.4343643188476562 0.7142032384872437 -0.19307318329811096
0.6350456476211548 0.1075088158249855 1.210105299949646
-0.6173188090324402 0.3899109959602356 -2.3303844928741455
1.6268082857131958 -1.4637372493743896 -2.608685255050659
-0.641384482383728 1.4729506969451904 -2.9795777797698975
2.097452163696289 0.1289747655391693 -2.639892339706421
-0.7111639976501465 -0.2998344302177429 -2.963442802429199
1.7799447774887085 0.6877453923225403 -0.3024108111858368
-1.3394261598587036 1.6643009185791016 2.873342514038086
-0.42093056440353394 1.4489930868148804 -2.9513280391693115
1.5200742483139038 0.09431751072406769 -2.4483137130737305
-0.9455909132957458 1.2889012098312378 -2.89802885055542
1.6026498079299927 0.6924400329589844 -1.5116186141967773
-0.6469244360923767 -1.1365532875061035 -2.6069207191467285
-0.043393902480602264 0.07500836253166199 -1.1269965171813965
-1.3110862970352173 1.5065816640853882 -0.06077434867620468
-0.5777716636657715 1.5816670656204224 -2.610487699508667
0.0005108341574668884 0.6646924614906311 2.0691580772399902
-1.1774547100067139 1.3010473251342773 0.6276819705963135
-0.827017068862915 1.2784279584884644 1.1226204633712769
2.075436592102051 0.096188023686409 -2.3256759643554688
1.6053208112716675 -1.1166459321975708 -2.835057497024536
-0.2593255639076233 1.1650856733322144 -0.12393328547477722
0.37319403886795044 0.6177893877029419 0.3345435559749603
1.6301573514938354 0.1985228806734085 1.586219310760498
0.4943235516548157 0.10887008905410767 -1.7355140447616577
-0.6435105800628662 0.9047438502311707 1.295645833015442
1.271001935005188 0.6772797107696533 0.6243941783905029
-0.7400663495063782 0.5018231272697449 -2.69677996635437
0.09327541291713715 0.062321364879608154 0.3607805371284485
-0.9133022427558899 1.489020586013794 2.9142262935638428
0.5147138833999634 0.5059610605239868 -2.9724245071411133
-1.1282402276992798 1.805750846862793 -1.928911805152893
1.773328185081482 0.6743932366371155 -2.1389036178588867
1.6657211780548096 0.04885709285736084 1.3488415479660034
-0.7470927834510803 0.8683415651321411 -1.9360579252243042
1.716785192489624 -1.424357295036316 -2.6295697689056396
-0.6497140526771545 0.5639363527297974 -1.893997073173523
-0.49947965145111084 0.38541990518569946 0.43185296654701233
-0.4924345016479492 0.8760931491851807 2.9326319694519043
-0.7574209570884705 0.7477187514305115 -2.605952024459839
-0.5681970715522766 1.6306878328323364 -2.165362596511841
1.6302307844161987 0.7542917132377625 2.259798049926758
0.8210467100143433 0.6508227586746216 -1.53272545337677
2.0495007038116455 0.45541179180145264 2.2513175010681152
1.5137622356414795 -1.2825120687484741 -2.8229169845581055
0.9326180815696716 0.649321436882019 1.1743732690811157
-1.1226249933242798 1.8049901723861694 1.1825587749481201
2.07985782623291 0.05565229058265686 -2.6731083393096924
-0.1426323503255844 0.954535722732544 1.9244881868362427
1.0954339504241943 0.6688896417617798 -1.1782642602920532
0.7590122818946838 0.6319224834442139 -1.6288032531738281
1.7602601051330566 0.019052892923355103 1.3308327198028564
0.2969823181629181 0.5637941956520081 -2.1022918224334717
1.3932147026062012 0.2463213950395584 2.0799126625061035
-0.23839527368545532 1.1124441623687744 -1.9397132396697998
-1.067112684249878 1.3957890272140503 2.8163015842437744
-0.9319762587547302 1.7832059860229492 2.792832612991333
-0.0981822982430458 0.6507140398025513 -0.5523208379745483
1.2043983936309814 -1.3012079000473022 2.939213275909424
-0.3388015031814575 1.3338199853897095 1.5259754657745361
-0.5753069519996643 0.7759145498275757 1.8681992292404175
-1.371306300163269 1.3728549480438232 -0.6982487440109253
1.6277955770492554 -0.47331899404525757 -2.5255355834960938
-0.2980234622955322 1.2709189653396606 1.84908926486969
0.9896780848503113 0.1341918706893921 -2.287062644958496
0.11692028492689133 0.05702686309814453 2.124906301498413
1.5483627319335938 0.019288301467895508 -2.7164344787597656
0.9473101496696472 0.6053835153579712 -2.9229190349578857
1.6548815965652466 -0.028572067618370056 2.9828662872314453
1.4925004243850708 0.7151850461959839 0.6888570785522461
-0.17919570207595825 0.07685120403766632 0.4620088040828705
-0.7891624569892883 -1.2597718238830566 2.599410057067871
-0.056366778910160065 0.060800760984420776 1.7105013132095337
1.9127154350280762 0.7196251749992371 2.8759491443634033
-1.2532836198806763 1.778212308883667 2.6539947986602783
1.0121471881866455 0.6337599158287048 -2.2814857959747314
1.1740598678588867 0.6718626022338867 -1.1564936637878418
-1.2318357229232788 1.276874303817749 1.9384326934814453
1.6804823875427246 -0.07610398530960083 -2.4513051509857178
-0.8820006251335144 1.1523106098175049 1.5492759943008423
1.4056541919708252 0.7054004669189453 0.5394612550735474
-1.3561694622039795 1.2271589040756226 -2.5510897636413574
1.301232099533081 0.2088632732629776 1.3878004550933838
2.0893521308898926 0.10177554190158844 -1.58195161819458
0.44148510694503784 0.06724096834659576 2.4609508514404297
-0.7038626074790955 1.667157530784607 -0.5436581969261169
1.5737905502319336 0.06393253803253174 1.517566442489624
-0.23847638070583344 1.176703691482544 2.1678242683410645
2.0563201904296875 0.1679234653711319 -2.7518317699432373
-0.9366650581359863 1.651473879814148 -1.2009475231170654
2.0410563945770264 0.5830312967300415 1.6924312114715576
-0.32098743319511414 0.7928425669670105 -2.7078354358673096
0.6002705097198486 0.09880339354276657 -2.2334189414978027
1.8457845449447632 0.025011658668518066 1.0591949224472046
-0.2764776349067688 0.06647175550460815 0.1614825576543808
-0.1329914927482605 0.07106438279151917 1.633936882019043
-0.2388228178024292 1.1256375312805176 1.6217929124832153
1.7849080562591553 -0.22186358273029327 2.583975315093994
-0.9251874089241028 1.7472501993179321 -1.6029845476150513
-0.5321877002716064 0.4446856379508972 -0.7738466858863831
-1.194108009338379 1.2773598432540894 1.053919792175293
-0.8207153081893921 0.9893449544906616 -2.5115604400634766
-1.3047477006912231 1.5510106086730957 -2.560274839401245
0.10279588401317596 0.07853749394416809 -0.4415118396282196
1.6619025468826294 -0.9386305809020996 2.6635642051696777
0.7847385406494141 0.6435489654541016 1.4441115856170654
-0.320542573928833 0.07136255502700806 -0.7361774444580078
1.4261043071746826 0.5302327275276184 2.9770090579986572
-0.6141253709793091 0.6653709411621094 -0.6942090392112732
-0.933515191078186 -0.12840324640274048 2.9103801250457764
1.721733808517456 0.07602356374263763 -1.7718989849090576
1.572191596031189 0.7307546734809875 2.2436015605926514
-1.2212460041046143 1.2913362979888916 1.4592549800872803
1.684689998626709 0.0849694013595581 -1.8304857015609741
-1.1703083515167236 1.6641651391983032 -2.2015867233276367
-1.0936775207519531 1.7878670692443848 0.9228153824806213
-0.22619779407978058 0.07400944828987122 -0.5889188051223755
-1.2482303380966187 1.6758241653442383 1.5901424884796143
-0.40011635422706604 1.441144585609436 2.4684431552886963
-0.7653294801712036 1.0021411180496216 1.7276835441589355
-0.7340356111526489 1.6835150718688965 0.9954619407653809
1.029935598373413 0.1318572759628296 0.3963125944137573
1.3386666774749756 0.7179705500602722 2.8568789958953857
