ply
format ascii 1.0
element vertex 2048
property float x
property float y
property float z
end_header
1.9780750274658203 -1.121402382850647 1.709429383277893
0.1604306399822235 0.9247289896011353 -1.6211987733840942
-1.7048972845077515 0.465368390083313 2.1331098079681396
-1.9957705736160278 1.329911231994629 -1.7824668884277344
-0.08698209375143051 -1.5757725238800049 -2.9093801975250244
2.2314159870147705 -0.03855074942111969 -2.672219753265381
1.272011637687683 -0.4895288944244385 2.6484928131103516
2.3156728744506836 1.8340336084365845 -2.689070224761963
-0.4095477759838104 1.2629694938659668 -1.3522839546203613
2.204678773880005 0.3921247124671936 2.2423794269561768
2.000145673751831 -0.9246777296066284 -2.3494300842285156
0.8816523551940918 1.106421947479248 0.44262707233428955
-1.820760726928711 -0.27913740277290344 -2.092151165008545
0.5592802166938782 -0.057134002447128296 1.8837834596633911
-1.7248046398162842 0.8910471200942993 1.8803942203521729
2.196728467941284 -0.5354642868041992 0.5733558535575867
1.066332459449768 1.3084253072738647 -1.6594595909118652
1.9514216184616089 -0.1108410656452179 1.905102252960205
0.5341817140579224 -0.6193336248397827 -2.4915213584899902
-1.965130090713501 0.8006495237350464 0.5373629927635193
-1.1828542947769165 -0.4080601930618286 2.657449245452881
2.140979290008545 0.7412284016609192 0.7958090901374817
1.1651192903518677 1.0132858753204346 -1.8020375967025757
-1.363834261894226 0.2946314215660095 0.7987371683120728
-2.042372465133667 0.8221530914306641 2.596055269241333
1.657906174659729 0.9414775967597961 2.8529977798461914
0.5797213912010193 0.07352916151285172 1.6417704820632935
-0.7555614709854126 1.1323059797286987 -2.804414749145508
0.24731211364269257 0.6959404349327087 -2.4722907543182373
-2.016598701477051 1.127616286277771 -0.9573692083358765
-1.8236993551254272 1.8535292148590088 -2.5053789615631104
-2.0134429931640625 0.44287675619125366 -1.7351505756378174
0.06286861002445221 -1.087140440940857 2.5694849491119385
2.1460671424865723 0.4316384792327881 0.6307012438774109
0.5607955455780029 -1.2219804525375366 2.874565601348877
-0.7509896159172058 1.2666962146759033 0.15088367462158203
1.9545025825500488 -0.5809316635131836 -2.3869147300720215
1.3747812509536743 -0.6688481569290161 2.888845920562744
-1.4538686275482178 -0.2760089933872223 -1.6330351829528809
-0.9506638646125793 -0.0364609956741333 -2.7969555854797363
2.2135961055755615 -0.12918967008590698 -2.4631383419036865
2.2222084999084473 -0.7962661385536194 2.2663564682006836
0.3773252069950104 -1.263127326965332 2.86396861076355
2.2013051509857178 0.5387841463088989 -1.902045726776123
-2.0069386959075928 -1.0959606170654297 2.13840389251709
-1.6816025972366333 -0.9760062098503113 0.8485114574432373
-0.2818395793437958 0.9715085625648499 -1.6843377351760864
-0.8636301159858704 1.0562477111816406 -0.8730890154838562
-1.7154808044433594 -1.2375091314315796 2.5477497577667236
0.4641145169734955 0.510157585144043 1.7816404104232788
1.500015139579773 -1.286289930343628 -2.7730157375335693
-1.2577813863754272 -0.15189078450202942 0.6429356932640076
0.11101691424846649 2.1846301555633545 2.782409906387329
1.7895395755767822 1.0702505111694336 -2.232769727706909
-1.695352554321289 -0.8436092734336853 -1.3507217168807983
-1.4591243267059326 1.1110156774520874 2.840146780014038
-1.8354518413543701 0.3611651659011841 -1.912045955657959
-0.37260445952415466 1.080533742904663 1.1005439758300781
0.8470802307128906 -0.050662681460380554 1.8522056341171265
2.2113590240478516 0.16514696180820465 -2.371610641479492
-1.8312809467315674 1.8029911518096924 2.0379691123962402
-0.9329867959022522 -0.909029483795166 -2.7500967979431152
2.247933864593506 -1.3121354579925537 1.8112602233886719
-2.01486873626709 0.5152345299720764 -2.0336313247680664
-1.7489100694656372 -0.43736302852630615 1.0187121629714966
2.1693437099456787 0.3389427959918976 -1.231224536895752
-2.0117053985595703 -0.1375015527009964 -2.4958322048187256
1.9556225538253784 -0.22971230745315552 -2.0054612159729004
-1.1076322793960571 0.5941265821456909 2.5647809505462646
-0.05964721366763115 0.47840726375579834 -2.4961020946502686
-1.253661036491394 -0.3628614842891693 -0.5660943388938904
-0.6595383882522583 1.0265238285064697 -1.2062608003616333
-0.4384818971157074 0.20592649281024933 1.7451354265213013
-1.993151068687439 -1.391005277633667 0.854119062423706
-2.030768871307373 0.13417091965675354 -1.1057673692703247
-1.1641160249710083 -1.0449992418289185 2.6789636611938477
1.3597711324691772 -1.4566829204559326 2.7306952476501465
0.3918924033641815 1.880679965019226 2.844740390777588
-1.7074640989303589 1.5874483585357666 -2.533109188079834
2.279722213745117 -1.3215575218200684 2.2058122158050537
1.3424112796783447 1.3356726169586182 -0.07011819630861282
-1.6910368204116821 0.5341190695762634 2.2780745029449463
2.1815154552459717 0.6165196895599365 1.3780518770217896
1.1237788200378418 0.4317231774330139 1.5998181104660034
-0.4569960832595825 0.4556048512458801 2.406538486480713
2.0056092739105225 -1.5923324823379517 2.4628779888153076
-1.690053105354309 -0.7624219655990601 2.1271109580993652
-1.8511617183685303 1.6304957866668701 1.8760465383529663
1.434747576713562 -1.5160735845565796 -2.7526333332061768
0.6898934841156006 -0.7215868234634399 -2.7768478393554688
-1.3135383129119873 -0.09935835003852844 -1.1199748516082764
-1.1531286239624023 1.2833411693572998 0.13821539282798767
-1.2441802024841309 -0.6726830005645752 0.8747286796569824
1.3766162395477295 0.8327414393424988 1.76913583278656
1.5860466957092285 -0.8220674991607666 2.887830972671509
1.126346230506897 -0.22387468814849854 1.7478506565093994
-1.5053606033325195 0.07370416074991226 -2.816648483276367
2.215850591659546 0.357033908367157 2.7898130416870117
-0.26576271653175354 0.051500335335731506 -2.7123100757598877
1.5820385217666626 1.159905195236206 -0.474060982465744
0.5711355805397034 0.6263459324836731 -2.845125198364258
2.126471519470215 -0.7481527924537659 -2.8559954166412354
-1.1337770223617554 1.9301528930664062 -2.4823503494262695
0.45916563272476196 1.1136808395385742 2.8583016395568848
-2.010845899581909 0.8757731914520264 -1.9954897165298462
2.213838815689087 1.3490095138549805 2.8882102966308594
2.164121389389038 1.278040885925293 -1.0147048234939575
-2.0011465549468994 0.1658603698015213 1.6680940389633179
0.9599050283432007 2.169462203979492 2.4970312118530273
1.6237415075302124 -1.37607741355896 2.6201436519622803
-1.3044025897979736 1.2796039581298828 -0.8017621636390686
-2.0440945625305176 0.0252549946308136 -1.373611330986023
-2.0187489986419678 0.4963783025741577 -1.5254781246185303
1.2000269889831543 1.1082115173339844 -0.053271908313035965
-1.2544727325439453 -0.4502916932106018 0.5395448803901672
1.2916814088821411 1.1232285499572754 0.3020474910736084
-1.3017723560333252 -0.09977853298187256 2.6290340423583984
1.8258929252624512 -0.19320592284202576 -2.832956552505493
1.8198175430297852 -0.27134406566619873 2.599992513656616
0.05494500696659088 2.053600788116455 2.1939752101898193
-1.356724739074707 0.07170899957418442 0.9219473004341125
0.19769075512886047 0.36873045563697815 1.7749940156936646
-2.0097737312316895 1.168540596961975 -0.5965868234634399
0.2511160373687744 -1.3943501710891724 2.5572292804718018
0.7918582558631897 -0.6799752712249756 2.660489320755005
1.9665639400482178 -1.236322283744812 1.4142340421676636
-0.6701714396476746 0.8130208253860474 -2.4951300621032715
1.9683619737625122 -0.3370245099067688 -1.448662519454956
0.6608409881591797 1.7800376415252686 2.371845245361328
-2.003941535949707 -0.17304393649101257 -1.9336169958114624
1.9523361921310425 -0.05212394893169403 -0.47587454319000244
-0.9734957218170166 0.8235334157943726 -0.09177108854055405
-0.1670525223016739 -0.03310571610927582 -2.79384708404541
0.6809605360031128 -0.34455406665802 2.655702590942383
-0.3224268853664398 -1.283475637435913 2.567586898803711
-1.640926718711853 1.820069670677185 1.6652849912643433
2.3002800941467285 1.8286582231521606 -2.774872303009033
1.5328757762908936 1.3511791229248047 1.0646189451217651
1.8858290910720825 0.5121387839317322 1.339850664138794
1.5904499292373657 0.04845479130744934 1.7126754522323608
1.3222966194152832 0.8356571197509766 -2.8259198665618896
-1.2348188161849976 0.6217405796051025 2.097428321838379
-1.7430555820465088 1.9733856916427612 -0.7584278583526611
-1.1883022785186768 -1.5416085720062256 2.9028584957122803
0.09285065531730652 -0.8253448009490967 2.597540855407715
0.5639640092849731 -1.1370294094085693 -2.4960265159606934
1.162142276763916 1.1188609600067139 0.8465414643287659
1.374088168144226 -1.0616321563720703 -2.6293678283691406
1.975965142250061 -0.04571373760700226 2.4078919887542725
-0.08883948624134064 1.0509772300720215 -0.7259817123413086
1.0196025371551514 1.0757085084915161 -1.8047537803649902
0.34219375252723694 1.2812325954437256 -1.1510409116744995
0.5540068745613098 0.3363262414932251 -2.831087112426758
-1.7621753215789795 -0.31147438287734985 -2.1677186489105225
-1.3365364074707031 -0.5603089332580566 -0.0813809186220169
1.1140315532684326 -0.7610884308815002 -2.410134792327881
0.8838942646980286 0.11095620691776276 -2.8080809116363525
2.3153016567230225 1.3345144987106323 -2.5493693351745605
1.4098037481307983 -0.3942511975765228 -2.793487787246704
-1.6346770524978638 -0.17727531492710114 -2.556929111480713
0.7773720026016235 1.2959675788879395 0.7727044224739075
-0.24854430556297302 1.264305591583252 -1.3815619945526123
0.6858767867088318 1.3045932054519653 -1.5443600416183472
0.7541806101799011 1.3050559759140015 -1.082650065422058
-0.5924189686775208 1.1883745193481445 -2.122408866882324
0.5605566501617432 0.5680707097053528 1.638583779335022
1.963908314704895 0.6175872087478638 1.877224326133728
-0.42651212215423584 1.2213551998138428 -1.9251059293746948
-0.7520391941070557 0.9876390695571899 -2.1539063453674316
-0.021716579794883728 -1.154756784439087 -2.4085795879364014
-2.0186541080474854 1.156682014465332 -1.0975425243377686
-1.2114360332489014 -0.5310672521591187 1.3023041486740112
1.9866044521331787 0.44073575735092163 -2.8547799587249756
2.175147533416748 0.9993792772293091 -1.1435281038284302
1.4089350700378418 1.3536127805709839 -0.57807457447052
-1.9996545314788818 -0.01656775176525116 -2.291914463043213
0.2815231382846832 -1.0980348587036133 -2.670250177383423
0.5122435688972473 -0.006372123956680298 1.8568755388259888
-1.4564902782440186 0.48698925971984863 -0.859835147857666
-1.2251760959625244 -1.3778530359268188 2.8970532417297363
-0.3702501952648163 -0.564146101474762 2.625638723373413
0.37793874740600586 1.0864863395690918 -0.9660450220108032
-0.3648185431957245 -0.3869926929473877 -2.5781147480010986
1.9182672500610352 0.19753879308700562 -1.0904113054275513
1.2953335046768188 -0.060227662324905396 -2.7532846927642822
0.0321420319378376 2.009878635406494 -2.797907590866089
-1.312318205833435 2.0496442317962646 -2.6374380588531494
1.4837419986724854 1.871802568435669 -2.385298252105713
1.1987361907958984 -1.3324081897735596 -2.3980016708374023
1.3621516227722168 1.4008383750915527 -2.3786778450012207
-0.7212411165237427 1.2745634317398071 0.7397306561470032
1.4060617685317993 -1.0133373737335205 -2.8624589443206787
1.9712250232696533 -1.2117533683776855 -0.2913898825645447
2.197110414505005 -1.014510154724121 -0.4452463686466217
1.705858588218689 1.2674520015716553 -2.868577718734741
-1.5183500051498413 -0.6854555606842041 2.874542474746704
-1.9854741096496582 0.4165918827056885 0.4920244812965393
1.8869121074676514 -1.5154492855072021 -2.4088048934936523
1.3494700193405151 1.1366180181503296 0.5368857383728027
-1.9984585046768188 1.0460642576217651 -0.28529343008995056
0.7868592739105225 0.5991097688674927 2.8641791343688965
-2.013807535171509 -0.6031485199928284 1.334320068359375
-1.2283673286437988 -0.8080423474311829 -0.9308298230171204
1.985962152481079 -1.0637725591659546 -1.4906147718429565
-0.31505724787712097 1.2851163148880005 2.0934858322143555
-2.0053486824035645 -0.2815955579280853 -2.3663272857666016
1.6211849451065063 2.147886037826538 2.811868190765381
-0.21033580601215363 1.2714691162109375 0.5515623092651367
1.9615429639816284 0.2612299919128418 1.095213770866394
-1.513826608657837 0.9632548093795776 2.8521952629089355
0.3872244656085968 1.2864798307418823 1.5502071380615234
-1.5500073432922363 -1.0691674947738647 -2.817599058151245
-2.0307788848876953 1.7472301721572876 1.343653678894043
0.057910479605197906 -0.671487033367157 -2.6502938270568848
2.222644567489624 -1.2455195188522339 0.7504180073738098
-0.6207781434059143 0.006406724452972412 -2.791320562362671
-1.9033799171447754 1.9442229270935059 -0.5665836930274963
1.970868706703186 -0.6829031109809875 -2.310199499130249
-1.2637505531311035 -0.46580398082733154 -0.2183048129081726
-0.8556218147277832 0.23138511180877686 2.6516177654266357
-1.0621317625045776 1.0710220336914062 1.4329179525375366
-1.6942815780639648 0.8832007646560669 -2.5260279178619385
0.21404200792312622 0.012873157858848572 -2.8198158740997314
-1.987419843673706 1.957995891571045 1.8352611064910889
2.19803786277771 1.174012303352356 -1.9164111614227295
-1.329057216644287 -0.7855864763259888 2.675802707672119
1.9719940423965454 -1.0854450464248657 1.3404011726379395
-1.7364252805709839 -0.8838826417922974 1.3791406154632568
1.6946831941604614 0.959011435508728 -1.865932822227478
-1.6254338026046753 -0.47231632471084595 -2.8185625076293945
1.8998152017593384 0.4312739372253418 -1.7462453842163086
2.201195240020752 0.9099980592727661 -1.6358718872070312
2.2118935585021973 0.2784014642238617 -2.2740869522094727
1.886911392211914 1.025383472442627 2.882014274597168
0.04830308258533478 1.048437237739563 -1.6660816669464111
-1.5839675664901733 1.5592570304870605 0.39995020627975464
1.6309702396392822 -0.5650274753570557 -2.522502899169922
-1.684991717338562 1.1526025533676147 -2.313880205154419
-1.526294231414795 -1.5700651407241821 1.2884039878845215
-1.9963666200637817 1.4605365991592407 1.3533931970596313
-0.9180633425712585 -0.7056629061698914 -2.5305473804473877
2.1864869594573975 -0.3561978042125702 -0.24809306859970093
2.2084450721740723 -0.5285333395004272 2.668107271194458
1.5649021863937378 -1.2580293416976929 2.9010698795318604
-1.6923377513885498 1.6145793199539185 -2.4461305141448975
1.1339061260223389 0.9992666840553284 -2.338742256164551
-0.242416650056839 -0.27256596088409424 -2.7947678565979004
-1.2570680379867554 -0.3643181324005127 -0.04500469192862511
-0.20255061984062195 1.92988920211792 -2.4406611919403076
0.0011687427759170532 1.069204568862915 -0.7734352946281433
-1.167813777923584 -0.15228185057640076 -2.802436351776123
2.202852964401245 -0.7968809008598328 -1.0389593839645386
1.9451501369476318 -0.6359298825263977 0.34717005491256714
-2.0100419521331787 -1.46146821975708 2.709778070449829
0.8161887526512146 1.9536683559417725 -2.832876443862915
-0.5613041520118713 -0.4502941966056824 -2.456983804702759
0.3874474763870239 2.067993640899658 -2.748103380203247
-2.0074963569641113 -0.9771301746368408 1.0126373767852783
-1.4505338668823242 -0.8472074270248413 0.8710648417472839
1.958652377128601 -0.12971659004688263 -0.3124953806400299
0.577795147895813 1.5268287658691406 -2.393181324005127
-2.008568048477173 0.4074934422969818 1.9843930006027222
2.1894171237945557 -0.20777134597301483 -1.2781542539596558
-1.4719727039337158 -0.43953633308410645 0.4674181640148163
-1.8605825901031494 1.5122783184051514 -2.8078300952911377
-2.043112277984619 0.35518932342529297 1.2124124765396118
1.606675386428833 0.07111173868179321 2.665750026702881
-1.8915700912475586 -0.21351133286952972 -1.0162163972854614
-1.9112601280212402 2.0042972564697266 -2.8260538578033447
-1.9123544692993164 1.666002631187439 -2.8317558765411377
-1.3850243091583252 -1.5506129264831543 1.280768871307373
0.33155694603919983 1.2897495031356812 0.20613546669483185
0.39152199029922485 1.4464643001556396 2.8491475582122803
-2.037329912185669 -1.627213954925537 -2.4357073307037354
1.02644681930542 1.037014365196228 -1.269546389579773
-0.7323391437530518 1.2600041627883911 -0.09551156312227249
-1.3847905397415161 2.104248046875 2.642960786819458
-0.5289580821990967 -0.27737605571746826 -2.5070903301239014
-1.9950119256973267 -0.12247459590435028 0.3818609416484833
2.1585967540740967 1.083554983139038 0.6322803497314453
1.5003488063812256 1.2206171751022339 2.3286657333374023
1.495064616203308 -1.5144942998886108 -2.9522223472595215
0.575748860836029 1.2799257040023804 -2.8326151371002197
1.2497161626815796 1.7611093521118164 -2.339198589324951
-1.7982476949691772 -0.5858162641525269 -2.8219146728515625
2.245285987854004 -1.3083425760269165 -1.8724182844161987
-0.5141293406486511 1.2855569124221802 2.0922234058380127
0.9898399710655212 2.1121788024902344 -2.5228111743927
1.2702478170394897 1.3269144296646118 1.831821322441101
1.8645765781402588 1.1963090896606445 0.06276438385248184
-1.3806744813919067 -0.8819797039031982 0.2988331913948059
-1.2406586408615112 -0.7760249972343445 -0.6905304789543152
0.470766544342041 -0.45628622174263 -2.5223653316497803
1.257853627204895 1.113586664199829 -0.34198078513145447
1.9589341878890991 -0.5375596284866333 -0.503512978553772
1.9718977212905884 -0.5693051815032959 -2.292937755584717
0.8592522144317627 -0.885181188583374 -2.7543962001800537
1.4468966722488403 1.4429064989089966 -2.4326233863830566
1.7178462743759155 1.1863473653793335 0.1297910213470459
2.2162952423095703 0.777368426322937 2.3166027069091797
-2.008455276489258 -1.1694090366363525 2.1477749347686768
0.06328355520963669 2.192598581314087 2.6459178924560547
1.924361228942871 -0.7007599472999573 0.5918434858322144
0.6123332381248474 1.2952601909637451 1.6350589990615845
-0.10129643976688385 1.245209813117981 -2.8005073070526123
-0.5670479536056519 -0.30839473009109497 -2.694730043411255
0.562910795211792 0.8078639507293701 -2.597886085510254
0.874492347240448 1.1198080778121948 -1.9134496450424194
-0.8838109970092773 0.9601088762283325 1.8912264108657837
-2.0189003944396973 1.5348410606384277 -1.2658454179763794
-1.6222721338272095 -1.4915916919708252 -2.467116594314575
1.9891834259033203 -1.238774299621582 2.9112305641174316
0.8512271046638489 -0.03715945780277252 1.6676609516143799
0.8409581184387207 -1.1994858980178833 -2.3607678413391113
2.1982340812683105 -0.005649477243423462 -1.802484393119812
-1.4353711605072021 1.20529043674469 -1.2063801288604736
-0.5569095015525818 1.0585949420928955 0.1376829296350479
-0.3819671869277954 1.1326831579208374 -2.80521821975708
-1.4409890174865723 1.1986159086227417 2.8376266956329346
-1.6149595975875854 0.23120132088661194 2.876906156539917
-0.7568625211715698 -0.17215897142887115 2.6545016765594482
-2.009113073348999 -0.1377396434545517 1.8127188682556152
1.4313080310821533 1.1183863878250122 0.1671997755765915
1.7565696239471436 1.3818103075027466 -1.0658589601516724
-1.1571587324142456 1.4315909147262573 2.841778516769409
1.9000147581100464 -0.0044706761837005615 2.1972908973693848
-2.0037307739257812 -0.9226157665252686 0.6462610363960266
0.9080150723457336 1.2412019968032837 -1.283233404159546
-1.150292158126831 0.4366605281829834 2.662426471710205
2.2325947284698486 -1.3734914064407349 1.4298210144042969
-2.052955150604248 1.9063565731048584 2.4482481479644775
2.1779375076293945 -0.4224984049797058 -2.0452113151550293
-2.0145323276519775 -0.6340163350105286 1.6241121292114258
0.4348270893096924 1.164473295211792 -1.8149381875991821
1.3669832944869995 1.4258586168289185 2.3431453704833984
-0.8314659595489502 -1.0483838319778442 2.8912434577941895
-1.8884193897247314 1.0222194194793701 -2.819370985031128
-1.2437431812286377 -1.4920765161514282 -0.8094658851623535
2.1713168621063232 0.2682099938392639 0.8845283389091492
-1.032315969467163 -0.468760222196579 2.6700193881988525
1.1337512731552124 1.317513108253479 1.1239792108535767
1.2251209020614624 -0.9396969079971313 -2.8189175128936768
1.747312307357788 1.8590960502624512 2.6499826908111572
0.6064017415046692 1.6967142820358276 -2.408963918685913
0.7073354721069336 0.6902493238449097 2.864312171936035
1.5504611730575562 0.05004556477069855 -2.825348138809204
2.0853779315948486 1.3320046663284302 0.9003375172615051
-1.811309576034546 0.761527419090271 0.28556156158447266
2.2293272018432617 -1.1498627662658691 -2.097104787826538
1.0086085796356201 0.5874112844467163 2.858611583709717
0.4686627984046936 0.839539110660553 -2.385519027709961
1.4903141260147095 1.3628300428390503 -0.7772692441940308
-0.9131685495376587 -0.5764552354812622 2.66560435295105
-0.33951085805892944 1.0599488019943237 0.14340510964393616
0.47112351655960083 1.1417680978775024 -1.7555890083312988
-1.2526172399520874 -0.6050111055374146 -0.9089437127113342
-1.1659138202667236 1.2710461616516113 0.5732008814811707
2.1668810844421387 1.9242112636566162 -2.3747329711914062
-0.6174784302711487 1.0079171657562256 -1.5872455835342407
-0.7964496612548828 1.1583975553512573 2.8573060035705566
1.9683462381362915 -0.9574087262153625 1.4912112951278687
-0.7712449431419373 -0.13545586168766022 2.8848938941955566
1.9668221473693848 -1.0557200908660889 1.1391922235488892
1.7682174444198608 1.9673128128051758 -2.4232051372528076
-0.48376375436782837 1.277467131614685 1.6346372365951538
-0.23171505331993103 1.2659894227981567 -0.8428426384925842
0.6246770024299622 1.527611494064331 2.856316089630127
-1.8240128755569458 1.9763438701629639 -1.4685032367706299
2.1729888916015625 0.05893196165561676 0.5686811804771423
-1.540351152420044 -1.2438126802444458 0.06413297355175018
-0.8637044429779053 1.0579419136047363 0.44460970163345337
-0.01618187129497528 -1.234968662261963 -2.5299081802368164
1.2188997268676758 1.320286512374878 1.6702663898468018
-0.47945526242256165 -0.5730284452438354 -2.436971426010132
-1.7586913108825684 0.9453437924385071 2.300755500793457
-1.2760952711105347 -1.48676598072052 1.0257320404052734
1.9176418781280518 0.3345005512237549 -0.6198129653930664
-1.1678370237350464 1.9715847969055176 2.867269277572632
2.2070655822753906 1.8758333921432495 2.3761889934539795
-2.0115506649017334 -1.2335203886032104 -0.6451278924942017
2.194483757019043 -0.0583575963973999 1.0756021738052368
1.0548895597457886 1.7322715520858765 2.33166766166687
1.586925745010376 1.4182342290878296 2.8699045181274414
-2.035656452178955 -0.07583245635032654 -0.8502070307731628
0.6825568675994873 0.9971436262130737 2.8648390769958496
-2.028383731842041 1.8558859825134277 -0.15054409205913544
1.9413435459136963 0.5233516693115234 0.17990724742412567
1.9535819292068481 1.2118808031082153 2.88217830657959
-0.9740765690803528 1.2739769220352173 0.157594233751297
-0.9859246015548706 0.8847185373306274 -1.7549306154251099
1.9716829061508179 -1.5934693813323975 -2.908125162124634
1.9527026414871216 -0.2524075508117676 -0.3855046331882477
2.214115619659424 -0.269285649061203 -2.554560899734497
-1.609722375869751 -1.2904433012008667 -1.5146294832229614
1.1876906156539917 0.2936645746231079 2.8492891788482666
1.7619991302490234 1.1607543230056763 -2.3941667079925537
-0.876880407333374 1.0382802486419678 -0.6428438425064087
0.32685405015945435 0.5915290117263794 1.7197022438049316
-1.2841719388961792 -0.7444335222244263 0.7350797057151794
-0.4387013912200928 -1.0854078531265259 2.895643949508667
1.948747992515564 -0.854785144329071 -0.03040141798555851
-1.2507704496383667 -0.760540783405304 0.42341798543930054
2.157585620880127 0.2463294267654419 0.10006871074438095
0.9573819041252136 1.1227141618728638 -0.5452483296394348
0.9361929893493652 -1.4363322257995605 2.826833724975586
-2.0150201320648193 -0.7077494263648987 1.876496434211731
0.666064441204071 0.5391717553138733 2.8600170612335205
-0.8155736923217773 -1.044064998626709 -2.4186923503875732
2.1955795288085938 -0.7756548523902893 -2.1313655376434326
1.6847126483917236 2.206087827682495 2.5551209449768066
1.0367730855941772 -0.2400079369544983 -2.7906038761138916
-0.3197236955165863 0.5634742975234985 2.682439088821411
-0.6162379384040833 0.49411141872406006 -2.5609700679779053
1.762830138206482 0.545781135559082 -2.4245433807373047
1.6869115829467773 -0.2190912365913391 1.8897643089294434
-0.7584081292152405 -0.22591164708137512 -2.416715621948242
0.9207115769386292 1.0935256481170654 0.9926914572715759
0.046281687915325165 0.957983136177063 1.7019215822219849
0.921411395072937 -1.3140369653701782 -2.8962442874908447
1.8082144260406494 -0.9445997476577759 -2.467665910720825
1.5763577222824097 1.3691860437393188 1.061314582824707
-0.4233119785785675 1.2617566585540771 -1.333772897720337
-0.7567825317382812 1.2087163925170898 -2.1543996334075928
-2.0237393379211426 -0.43953603506088257 -0.7101399898529053
-1.0183100700378418 1.4136149883270264 -2.4784460067749023
2.2102458477020264 0.1499740034341812 2.314724922180176
1.2162927389144897 0.28794991970062256 2.6659352779388428
1.833393931388855 0.8072962164878845 -0.8603103756904602
1.8362681865692139 -0.09055189788341522 2.873406410217285
0.2205907553434372 1.8882306814193726 -2.81986927986145
1.7761356830596924 1.6882007122039795 -2.84653902053833
1.170120358467102 -1.1467574834823608 2.618826150894165
-1.7541385889053345 -1.1806951761245728 1.3873928785324097
-1.3848496675491333 -1.510175108909607 2.3850109577178955
1.0547459125518799 1.0684324502944946 -0.2231389731168747
-0.45205384492874146 -0.1496542990207672 -2.500804901123047
1.193166732788086 1.3280941247940063 -1.4885128736495972
-1.7338781356811523 -1.2225652933120728 -1.0288006067276
-1.6849817037582397 0.6460509300231934 1.5022308826446533
-1.0369372367858887 1.2654918432235718 -1.4046982526779175
-1.4128260612487793 1.2745728492736816 2.577846050262451
-0.3643510639667511 0.5187863707542419 2.6101577281951904
2.1525654792785645 0.36621761322021484 0.6666052937507629
1.3282356262207031 1.3331571817398071 0.3746884763240814
1.3315743207931519 2.219844102859497 2.5189969539642334
1.9467719793319702 0.763746440410614 0.21086588501930237
-0.5471429824829102 -0.8377511501312256 2.62381911277771
-1.4263954162597656 1.2575340270996094 -1.1174997091293335
-2.011850357055664 -0.6296619176864624 1.9156067371368408
0.3603381812572479 1.2838629484176636 -1.5640696287155151
0.164870947599411 1.2781310081481934 -0.45899373292922974
-0.36785927414894104 -0.2555490732192993 -2.7920360565185547
1.9510494470596313 0.11287495493888855 0.8375945687294006
-0.24987509846687317 1.2582058906555176 -1.3574657440185547
1.7202858924865723 1.495290756225586 -2.34496808052063
-0.37408748269081116 0.8717779517173767 -2.7834575176239014
1.5589348077774048 -1.5831624269485474 -2.720776081085205
0.12815405428409576 1.0853716135025024 2.8533124923706055
-0.5467976331710815 -1.0129753351211548 2.9019477367401123
-0.6003514528274536 1.2630316019058228 2.278273820877075
1.8526525497436523 1.8777815103530884 -2.4471120834350586
-0.464642196893692 0.054822489619255066 -2.797088146209717
2.201810598373413 -1.1165363788604736 -0.13124285638332367
-1.8572306632995605 0.014640137553215027 -0.6675910353660583
-1.8021574020385742 0.8573613166809082 -2.8188693523406982
-0.5257391929626465 -1.482217788696289 2.8929061889648438
-1.7261605262756348 -0.5802969932556152 1.1218615770339966
-1.9932936429977417 -1.4485269784927368 0.6480472087860107
2.2150521278381348 -0.5636858940124512 1.712819218635559
1.4981541633605957 1.3524177074432373 0.08105304092168808
-1.6863276958465576 -1.372371792793274 2.046696186065674
-1.4649543762207031 0.5946372747421265 -0.2187759280204773
-1.504174828529358 -1.547095775604248 1.3709949254989624
0.38901811838150024 1.2910867929458618 0.03423011675477028
1.8931900262832642 -0.9749464988708496 2.6524410247802734
-1.463993787765503 -1.5382589101791382 -0.1648971438407898
2.2251241207122803 -1.3193503618240356 -0.6557672023773193
-1.9670594930648804 0.846579909324646 -0.11379154771566391
0.3782402276992798 0.7877437472343445 -2.4934468269348145
2.037055730819702 1.7997623682022095 2.279238224029541
-1.2679558992385864 0.8645480275154114 -2.790728807449341
-1.712447166442871 0.47868597507476807 -2.56583833694458
-1.5262075662612915 1.3002738952636719 1.9677754640579224
0.5524265766143799 1.2926726341247559 -0.03154272213578224
-1.953904390335083 0.6523837447166443 -0.4822533428668976
1.2818526029586792 0.7413593530654907 -2.063728094100952
2.0815017223358154 -0.3910360336303711 -2.845517158508301
-1.0212846994400024 0.3049563467502594 -2.5550472736358643
0.17231112718582153 0.748458743095398 -2.030111074447632
1.810099482536316 1.3345074653625488 1.4510929584503174
1.621639609336853 1.3506641387939453 1.2823511362075806
-1.0579266548156738 0.1841134876012802 -2.7961719036102295
-1.1604152917861938 -0.7204897403717041 -2.3064258098602295
-0.04648525267839432 2.054234504699707 -2.4487063884735107
2.199295997619629 -0.7844661474227905 0.12064111977815628
1.949478030204773 0.023721367120742798 -1.449062466621399
1.9342044591903687 1.3732343912124634 0.491718053817749
-2.0268454551696777 -1.3048244714736938 -1.6943330764770508
1.2218204736709595 1.957054615020752 -2.4112226963043213
-1.5715457201004028 1.524072527885437 1.5617578029632568
0.821326732635498 0.00013011693954467773 -2.5254006385803223
-1.844759464263916 -1.1535592079162598 -1.5817651748657227
-1.7439621686935425 1.7223491668701172 -0.7797570824623108
-1.140227198600769 1.0722384452819824 1.6272156238555908
0.7953393459320068 0.08911245316267014 1.602968454360962
2.16497802734375 -1.5462727546691895 -0.36999279260635376
-2.0033717155456543 -0.3218640089035034 -2.179103374481201
-1.7360422611236572 0.20875461399555206 -2.8091628551483154
-2.0154366493225098 -0.8730674982070923 -0.5109246969223022
-1.3635401725769043 -1.5392348766326904 0.7846055030822754
1.4819817543029785 0.5174387693405151 -2.533872365951538
-1.6818065643310547 -0.22943493723869324 -0.866036057472229
1.7247933149337769 1.6280314922332764 2.3506882190704346
1.3487348556518555 1.6789476871490479 -2.343576669692993
1.7258362770080566 0.2174111306667328 1.6466808319091797
-0.8958051800727844 2.0874714851379395 2.2229273319244385
2.216508388519287 -0.09003783762454987 -2.335371494293213
-1.3422759771347046 -0.9253356456756592 1.039750337600708
-0.7986184358596802 1.7443082332611084 -2.4650838375091553
1.1153652667999268 0.08027596026659012 2.6720476150512695
1.4664921760559082 0.05615463852882385 -2.5178184509277344
2.2750847339630127 2.0469753742218018 -2.447042226791382
-0.7627012729644775 -0.704603910446167 -2.3663320541381836
-0.35886150598526 -1.1980807781219482 2.605178117752075
-1.510553240776062 -0.7153127193450928 -1.9162256717681885
-1.6698845624923706 -1.525649070739746 2.330063581466675
-2.0051023960113525 1.348477840423584 1.1820764541625977
-0.6583964824676514 1.610074758529663 2.855618953704834
-0.3974863886833191 1.1811996698379517 -2.804802656173706
0.9454740285873413 1.3020609617233276 -1.3807055950164795
1.9568309783935547 1.3833974599838257 -0.5572140216827393
1.8689427375793457 -0.03909873962402344 2.196171760559082
1.954120397567749 -0.44946587085723877 -0.32602086663246155
-0.8243632912635803 -0.2536810636520386 -2.466390609741211
2.1297202110290527 1.614816665649414 -2.5527796745300293
-0.1354103982448578 1.2707645893096924 0.027544645592570305
-0.791275680065155 -0.9584438800811768 -2.6583170890808105
0.593382716178894 1.2978678941726685 1.5589497089385986
2.0753769874572754 -1.1684997081756592 -2.810458183288574
1.1477975845336914 1.3232823610305786 0.6302364468574524
0.1018158346414566 0.19677430391311646 2.3486297130584717
-1.4897081851959229 -1.0517127513885498 -1.3954920768737793
1.9123570919036865 1.152380108833313 1.9551383256912231
2.20727276802063 1.7710800170898438 2.6299033164978027
1.9863306283950806 -0.31368011236190796 -2.4457898139953613
2.202463388442993 -0.9337554574012756 1.788698434829712
0.35710644721984863 0.7728562355041504 2.0323479175567627
-1.859092116355896 -1.6222474575042725 -2.819580316543579
2.0127036571502686 -1.5832637548446655 2.744908571243286
0.13752977550029755 1.2809594869613647 -0.39576634764671326
-1.5657124519348145 1.9427989721298218 2.833984375
-1.9877132177352905 1.063840389251709 1.0677117109298706
-1.8942980766296387 -1.5415226221084595 2.186457395553589
1.9467328786849976 -0.5093684196472168 0.22352246940135956
2.2101097106933594 -1.1588724851608276 -0.9845123291015625
2.190150022506714 -0.23657919466495514 -1.5113308429718018
2.126384735107422 0.943985104560852 2.579911708831787
-0.8322805166244507 -1.0265554189682007 -2.7773170471191406
-1.6900566816329956 0.7226285338401794 0.06650476902723312
0.3574540913105011 -1.3556718826293945 -2.3697428703308105
1.9632984399795532 -0.5146902799606323 2.4718310832977295
-1.8225600719451904 -1.5072503089904785 2.4310338497161865
0.51268470287323 0.945944607257843 2.402822971343994
-1.81729257106781 -0.6319680213928223 -2.3334474563598633
-0.5280093550682068 -1.0413955450057983 2.8948521614074707
-0.757203996181488 1.075451374053955 1.1220226287841797
-1.246666431427002 -1.0139977931976318 -0.5129668712615967
-1.9986042976379395 -0.7442231178283691 -1.9016895294189453
-1.2496715784072876 -0.2805755138397217 -0.2406657189130783
0.23598021268844604 -0.13415390253067017 1.7507840394973755
2.218501329421997 -0.02319657802581787 -2.733276605606079
-1.183099627494812 2.16438889503479 2.2265939712524414
-1.6729645729064941 1.1768118143081665 0.9234128594398499
2.20182204246521 -1.022672176361084 -0.027756672352552414
1.7693498134613037 1.1537957191467285 -2.8311803340911865
0.26565203070640564 -0.4916253089904785 -2.4644291400909424
-2.013763666152954 -0.22765539586544037 -0.23921994864940643
-1.5112031698226929 -1.2344704866409302 1.2086824178695679
0.8102332949638367 0.6276219487190247 -2.8523380756378174
-2.0127503871917725 -1.398248553276062 1.0868866443634033
0.8116133809089661 -1.4751719236373901 2.741334915161133
-1.5329331159591675 1.2107954025268555 -0.07710359990596771
1.6991111040115356 1.1859606504440308 -0.12119447439908981
-0.9106354117393494 1.0291469097137451 -0.023621713742613792
1.328381061553955 0.8598113059997559 -2.0095596313476562
1.499753713607788 -1.5382548570632935 -2.6297473907470703
2.1885130405426025 0.3683275580406189 -1.5913846492767334
0.720363438129425 1.691554069519043 2.859724521636963
-1.2685654163360596 -0.40668773651123047 -0.5814303159713745
-0.7098467350006104 -0.5814093947410583 -2.7755677700042725
-1.7069571018218994 -1.445874810218811 1.5587661266326904
1.911910057067871 1.4354500770568848 -2.6583220958709717
0.8692877888679504 0.4839141368865967 -2.8216371536254883
-0.9631789326667786 1.8992154598236084 2.8658440113067627
-1.695558786392212 1.9121335744857788 1.4706345796585083
-0.12756527960300446 -0.6888926029205322 -2.462844133377075
1.7318440675735474 0.6736119985580444 1.6078295707702637
1.105149269104004 1.887515664100647 2.853206157684326
-2.004459857940674 -1.136871337890625 -0.1720307469367981
-1.4970084428787231 -0.07994820177555084 0.8409897089004517
0.6247453689575195 0.19769936800003052 -2.495919704437256
-1.9985101222991943 -0.12941867113113403 0.27182555198669434
0.4382372498512268 1.1538366079330444 -0.38487765192985535
1.3542464971542358 0.8715157508850098 1.5175278186798096
-1.043745756149292 0.6201317310333252 -2.7486727237701416
2.251767635345459 -1.389692783355713 2.0328640937805176
2.177349090576172 -0.30246245861053467 0.11746802926063538
-0.9389612674713135 -0.740528404712677 -2.4959518909454346
-1.4284266233444214 2.0766658782958984 2.823099136352539
2.2599315643310547 0.6274726986885071 -2.5913867950439453
-1.4817527532577515 1.260123372077942 0.04024044796824455
-0.15633472800254822 1.0770282745361328 0.42302244901657104
-0.27914535999298096 -0.237945556640625 2.0094809532165527
2.2151756286621094 -1.366100788116455 2.814002752304077
-1.2398691177368164 0.8239127397537231 -2.790590286254883
0.1590612232685089 -1.1037811040878296 -2.4069998264312744
2.179529905319214 -0.2082817554473877 0.12046480923891068
0.43959635496139526 -1.4690552949905396 2.5727970600128174
-0.9424670934677124 1.267419695854187 1.9538393020629883
1.4365464448928833 -1.3895207643508911 2.883211612701416
1.975555419921875 -1.401170253753662 1.8826546669006348
-2.0287930965423584 -1.0033628940582275 -1.6852208375930786
-2.042041540145874 1.8471808433532715 1.7948373556137085
2.2004282474517822 -1.6010149717330933 -2.556802749633789
-0.48168835043907166 1.0825164318084717 1.209431529045105
1.2300524711608887 -0.5663087368011475 2.892895460128784
-1.069875717163086 1.516576886177063 -2.800201416015625
2.1851136684417725 -0.015290915966033936 -1.220164179801941
-2.0126965045928955 0.7435455322265625 1.7687337398529053
-1.5806615352630615 -1.4103994369506836 2.6976234912872314
-0.6526621580123901 1.339510202407837 -2.414639949798584
2.2026405334472656 0.7513713240623474 2.1762709617614746
-1.7361435890197754 1.617238163948059 2.431000232696533
1.388752818107605 0.059998005628585815 -2.5344932079315186
-1.0598292350769043 1.2664507627487183 -0.869483232498169
1.9539533853530884 0.8980838060379028 -1.445109248161316
-0.05716162547469139 1.4905998706817627 -2.8022232055664062
-2.0264480113983154 -0.17254823446273804 -0.45078933238983154
2.196550130844116 0.26011642813682556 1.5341941118240356
0.7865036129951477 -0.2701115012168884 2.8667356967926025
1.9044358730316162 -0.6933412551879883 -2.850402355194092
0.09581322222948074 1.8700830936431885 -2.4272987842559814
-1.6704010963439941 1.1349124908447266 1.6542772054672241
1.2501137256622314 0.04688584804534912 -2.464021921157837
-2.0117368698120117 0.005833238363265991 1.0701489448547363
1.9441180229187012 0.4852712154388428 0.1327318549156189
-0.10415045917034149 2.1936004161834717 2.5623815059661865
-0.7462857961654663 2.1877408027648926 2.5569982528686523
2.186192750930786 -0.46666136384010315 -0.2228461503982544
-0.5909281969070435 0.22965611517429352 2.22243070602417
1.94989013671875 -0.7837493419647217 0.4405555725097656
2.2839179039001465 1.8644124269485474 -2.398287057876587
-0.5142173171043396 2.148056745529175 2.8267078399658203
-1.0023502111434937 2.031217575073242 -2.7029285430908203
-0.6481158137321472 0.9872573614120483 -1.9932427406311035
-0.39581698179244995 -0.36849135160446167 -2.795099973678589
-1.999871015548706 -0.5960958003997803 0.3648797869682312
-1.638647198677063 -1.0863358974456787 -2.207315444946289
1.1442521810531616 1.3175052404403687 1.2997145652770996
0.23876617848873138 1.6377060413360596 -2.4141581058502197
1.9112871885299683 -0.2496534138917923 2.2847094535827637
1.483567714691162 -0.4637930393218994 -2.707345485687256
0.7927287817001343 1.5733834505081177 -2.8555054664611816
-1.699904203414917 1.8202589750289917 -2.7822225093841553
-2.0124285221099854 0.18704651296138763 -1.6889002323150635
-1.3705862760543823 1.0823475122451782 2.8498473167419434
2.2048003673553467 -1.137333631515503 -2.4777567386627197
-1.209605097770691 -0.674834668636322 1.4061264991760254
1.533620834350586 1.3880891799926758 -0.8201888203620911
1.7988710403442383 1.1477715969085693 -2.861339807510376
-1.89850652217865 1.5105600357055664 -2.8097641468048096
1.6750338077545166 -0.298764169216156 -2.7981903553009033
-1.3841651678085327 0.999104380607605 -2.263788938522339
-1.556761384010315 -0.8434516787528992 -2.8128104209899902
-1.272712230682373 -0.8544455170631409 0.8799606561660767
-0.12282317876815796 -0.6284791231155396 -2.771115303039551
2.073319435119629 -1.5186076164245605 0.9922730326652527
-1.9658154249191284 1.8566014766693115 -0.3548416793346405
-1.7620130777359009 1.221665382385254 -0.05934581533074379
-2.0109670162200928 -0.7032935619354248 2.864506959915161
0.6473520994186401 -0.8567347526550293 -2.4229228496551514
-1.6890946626663208 0.1367419958114624 -2.0003843307495117
-2.0093750953674316 -0.5048413276672363 2.2560064792633057
0.19788822531700134 1.2801265716552734 -0.3513844609260559
1.9639261960983276 -0.7790642380714417 0.02725493162870407
1.6224011182785034 -1.5430607795715332 -2.8364334106445312
2.2500154972076416 -1.2254889011383057 2.7868525981903076
-1.2459444999694824 -0.7989959716796875 0.7204310894012451
0.8903820514678955 0.2058810293674469 -2.80867075920105
0.2349732518196106 1.1950500011444092 -1.8618824481964111
-1.834452509880066 0.6790586113929749 -1.6253663301467896
-1.3092273473739624 1.5714058876037598 -2.4657938480377197
-1.4988983869552612 1.834737777709961 -2.781831979751587
2.2588248252868652 -1.4062713384628296 2.061779737472534
1.9558032751083374 -0.7887513637542725 -0.16300681233406067
-2.0432214736938477 1.7444846630096436 0.7499235272407532
2.2755441665649414 2.0635344982147217 2.535019874572754
-1.8799327611923218 1.9921391010284424 -1.8306368589401245
2.2137601375579834 -1.397450566291809 2.5995020866394043
2.160466432571411 0.6715588569641113 0.22973065078258514
0.5724639296531677 1.2858384847640991 1.9231396913528442
-0.5678786635398865 1.0767862796783447 1.2336524724960327
-0.8058492541313171 1.3269760608673096 2.842198133468628
0.8263680338859558 0.7089163064956665 1.608285665512085
-1.2920258045196533 -1.4669785499572754 0.2511102259159088
-2.023270606994629 1.6576788425445557 -2.6750195026397705
0.9858145713806152 -0.48579978942871094 -2.6828341484069824
-1.0847779512405396 0.1121252030134201 -2.8024239540100098
-1.5634015798568726 -0.24618583917617798 -1.728798747062683
0.053015973418951035 0.21614986658096313 1.77747642993927
0.44186562299728394 0.7405503392219543 2.5661022663116455
1.9461578130722046 -0.05955095589160919 2.877389669418335
2.1962058544158936 0.6921119093894958 -1.4654414653778076
1.3648625612258911 0.8797947764396667 2.839538335800171
0.1995677500963211 1.8554925918579102 -2.425260305404663
-1.3026783466339111 1.283663272857666 -0.04279080033302307
1.9660789966583252 -0.5394355058670044 -1.3680548667907715
1.9087892770767212 -0.08838240802288055 2.5175466537475586
-0.19056910276412964 0.7086840271949768 -2.8024911880493164
-1.6616461277008057 -0.30660280585289 2.5993220806121826
-0.832994282245636 -0.32217639684677124 -2.7923741340637207
1.4473083019256592 1.8056271076202393 2.2942771911621094
0.4416201114654541 0.4908856749534607 -2.517775058746338
1.9898370504379272 -1.1917822360992432 -1.5260741710662842
2.194453716278076 -0.08663606643676758 0.9440232515335083
2.225862741470337 -0.9483093023300171 -2.4512505531311035
1.1626627445220947 0.3374323844909668 2.6766796112060547
1.8379545211791992 -0.30253908038139343 2.8702235221862793
2.003326654434204 -0.2002946138381958 -2.8356287479400635
2.171558380126953 -0.01898929476737976 1.3368200063705444
-1.673474669456482 -0.002875223755836487 0.18130390346050262
-1.8154062032699585 1.936056137084961 -2.20151424407959
1.7796077728271484 0.19908611476421356 -2.512430191040039
-2.0075767040252686 -0.11689290404319763 1.7930446863174438
0.8725649118423462 1.1009823083877563 -1.3217504024505615
2.103811740875244 1.2507579326629639 -1.9672842025756836
-0.16134223341941833 1.5891553163528442 -2.4358580112457275
1.5743244886398315 1.166439414024353 0.13171939551830292
-1.6155571937561035 -1.5012284517288208 2.6415278911590576
0.8067640066146851 0.8833250999450684 2.8688929080963135
2.2110722064971924 0.8868374228477478 2.5990426540374756
1.79147207736969 1.2018094062805176 -1.2705597877502441
0.6451147198677063 -0.07251305878162384 1.705427885055542
-1.8275761604309082 -0.22300851345062256 -0.7317284345626831
1.9264787435531616 -0.661741316318512 1.121586561203003
-0.523151695728302 1.064878225326538 0.8732132911682129
1.8828620910644531 0.8404626846313477 1.5270916223526
-1.375381350517273 1.2168500423431396 0.9820736050605774
1.2120087146759033 1.339712142944336 -0.26611271500587463
1.697704553604126 0.41934895515441895 2.7114100456237793
-1.2744141817092896 -0.20718690752983093 -2.610400915145874
0.06516048312187195 1.343921184539795 2.8540289402008057
-1.9834386110305786 1.3638031482696533 1.967171311378479
2.25736403465271 0.5549851655960083 -2.773087978363037
-0.1017264574766159 2.0542335510253906 2.491513729095459
-1.2811129093170166 1.2737417221069336 -1.4585877656936646
2.013702630996704 1.347435474395752 1.2299422025680542
1.4220789670944214 -1.4951223134994507 -2.505432605743408
0.16288381814956665 1.2887518405914307 1.8022841215133667
2.184391736984253 -0.664110004901886 -1.782715082168579
0.7850487232208252 0.7051584124565125 -2.646285057067871
0.35136041045188904 -0.3286353647708893 2.8600008487701416
2.1985316276550293 1.7806028127670288 2.5816166400909424
-1.322698950767517 0.14917755126953125 -0.808013379573822
2.2154862880706787 0.6955730319023132 -2.352344274520874
0.7766289710998535 1.8160591125488281 -2.3932693004608154
-1.7441818714141846 1.703962802886963 2.826284408569336
1.9472495317459106 2.057398557662964 2.323314666748047
-0.9502454996109009 -0.5192967057228088 2.8875396251678467
2.2000787258148193 0.12646636366844177 2.046236753463745
-1.738584280014038 -1.250600814819336 1.5294950008392334
1.0901685953140259 -0.45766377449035645 2.8814542293548584
-2.0328524112701416 -0.0520925372838974 -0.6518164873123169
-0.5666754841804504 0.9829699993133545 -2.2030861377716064
-1.7622538805007935 -1.4760122299194336 0.04674915969371796
-1.2611125707626343 -1.0641531944274902 0.6797612309455872
-2.0326225757598877 1.6745742559432983 2.4712209701538086
1.3667733669281006 1.33810293674469 1.2749781608581543
1.8347935676574707 -1.1236572265625 -2.4118456840515137
-1.0377748012542725 0.3825799226760864 2.8734707832336426
0.5790671110153198 2.0183045864105225 2.4377262592315674
-2.0462450981140137 1.8253461122512817 0.44487300515174866
2.159712314605713 0.1451016664505005 -0.14953234791755676
-2.0031933784484863 0.5146526098251343 2.3591060638427734
-1.7210735082626343 1.6843645572662354 1.6193358898162842
2.207519292831421 -0.26011574268341064 -2.322763442993164
2.180922269821167 0.07623645663261414 0.8105967044830322
0.6766923666000366 0.35428881645202637 -2.82954478263855
-0.5883188247680664 -1.3206976652145386 -2.777655601501465
0.0994131863117218 -0.9082725048065186 2.5657715797424316
1.5444523096084595 1.3550190925598145 -1.2406312227249146
-1.230666160583496 0.13060058653354645 0.22910261154174805
2.256037950515747 -1.286927580833435 2.712859630584717
2.159291982650757 1.0074639320373535 -0.9562057852745056
2.19973087310791 0.36502331495285034 -2.002521276473999
2.184786081314087 0.24837791919708252 1.0328844785690308
0.4816834330558777 1.2389482259750366 -1.9320526123046875
2.2075095176696777 -0.7159290909767151 -2.107815980911255
0.057079050689935684 -1.0937678813934326 -2.586594820022583
0.7421894073486328 1.3004670143127441 -1.1205772161483765
1.2925983667373657 -0.6944379806518555 2.64935302734375
0.056937918066978455 1.274390697479248 -1.113552212715149
2.2180044651031494 0.8419966697692871 -1.9673054218292236
-1.2665765285491943 -0.4687430262565613 -2.796863317489624
-0.41980665922164917 1.2717655897140503 -2.044851779937744
-0.3567454516887665 0.22381651401519775 -2.510401487350464
-1.5543317794799805 0.2827490270137787 2.8405988216400146
-0.9044805765151978 -1.1145989894866943 -2.387721300125122
0.9397242069244385 0.14566101133823395 2.8581371307373047
-2.000178813934326 1.638224482536316 -0.737184464931488
-1.345517635345459 -0.8257390260696411 -1.298210859298706
-1.7637730836868286 -1.1448146104812622 -2.8238425254821777
0.10121997445821762 0.9429436922073364 -1.681437373161316
-1.5145795345306396 -1.2560646533966064 -2.5959436893463135
0.18918177485466003 2.1948273181915283 2.678571939468384
1.1423925161361694 1.341818928718567 -0.0565909706056118
1.1470224857330322 -1.4454225301742554 2.8383355140686035
1.7673887014389038 1.2979170083999634 -0.9851225018501282
0.8004381656646729 1.2950154542922974 1.8708040714263916
1.222190499305725 1.0925426483154297 -1.767452597618103
0.1768736094236374 2.1667673587799072 2.8334925174713135
0.6321936845779419 -0.4396015405654907 -2.789233684539795
-1.7181675434112549 -1.398565649986267 1.927898645401001
-1.3576486110687256 0.9691480398178101 0.5199586153030396
-1.380048155784607 -0.06917202472686768 2.8348522186279297
0.6092950105667114 -0.756433367729187 -2.4829320907592773
0.6380289196968079 1.3956834077835083 2.4551141262054443
1.786799430847168 1.3650771379470825 -1.2315218448638916
1.3919174671173096 1.2947266101837158 0.454510897397995
-2.002068281173706 1.2606452703475952 -1.5313189029693604
1.561854600906372 0.2513258159160614 -2.64955735206604
1.0331957340240479 1.0797158479690552 -2.8396847248077393
-2.036940097808838 1.8641510009765625 0.8635953664779663
0.8037655353546143 2.1905570030212402 2.816514730453491
0.7606044411659241 -0.009491205215454102 -2.818612813949585
-1.2475590705871582 1.082155704498291 -0.9539791345596313
0.9164472818374634 0.9259832501411438 1.8304858207702637
-2.0107436180114746 -1.0695232152938843 -2.8014285564422607
-0.1909169703722 -0.158440500497818 2.2283198833465576
-1.5262104272842407 -0.6450762152671814 2.882112741470337
1.32981276512146 0.1390863060951233 1.8270169496536255
-1.1021783351898193 -0.4750050902366638 -2.7780020236968994
-1.9097238779067993 -1.6271371841430664 -1.5468848943710327
-1.2773107290267944 1.1392946243286133 2.5480380058288574
0.5849382281303406 -0.5253746509552002 2.852430582046509
2.216001510620117 -0.5488434433937073 2.112396478652954
2.2220242023468018 1.2187808752059937 2.8339896202087402
0.6873242855072021 0.7475982904434204 1.8436641693115234
-1.3905984163284302 0.21674221754074097 -2.7676405906677246
-2.007571220397949 0.7842304706573486 -1.2455236911773682
1.9787311553955078 1.2759037017822266 -1.427979588508606
1.957785725593567 -1.0467742681503296 0.7496393322944641
0.3339948356151581 -0.05222982168197632 -2.8118298053741455
1.987721562385559 -1.4692693948745728 1.980369210243225
-1.4244129657745361 -0.9028666615486145 -1.4105796813964844
-1.9989497661590576 0.17913685739040375 0.7412444949150085
-0.0985608920454979 -0.3860637843608856 -2.783961534500122
1.3921504020690918 0.2671894133090973 1.6046342849731445
1.6647605895996094 1.6689685583114624 2.8695778846740723
-1.2732534408569336 -0.6049780249595642 0.32622161507606506
0.26439863443374634 -1.3583776950836182 -2.7851216793060303
-1.4008607864379883 1.2698510885238647 -1.8861415386199951
-0.43115559220314026 1.0973204374313354 2.222929000854492
1.2981250286102295 2.084658622741699 2.829580307006836
-0.9939683675765991 1.0595849752426147 -1.4349243640899658
1.7034578323364258 1.3678666353225708 0.7945880889892578
1.6706883907318115 1.3514211177825928 1.3628438711166382
-0.4418189823627472 0.1945219337940216 -2.5960209369659424
1.3651158809661865 0.3119596838951111 -2.723846912384033
-1.7744932174682617 1.7970657348632812 -0.5150059461593628
1.806015133857727 -0.7776570320129395 -2.3833999633789062
-0.7305920124053955 1.0936449766159058 1.962209701538086
0.543451726436615 1.7521311044692993 -2.5868935585021973
1.2304952144622803 1.3443632125854492 -1.0127317905426025
2.2268316745758057 -1.2088665962219238 -2.6129560470581055
0.7386361360549927 1.8177632093429565 -2.402287483215332
1.1150926351547241 1.3258148431777954 2.381148099899292
1.0302255153656006 1.102716326713562 -1.2543327808380127
-0.044458501040935516 1.0499926805496216 -1.2746347188949585
2.200545072555542 0.9949517250061035 -1.6310781240463257
-1.4177120923995972 -0.6074895858764648 2.7465264797210693
2.2389280796051025 2.208828926086426 2.5501604080200195
0.9340165853500366 0.09800311923027039 -2.4911110401153564
0.40925610065460205 0.26899629831314087 -2.819669246673584
1.9604949951171875 -1.4606273174285889 0.2844429016113281
1.9459905624389648 -0.17213010787963867 0.3315582573413849
2.0114104747772217 0.9467800855636597 2.891108274459839
-1.7146867513656616 1.9304919242858887 0.4198135733604431
-1.613990068435669 1.4131017923355103 0.576991081237793
1.8996816873550415 0.5578661561012268 -1.8214707374572754
0.022421259433031082 1.2500886917114258 0.7495839595794678
1.604200839996338 -1.2410094738006592 -2.3436505794525146
-0.08308564871549606 1.2730097770690918 0.2905333936214447
-0.30287671089172363 -1.4189428091049194 2.89056658744812
-1.206731915473938 2.038465976715088 -2.551039695739746
-2.0069241523742676 0.11841562390327454 1.3375244140625
1.9555076360702515 -0.3000395894050598 -0.514224648475647
0.5476927757263184 0.3788027763366699 1.8425403833389282
-1.5072810649871826 -0.23829109966754913 -2.804863214492798
1.7594985961914062 1.2793688774108887 0.3629901111125946
2.2192156314849854 -0.1339249312877655 2.6693003177642822
2.165663003921509 -0.5451008081436157 -2.8547964096069336
-0.09943797439336777 1.271280288696289 -0.7161336541175842
-2.0299088954925537 -0.4230010211467743 -1.2774147987365723
1.388978362083435 -1.2881014347076416 -2.8855481147766113
-0.9195442199707031 1.0586364269256592 -0.26693496108055115
1.7011131048202515 1.6020442247390747 2.873830556869507
-0.7254915237426758 0.30053746700286865 -2.798067569732666
-1.2625823020935059 -1.1823586225509644 -0.36125901341438293
2.2231593132019043 0.4716438055038452 -2.386786699295044
-1.9974894523620605 -0.43093883991241455 0.3741821348667145
1.3875969648361206 1.2911256551742554 -1.7612260580062866
-0.01277853548526764 0.377373069524765 -2.4981722831726074
1.223942518234253 -0.760404109954834 -2.4405858516693115
1.959444284439087 1.4594016075134277 2.779627799987793
1.8237450122833252 1.3347264528274536 -2.8236021995544434
-0.22581073641777039 2.178612470626831 2.7811501026153564
-0.8440519571304321 -1.4721980094909668 2.5920369625091553
-1.7789103984832764 0.3280068635940552 -1.9548583030700684
2.1977028846740723 -0.05632929503917694 -1.925667643547058
-0.08450593054294586 1.235087513923645 -1.7734051942825317
1.9906132221221924 -1.4761334657669067 -1.4608962535858154
2.20596981048584 -0.9703214168548584 -1.17793607711792
-1.0575124025344849 -0.5984706878662109 2.9057810306549072
-0.18813535571098328 0.2434438318014145 1.966538667678833
0.4962741732597351 -0.9676129221916199 2.888576030731201
0.8357831239700317 1.2976903915405273 1.8005620241165161
0.6066254377365112 -1.478482961654663 2.8393797874450684
2.205535411834717 -0.5921543836593628 -0.13082630932331085
0.027717173099517822 1.3718810081481934 -2.4308643341064453
-1.4720405340194702 -1.5447509288787842 1.5420578718185425
0.7907117605209351 1.3092601299285889 1.2384017705917358
1.8798068761825562 0.20175647735595703 -2.3781681060791016
-2.00109601020813 0.7150132656097412 -2.043013095855713
-1.3260027170181274 0.3843877613544464 -0.8098912239074707
0.7249367237091064 0.04263308644294739 2.6622886657714844
-0.9253398180007935 -0.6186103224754333 -2.4854156970977783
2.177388906478882 -0.11486813426017761 0.3391749858856201
-0.8204191327095032 -1.4917631149291992 2.61004900932312
-1.9673020839691162 -1.5915825366973877 -2.207819938659668
-1.8073498010635376 -1.5790424346923828 1.8323739767074585
0.23406076431274414 0.6695523262023926 1.653208613395691
1.531237244606018 -0.09293493628501892 -2.479790449142456
2.227236747741699 -1.2720272541046143 0.7470592260360718
1.4398396015167236 1.145795464515686 0.5006851553916931
-1.3591785430908203 1.576934814453125 -2.7859437465667725
-0.31068071722984314 1.2821279764175415 2.180260181427002
2.223564863204956 -0.917432963848114 1.3685498237609863
-1.3856019973754883 1.289261817932129 1.7721859216690063
2.1627330780029297 -1.5165296792984009 -2.835880994796753
-2.0126492977142334 -0.8971278071403503 -0.25991079211235046
-1.2999132871627808 -0.3404960036277771 2.8813140392303467
-1.4640051126480103 1.149195909500122 -0.5557900071144104
-2.014378070831299 -0.511723518371582 2.434119939804077
-1.468614935874939 0.07056042551994324 2.6620965003967285
1.216688871383667 1.3448115587234497 -0.9731835126876831
2.2062883377075195 -0.894156277179718 -1.2229655981063843
-0.31504586338996887 -0.4505852460861206 -2.787015199661255
1.5222864151000977 1.269209384918213 2.8564343452453613
1.1241735219955444 0.8734710216522217 -1.6158359050750732
-0.010332975536584854 0.11234729737043381 1.7546720504760742
1.572605013847351 1.3807605504989624 -0.5868328213691711
-0.5445114374160767 0.1802513301372528 -2.5338258743286133
2.048762321472168 -0.8577887415885925 -0.4685646593570709
0.3486468195915222 0.8241411447525024 -1.811400294303894
2.000109910964966 1.308007001876831 2.129965305328369
-1.7793680429458618 -0.6287014484405518 -1.60882568359375
-2.017677068710327 0.16197210550308228 -1.3991889953613281
2.2018356323242188 -1.1982080936431885 -2.8662478923797607
1.5571273565292358 -0.07197418808937073 1.771673560142517
-2.015315294265747 0.8186030387878418 2.8528685569763184
0.9192682504653931 -0.9201423525810242 -2.3896498680114746
1.9692506790161133 -0.27588319778442383 -2.8322412967681885
-1.9939076900482178 0.03485292196273804 -2.5444283485412598
-2.012718915939331 -0.7607926726341248 -0.4241237938404083
0.6798456311225891 0.3588082194328308 -2.468508243560791
1.9248480796813965 1.7669211626052856 2.857268810272217
1.9221562147140503 0.7352582216262817 -0.7668229341506958
-1.216371774673462 -0.3226308822631836 1.3281959295272827
-0.8082828521728516 1.2707014083862305 0.8696095943450928
1.7447062730789185 -0.8257365226745605 -2.475327253341675
-1.6045960187911987 1.3700501918792725 2.1865947246551514
2.2336490154266357 -1.399268627166748 -1.6822621822357178
-0.6600755453109741 1.2627955675125122 -1.1613831520080566
-0.5761899352073669 -0.38876521587371826 -2.4125049114227295
-1.4964369535446167 -0.34433549642562866 2.8169732093811035
2.217466354370117 0.29754072427749634 2.2667596340179443
0.1699572652578354 0.4682576656341553 2.849679708480835
1.3392963409423828 0.31341198086738586 -2.5547242164611816
-2.013831853866577 -0.9212018251419067 2.38866925239563
-2.0144996643066406 -1.0749115943908691 -0.8721494078636169
2.2290594577789307 -0.9841800928115845 1.5203739404678345
2.194744348526001 1.214794635772705 2.2827682495117188
-0.4076261520385742 1.0481781959533691 -0.33423343300819397
2.211615562438965 0.5743072628974915 1.6920257806777954
1.9569458961486816 -1.038403868675232 1.000166893005371
-1.9843530654907227 -1.572583556175232 1.869982123374939
0.8795064091682434 1.7563774585723877 2.3384881019592285
-0.8603885769844055 0.7826048731803894 2.8489463329315186
2.210188150405884 -0.1969737410545349 1.7187138795852661
-0.07968460023403168 0.48767226934432983 1.715201497077942
0.9477571845054626 1.0048518180847168 0.0071368589997291565
-1.7934887409210205 -0.0906926691532135 -2.4840266704559326
-0.42290905117988586 0.05494964122772217 1.7908685207366943
-1.6711663007736206 1.882149338722229 0.016341840848326683
0.826447069644928 -1.5003392696380615 -2.327116012573242
2.261303424835205 2.180192708969116 2.7842092514038086
-2.020761489868164 -0.3352785110473633 -1.0836964845657349
2.251797676086426 -1.5008546113967896 1.1112031936645508
2.191579818725586 0.4175106883049011 -1.8047733306884766
0.07171977311372757 0.02212764322757721 1.928544044494629
2.191222667694092 -0.749377965927124 -1.4122966527938843
-1.3506495952606201 -0.8860247135162354 -2.807634115219116
2.0049688816070557 -0.7461249828338623 0.9042142033576965
0.06416730582714081 1.30140221118927 2.4626076221466064
0.24525299668312073 1.0835682153701782 0.42206713557243347
2.2113516330718994 0.7365613579750061 2.494100570678711
-2.011948585510254 1.1739051342010498 2.1401400566101074
0.8392335176467896 1.097183108329773 1.0760446786880493
0.9553535580635071 -0.47781187295913696 2.6636786460876465
1.923837661743164 -0.3590192496776581 2.417013645172119
0.2528584897518158 0.1079220250248909 -2.4674606323242188
-2.0057384967803955 -1.2242350578308105 -0.6944687962532043
0.06543061882257462 1.238175868988037 -1.7046184539794922
-1.2735239267349243 2.038795232772827 -2.542736053466797
-1.365323543548584 0.7463228106498718 -2.7789456844329834
-2.016432046890259 -1.427653193473816 -0.35624536871910095
2.206371307373047 -0.4250142574310303 1.4937328100204468
2.164869546890259 1.1625829935073853 0.6117265224456787
-1.4843677282333374 -1.4955010414123535 -1.5593891143798828
0.6566831469535828 -1.4816806316375732 2.607125997543335
0.42907941341400146 1.2822307348251343 2.0314407348632812
-1.5116058588027954 0.9600404500961304 2.8540966510772705
-2.060033082962036 -1.497411847114563 -1.4943567514419556
0.9984008073806763 1.1089601516723633 -1.4919037818908691
-1.0423933267593384 -0.4208918809890747 2.65592622756958
1.8137811422348022 1.1703606843948364 1.042964220046997
1.3496167659759521 0.4268808364868164 1.795712947845459
-2.0084588527679443 -1.2120606899261475 1.1155526638031006
-2.005629062652588 -0.15710359811782837 -2.018775224685669
0.6140841245651245 0.8404397964477539 -1.7829853296279907
1.1758066415786743 -1.491197943687439 -2.93929123878479
-1.4086397886276245 0.22749628126621246 -2.1594061851501465
-1.2498483657836914 -0.008936837315559387 -0.15562425553798676
-1.8088836669921875 -0.0458722859621048 -1.1338765621185303
1.122817039489746 0.8991767168045044 1.5752016305923462
1.6572356224060059 -1.179672122001648 2.6220638751983643
0.751330554485321 1.7808282375335693 -2.453906297683716
2.1899280548095703 0.20957672595977783 -1.5867451429367065
0.12473724037408829 2.172534942626953 2.362826108932495
1.9525986909866333 -0.8355245590209961 1.9590709209442139
0.6602150201797485 1.3025413751602173 -0.5961090326309204
-0.1460186243057251 1.305098533630371 2.3737266063690186
-1.267971158027649 -1.088515281677246 1.0281168222427368
1.9323980808258057 -0.33147409558296204 1.218188762664795
-0.8591572642326355 2.1705169677734375 2.6814000606536865
1.1415578126907349 1.086599588394165 -1.4732775688171387
0.7363993525505066 1.317334532737732 -0.16953837871551514
0.11704515665769577 0.6535105109214783 -2.812422275543213
-0.09593848884105682 0.4303106665611267 -2.5209217071533203
2.2419488430023193 -1.414374828338623 2.5731430053710938
2.114630937576294 2.2416601181030273 2.604604482650757
0.7075837254524231 -0.6077721118927002 -2.796858310699463
2.0380096435546875 2.1386265754699707 2.8743796348571777
0.7810500860214233 0.37659186124801636 2.8578250408172607
2.0081217288970947 -1.6377925872802734 -2.3471081256866455
-1.9982960224151611 0.4173920750617981 0.3060835003852844
-0.5910660624504089 0.8501394987106323 2.6619770526885986
1.5955861806869507 1.1597473621368408 -1.9945367574691772
0.4844120144844055 1.0921791791915894 -0.5540942549705505
-0.6354362964630127 1.0441420078277588 -1.7964462041854858
2.097378730773926 1.717320442199707 -2.36869215965271
-1.6082671880722046 0.40357550978660583 -0.2827431261539459
-0.7620104551315308 0.06554306298494339 -2.48757266998291
0.4859044849872589 1.0680904388427734 0.6372725963592529
-2.026871919631958 0.7159672975540161 2.597351551055908
-0.15428723394870758 1.263617753982544 0.36260637640953064
-0.029384784400463104 1.2729284763336182 0.5672132968902588
-1.007741093635559 2.000617265701294 -2.5253424644470215
0.49091076850891113 0.8366442918777466 -2.154895544052124
-1.75740385055542 1.070936679840088 2.3483681678771973
0.44480717182159424 2.192659378051758 2.62446928024292
1.1299903392791748 2.16838002204895 2.2360260486602783
-2.0427486896514893 1.8608665466308594 2.4188878536224365
-0.9309242963790894 0.584821879863739 2.878434419631958
-0.8697274327278137 1.0640432834625244 1.0143626928329468
2.2104787826538086 0.19265654683113098 -2.2148098945617676
-1.711578130722046 1.8487653732299805 -1.1808550357818604
-0.7525928616523743 0.2811661958694458 -2.523092269897461
1.516709327697754 1.34993577003479 0.06793040037155151
1.1968430280685425 1.1139233112335205 0.8354498147964478
-1.9258906841278076 -1.6174005270004272 1.3227794170379639
-2.007657051086426 1.5519481897354126 -2.540256977081299
1.9414554834365845 0.14587312936782837 -0.9934256672859192
1.668590784072876 0.9283298850059509 2.727404832839966
2.2407968044281006 -1.4178764820098877 1.9155067205429077
0.25410977005958557 1.2754138708114624 0.7873891592025757
-2.008176803588867 -0.3487125039100647 -1.759612798690796
0.3850245773792267 1.226759433746338 -1.8928166627883911
-1.9416147470474243 1.8995871543884277 -0.7809370160102844
1.9529649019241333 0.23282040655612946 -0.9553949236869812
2.0093419551849365 0.861286997795105 -0.42326590418815613
1.9868836402893066 -0.23065301775932312 -2.0946056842803955
-1.6253163814544678 -0.7146187424659729 -0.31293708086013794
1.43399178981781 -0.3118421137332916 -2.7343649864196777
2.27402663230896 1.7002532482147217 -2.663102626800537
1.852545976638794 -0.2460504174232483 2.539182662963867
-0.02110496535897255 1.6751675605773926 -2.428415060043335
1.303403615951538 1.9553778171539307 -2.3657708168029785
1.150152564048767 -0.6691384315490723 -2.550795793533325
-1.8272920846939087 0.6956475973129272 -0.5521349310874939
0.7768014669418335 -0.2164069563150406 2.86362886428833
-0.6197354793548584 -0.8272240161895752 -2.7546658515930176
1.9786171913146973 1.512559175491333 -2.3802900314331055
1.8069103956222534 1.3581676483154297 0.23974913358688354
1.9707404375076294 -0.5332187414169312 -1.1438740491867065
0.9894561767578125 1.3036779165267944 -2.4123542308807373
2.141920804977417 -1.582002878189087 -1.9542590379714966
1.9575926065444946 -0.6715450882911682 -0.6060501933097839
-0.09615667164325714 -1.0691355466842651 2.884845733642578
2.197786808013916 0.42731595039367676 1.5760952234268188
0.6132124662399292 1.1013556718826294 0.5457708835601807
1.7924678325653076 0.5873985886573792 -2.5711328983306885
-1.1152362823486328 -0.9769122004508972 -2.792482852935791
-1.3188799619674683 -1.3625057935714722 -1.1812057495117188
2.0780389308929443 -1.587754726409912 -1.2720258235931396
-1.2658940553665161 -0.38193225860595703 -0.5855967998504639
-2.0197525024414062 -0.6125108599662781 -0.5645455121994019
0.6974843740463257 1.2058427333831787 2.861034393310547
-0.6384238600730896 -0.7890977263450623 -2.6558854579925537
-0.739963948726654 1.2629055976867676 -1.4304181337356567
-1.2533245086669922 -0.5161474943161011 0.2455877959728241
1.0109752416610718 -0.09483499825000763 2.862924575805664
1.1410273313522339 1.2799867391586304 2.37851881980896
1.9524203538894653 -0.09149982035160065 -2.406576633453369
1.5211057662963867 -0.2509177625179291 1.7837873697280884
-0.49763691425323486 -0.8188155889511108 -2.4820556640625
2.211942195892334 0.3731425106525421 2.2804837226867676
1.5213873386383057 1.1692688465118408 -1.2967476844787598
-1.7963687181472778 1.9187378883361816 0.47768789529800415
1.3209965229034424 -0.1793643683195114 -2.500624895095825
2.1673502922058105 1.3071846961975098 -2.1474010944366455
-1.1518528461456299 1.0623265504837036 0.24667014181613922
-0.14624029397964478 1.7957546710968018 -2.4416511058807373
1.9746407270431519 -1.0240139961242676 -1.0097295045852661
0.2006264626979828 1.0803287029266357 -1.935112476348877
-1.447980523109436 1.1353181600570679 0.40967920422554016
2.208678722381592 -1.5322105884552002 -1.0104255676269531
-1.9706512689590454 0.9011045694351196 0.2969696521759033
0.438202828168869 1.277555227279663 -1.6478712558746338
0.48155444860458374 1.085243821144104 0.8145850896835327
-0.8461056351661682 2.1720194816589355 2.70554518699646
1.9943772554397583 -1.3517926931381226 -1.5400842428207397
-1.9685801267623901 0.7929880619049072 0.8621446490287781
1.6512067317962646 1.1973793506622314 -0.348212867975235
-0.1812116950750351 -0.8179425597190857 2.8892390727996826
-2.0107083320617676 0.12488706409931183 -0.29830408096313477
0.957943856716156 1.0894322395324707 1.3513545989990234
1.8338321447372437 -0.04732212424278259 -2.807399272918701
-1.7770861387252808 0.839933454990387 -0.918219268321991
-0.02039114385843277 1.0991419553756714 -2.803220748901367
-1.3986709117889404 1.733630895614624 2.842102527618408
-0.3045917749404907 1.2661359310150146 0.22146198153495789
-1.1858625411987305 0.8606425523757935 -2.7950596809387207
0.1396269053220749 -0.534171462059021 -2.7829480171203613
1.943648099899292 0.22163890302181244 -0.025939518585801125
0.32947540283203125 2.014052152633667 -2.5385665893554688
2.1885247230529785 0.9586234092712402 1.6773157119750977
-1.0631365776062012 -0.5503351092338562 -2.2968740463256836
-2.0067732334136963 -1.3322298526763916 2.1384963989257812
1.1822717189788818 1.526185154914856 2.8562355041503906
-0.7963559627532959 -0.8316154479980469 -2.3525960445404053
1.96897292137146 -0.9258813858032227 -0.8384957313537598
1.5977838039398193 -0.26781803369522095 2.1441848278045654
-2.011528253555298 -1.2656118869781494 -0.8551807403564453
-0.8271694183349609 0.2596574127674103 -2.538661003112793
1.9708328247070312 -1.3069720268249512 0.2992667555809021
-2.0035433769226074 -1.496641755104065 0.6871411800384521
-1.1952279806137085 -0.8036712408065796 1.3668659925460815
1.5678694248199463 -1.4855952262878418 2.705622673034668
1.9859166145324707 -1.3784334659576416 -0.6794885993003845
-1.9828269481658936 -0.31822270154953003 -1.4218500852584839
0.0393928661942482 1.079068660736084 0.9880828261375427
-1.992569923400879 -1.5920946598052979 1.5512089729309082
-1.1472558975219727 -1.110858678817749 2.8957862854003906
-0.9911588430404663 1.258816123008728 2.848914384841919
-2.0213894844055176 -1.0776392221450806 -0.008610138669610023
-0.8572448492050171 -0.3707078695297241 2.889575242996216
0.8415130972862244 1.295973777770996 1.885315179824829
1.9749850034713745 -0.8751257658004761 -1.103878140449524
-1.5024497509002686 -1.468100905418396 -2.828716278076172
-0.9718416333198547 0.8417587280273438 1.9882769584655762
-2.018317699432373 -0.4333701729774475 1.1694291830062866
0.0064810700714588165 1.0628011226654053 0.8215184807777405
-0.353622168302536 0.900249719619751 -1.7477011680603027
2.306657075881958 0.9931175112724304 -2.553377389907837
-1.916797161102295 1.3692125082015991 2.82849383354187
-1.791340708732605 -0.21822907030582428 -2.2822046279907227
-0.4470534920692444 1.0631670951843262 0.8558974862098694
-0.32659202814102173 -0.5261266231536865 2.6338937282562256
-0.6488257050514221 1.3887232542037964 -2.794563055038452
-0.2538820207118988 -0.9233864545822144 -2.5220654010772705
1.9569001197814941 1.1686469316482544 -2.8955185413360596
2.2187232971191406 -0.8931466341018677 1.705259919166565
1.3901615142822266 1.1281218528747559 0.8751158714294434
0.11546533554792404 1.7273814678192139 2.8527708053588867
-1.9868193864822388 0.981448233127594 -0.281269907951355
1.7100058794021606 0.9575314521789551 -1.1003005504608154
2.023430109024048 -1.2895927429199219 -2.8959782123565674
-1.3649781942367554 0.7542176246643066 2.613241672515869
2.214460849761963 -0.7683486342430115 -2.196303129196167
-1.611340045928955 1.4299741983413696 2.357739210128784
0.23934653401374817 -1.4196813106536865 2.8614320755004883
0.24319294095039368 -1.0552327632904053 -2.6571457386016846
-2.020108699798584 -1.0005619525909424 2.569099187850952
2.207918167114258 1.6818315982818604 2.4824728965759277
-1.436025857925415 -1.0164424180984497 0.4425106346607208
0.4450836181640625 1.0508002042770386 -0.3860309422016144
1.9792598485946655 -1.32728910446167 1.8850785493850708
2.2122347354888916 -1.182274580001831 -0.9767138361930847
-1.7084711790084839 -1.3672538995742798 1.9657312631607056
0.12342610955238342 -0.022228866815567017 2.8610002994537354
-1.8506361246109009 1.9635275602340698 -0.394165575504303
1.2681516408920288 1.1644136905670166 -0.9707541465759277
2.201929807662964 -1.016326665878296 -0.8839719891548157
-2.004836082458496 1.4265722036361694 1.050676941871643
2.15461802482605 -0.3716889023780823 -2.852461338043213
1.9906185865402222 -1.2990881204605103 1.2643039226531982
-0.9911971092224121 -0.6687992811203003 2.6632564067840576
0.762014627456665 1.3040539026260376 1.2175730466842651
0.2911947965621948 1.1993991136550903 -2.181643009185791
-0.8436214923858643 -1.600734829902649 -2.709956407546997
-1.1758522987365723 -0.10596232116222382 -2.804769277572632
-1.7542070150375366 0.44230371713638306 1.0659806728363037
-1.995381474494934 0.042868345975875854 -2.3183650970458984
-1.7534931898117065 0.47707802057266235 -1.224718451499939
-1.485024333000183 1.3091243505477905 -0.6631016731262207
-1.7513957023620605 1.0591113567352295 -0.610709547996521
-0.9083903431892395 0.2628994584083557 1.9190363883972168
1.7424620389938354 0.47538304328918457 -2.544046401977539
-2.0218749046325684 1.6613973379135132 -2.300870656967163
0.3760499954223633 -0.8789935111999512 2.878519296646118
1.0507192611694336 1.32958984375 2.133021593093872
-1.446301817893982 -0.20598894357681274 0.617794930934906
1.9512786865234375 0.10751926153898239 -0.7745935320854187
1.9417649507522583 0.741002082824707 -0.07778327912092209
-0.49350878596305847 1.5490796566009521 -2.4503939151763916
0.18004021048545837 1.285826325416565 1.7911157608032227
1.7511699199676514 -0.7930593490600586 -2.452380895614624
-1.399874210357666 1.1476781368255615 -2.7812252044677734
2.2010395526885986 0.4787840247154236 1.5727145671844482
1.9595855474472046 -0.039159342646598816 0.022410525009036064
-1.7499186992645264 -1.059437870979309 2.470452070236206
0.5624854564666748 -1.1857250928878784 2.8759708404541016
2.190901279449463 0.7996121048927307 -1.4138898849487305
-2.038060426712036 1.8606212139129639 1.3682242631912231
-1.2579501867294312 -1.3765379190444946 -0.6050576567649841
0.6563054323196411 1.206055760383606 -2.2472686767578125
1.5312782526016235 0.207858145236969 -2.4532463550567627
-1.774495244026184 -1.1044610738754272 -1.5921293497085571
-2.0044894218444824 -1.527827262878418 0.24606938660144806
-1.0225889682769775 1.9102845191955566 2.8604397773742676
1.9633315801620483 -0.6115504503250122 -1.1644220352172852
-0.16579574346542358 0.24749566614627838 2.1852471828460693
-0.5260258913040161 0.9315693974494934 -2.3155038356781006
-1.7119414806365967 -1.2159334421157837 -0.48687633872032166
1.9638432264328003 -0.6951330900192261 -2.2606992721557617
0.9524887800216675 1.3077315092086792 1.2630611658096313
-1.606979250907898 1.239556074142456 1.0861964225769043
-1.2057976722717285 -0.7734395861625671 -2.2655270099639893
0.2106655240058899 -0.7902336716651917 -2.7641918659210205
1.5061407089233398 1.330735683441162 -0.764975905418396
-1.2861899137496948 -1.3021795749664307 -0.04541590437293053
-0.916477382183075 0.41148626804351807 -2.5597341060638428
-0.52329021692276 2.1663875579833984 2.1754610538482666
-1.3172166347503662 0.6663899421691895 2.584141969680786
2.1738598346710205 2.2255983352661133 2.8061065673828125
-1.2770771980285645 -0.017997905611991882 0.8398333787918091
-1.7397964000701904 0.8067880868911743 2.1977384090423584
-1.9914189577102661 0.3322060704231262 0.27045199275016785
-1.2617042064666748 1.5476174354553223 -2.7608418464660645
0.5667997002601624 0.8088513016700745 -1.9631619453430176
0.037088192999362946 1.059443712234497 -1.1384683847427368
2.216099739074707 -0.6381741166114807 2.5776660442352295
-1.3131386041641235 1.0978049039840698 1.9987925291061401
-1.5574491024017334 1.4887588024139404 -0.5834970474243164
1.5840686559677124 1.499894142150879 2.8685455322265625
-0.2443293184041977 1.5524077415466309 -2.804187774658203
2.1357672214508057 2.2381765842437744 2.4700891971588135
0.02737964689731598 0.4693260192871094 1.864603877067566
1.9423062801361084 0.2505834996700287 0.19354113936424255
2.067653179168701 -1.518316388130188 0.26421263813972473
-1.423144817352295 -0.8964572548866272 -2.792264938354492
-0.44006407260894775 -0.13219214975833893 -2.79714035987854
-1.2835962772369385 0.15808144211769104 -0.13937242329120636
2.208791494369507 0.40822455286979675 2.514432430267334
0.8040414452552795 -1.2859028577804565 -2.336488723754883
-2.0252187252044678 1.7352205514907837 1.3067166805267334
1.258864402770996 0.6088282465934753 1.5783805847167969
-1.4479472637176514 0.8694709539413452 -2.7907698154449463
2.2355706691741943 -0.895297646522522 2.438490629196167
1.779689908027649 -1.4686464071273804 2.887094020843506
1.44791841506958 -1.3278939723968506 -2.3383357524871826
-0.512698233127594 0.8076263666152954 -2.8048837184906006
-2.031827926635742 1.9970943927764893 -2.3797733783721924
0.11275320500135422 1.0906764268875122 1.5730057954788208
-2.0173425674438477 1.020982027053833 2.320131540298462
2.17535400390625 -0.6864190697669983 -1.2174854278564453
2.040982961654663 -1.4912410974502563 1.7388983964920044
1.4283926486968994 -1.087357997894287 -2.352522611618042
-1.2365981340408325 -0.4026539921760559 0.8796136975288391
-2.0023069381713867 1.3662468194961548 -2.289175271987915
1.0728423595428467 1.127075433731079 2.8601512908935547
-1.2642359733581543 0.9214212894439697 0.8808975219726562
-2.0124917030334473 0.31620675325393677 -1.022854208946228
-1.8493314981460571 -1.080933928489685 2.173896074295044
2.1874873638153076 -0.5708109736442566 -0.24449099600315094
-0.21925383806228638 1.0502320528030396 -0.5877054333686829
-0.25880780816078186 1.9602092504501343 -2.438754081726074
0.8374437689781189 1.172089695930481 -0.7099621891975403
2.152737855911255 -0.11551666259765625 -2.834124803543091
0.46480464935302734 1.083858609199524 1.0174013376235962
2.2070255279541016 -0.6400119662284851 0.7006677985191345
-0.6026691794395447 1.9942409992218018 2.8782241344451904
2.195157766342163 -0.0959068238735199 -1.6918225288391113
-0.22760339081287384 0.5935607552528381 1.747942328453064
0.8477725386619568 1.0354348421096802 -2.843478202819824
2.1851212978363037 -0.5415099263191223 -0.18520499765872955
-0.38496729731559753 0.3809846043586731 -2.788713216781616
-1.308245301246643 1.2770352363586426 0.3623009920120239
0.6723834872245789 1.0803027153015137 1.4280016422271729
-1.756090760231018 -1.0149861574172974 -2.232163667678833
1.95802640914917 -0.19062206149101257 0.7548194527626038
-1.8244572877883911 0.4626408815383911 -2.818638563156128
-0.146780863404274 1.2934799194335938 2.430485963821411
-1.3642503023147583 0.7836095094680786 0.024532340466976166
-1.560996413230896 -1.3511319160461426 1.0973525047302246
1.890830636024475 1.0992075204849243 -2.1613857746124268
-2.0197556018829346 1.5247939825057983 1.0368726253509521
-2.0000803470611572 -1.5249851942062378 -0.18253196775913239
0.972652018070221 1.1156774759292603 0.33314135670661926
2.25567889213562 -1.4390480518341064 2.153607130050659
-0.11722687631845474 1.2688254117965698 -0.7743609547615051
-0.8152548670768738 -0.25729483366012573 2.650552272796631
-0.11208540201187134 0.7823910117149353 2.8205814361572266
-1.808535099029541 -0.8952054977416992 -1.169847011566162
-2.002856969833374 0.292954683303833 2.014810800552368
-1.3190151453018188 0.2746161222457886 -0.770739734172821
0.3696105480194092 -0.12640303373336792 1.7929755449295044
1.706700086593628 0.869455099105835 1.5995416641235352
-1.0716525316238403 1.0522085428237915 0.746509850025177
0.0752711370587349 -0.5327804088592529 2.8756184577941895
1.3422034978866577 -1.429654836654663 -2.3340916633605957
1.8376284837722778 0.295416921377182 -2.5599184036254883
1.9525578022003174 -0.5871270298957825 -0.45586177706718445
1.0814820528030396 0.9980047345161438 -1.6815171241760254
-0.609104335308075 -0.6787232756614685 2.650930643081665
-1.9974300861358643 1.1840274333953857 1.0815244913101196
1.4537090063095093 -0.0023822039365768433 1.6553832292556763
-2.0135555267333984 0.5914385318756104 -1.226600170135498
0.8210053443908691 -1.5282557010650635 -2.409423589706421
0.24199742078781128 1.056776523590088 -1.1144592761993408
1.2801653146743774 1.7977662086486816 2.715238571166992
-2.007582902908325 -0.0896708071231842 1.12779700756073
0.2719060182571411 2.0741357803344727 -2.4666473865509033
-1.1826592683792114 -1.0172864198684692 -2.3450100421905518
-1.7068686485290527 0.5981947183609009 1.2824259996414185
2.133777379989624 0.7307338118553162 0.9404520988464355
-1.8032642602920532 -0.705542802810669 -2.571988344192505
-1.7594398260116577 0.18000024557113647 -1.0790704488754272
0.19112560153007507 1.4229812622070312 -2.4184207916259766
2.215135335922241 1.005711317062378 -1.7056190967559814
-1.5146563053131104 -1.0773241519927979 -2.259281873703003
1.7229171991348267 -1.503183364868164 2.643249034881592
-2.006854772567749 1.0169751644134521 -0.5706472992897034
-0.03974021226167679 1.3035780191421509 2.1903398036956787
-2.0331168174743652 1.441771388053894 2.5267162322998047
1.0209543704986572 1.5708845853805542 -2.3877274990081787
-1.5776047706604004 -1.573682427406311 -2.8326528072357178
-0.9257133603096008 -0.25048843026161194 2.67604923248291
-1.4671109914779663 -0.9949414134025574 2.7281172275543213
-1.9215255975723267 1.9986944198608398 2.7324905395507812
1.5075668096542358 -1.5992501974105835 -0.6109257340431213
0.5052769184112549 2.078376054763794 -2.7072978019714355
2.2181529998779297 -1.5290968418121338 -0.7146777510643005
2.182140350341797 -0.13015487790107727 -0.8985369205474854
1.941625952720642 -0.8769311904907227 1.6658564805984497
-2.051917314529419 1.8313952684402466 2.508699417114258
-0.9103986620903015 1.2452411651611328 2.483389377593994
-1.783166527748108 -0.8377355337142944 -1.2776730060577393
1.54499351978302 0.12876461446285248 2.684762716293335
-1.5160937309265137 -0.47002434730529785 0.839499831199646
2.146268367767334 -1.590822458267212 -1.6114494800567627
1.9442530870437622 0.3723829984664917 0.8490561246871948
-2.0350582599639893 -0.32923659682273865 -2.76004958152771
-1.7796401977539062 -1.5383778810501099 2.047956943511963
-0.74043208360672 1.2616281509399414 -1.4395344257354736
2.209890365600586 -0.5660825967788696 1.388491153717041
0.315981924533844 0.4486390948295593 2.8491151332855225
-2.001702070236206 1.489522099494934 0.7763595581054688
1.431361198425293 1.1024186611175537 1.2541277408599854
2.1463136672973633 1.0176783800125122 1.6479156017303467
-0.8782503604888916 0.7383335828781128 2.8658831119537354
0.616274893283844 0.44130659103393555 -2.8281524181365967
-2.0224149227142334 1.5769141912460327 -1.0786151885986328
1.4592715501785278 0.3950677514076233 -2.377126932144165
-1.855586290359497 -0.11871334910392761 -2.114551305770874
-0.7067934274673462 1.273633360862732 1.1226874589920044
2.2366626262664795 -0.7197332382202148 2.525029420852661
-1.1800858974456787 1.0493547916412354 0.8168964982032776
0.92835932970047 1.10956609249115 0.13136957585811615
2.2235567569732666 -0.7408151626586914 2.3413121700286865
-1.7584682703018188 0.7183073163032532 -2.3672375679016113
2.1690256595611572 -0.13825605809688568 0.07503524422645569
-0.14853227138519287 0.09746766090393066 -2.5124588012695312
-0.8624057173728943 -1.2277779579162598 -2.4603660106658936
1.0799143314361572 -0.8528215289115906 -2.428804397583008
1.7836586236953735 1.7963018417358398 2.6214919090270996
1.6107839345932007 1.3198282718658447 1.7297004461288452
2.091949224472046 -0.23727042973041534 -2.4359941482543945
1.7551909685134888 1.337493896484375 -0.7099817395210266
0.38427263498306274 1.2816479206085205 -0.24354451894760132
-0.5407240390777588 -1.225792407989502 -2.469818592071533
-2.0182619094848633 1.5576422214508057 1.3221702575683594
-2.0078086853027344 0.7555567622184753 -0.3797091841697693
0.02694183960556984 0.07593952864408493 -2.4980995655059814
-1.9981917142868042 -1.3465909957885742 -2.831279754638672
-1.817099690437317 1.210160732269287 -0.16828083992004395
-1.2455661296844482 -0.9445990324020386 -0.9876830577850342
0.07850819826126099 -0.3740578293800354 2.868488073348999
0.004746973514556885 1.0244147777557373 -1.668695092201233
-0.6304239630699158 -0.08062028884887695 2.6443262100219727
-2.0118565559387207 -1.0282015800476074 2.2432687282562256
0.4126529097557068 1.0752655267715454 -0.37066158652305603
-1.7659928798675537 1.3233816623687744 -1.0931801795959473
2.2069480419158936 -0.7526843547821045 0.8911334872245789
-1.659349799156189 1.9050345420837402 -0.4121550917625427
0.9837013483047485 0.7541687488555908 1.6658912897109985
-0.6169648170471191 1.0769429206848145 1.3542100191116333
1.9677814245224 -0.674032986164093 -1.763242483139038
1.9130960702896118 0.9862179160118103 1.352428674697876
1.9641892910003662 -1.289829134941101 0.050710685551166534
2.1857588291168213 -1.105920433998108 -2.8654913902282715
-0.8812830448150635 -0.34546807408332825 -2.37631893157959
1.6716721057891846 -1.3565313816070557 -2.8443946838378906
-1.8549882173538208 -1.4447112083435059 -1.4826805591583252
2.118056297302246 1.7701153755187988 2.294079542160034
-0.11752863228321075 1.5142016410827637 2.8661551475524902
-1.703245997428894 0.47928768396377563 2.492933750152588
-1.9093753099441528 1.9471997022628784 1.5565241575241089
-2.0123934745788574 -1.1996028423309326 -0.0008128153276629746
0.5495612621307373 -0.14847159385681152 2.8595664501190186
1.027408242225647 1.1146517992019653 0.20964430272579193
2.245375633239746 0.5578912496566772 -2.6003642082214355
1.9698023796081543 -0.4925401210784912 -2.149113178253174
1.9144237041473389 0.013344526290893555 -2.66774320602417
1.9635087251663208 -1.2349354028701782 0.6575876474380493
-1.952877402305603 -0.543573796749115 2.8864612579345703
-1.5847779512405396 1.6571369171142578 1.4960792064666748
-2.0400986671447754 0.793644368648529 2.6145169734954834
-0.9769467711448669 1.0492255687713623 1.6184056997299194
1.4979230165481567 0.4155307114124298 -2.3908112049102783
-1.6238826513290405 1.5735582113265991 1.9379206895828247
1.8621652126312256 0.9247850775718689 -2.8524410724639893
-1.5749773979187012 -0.07064838707447052 2.666517734527588
-1.6389302015304565 -0.32387852668762207 -1.781337022781372
1.2978119850158691 -1.1855874061584473 2.630753517150879
-1.5216633081436157 -0.11005426943302155 -1.898923397064209
0.3855420649051666 -0.30325546860694885 2.6331052780151367
2.2157158851623535 1.050767421722412 -2.8803672790527344
-1.782390832901001 -0.2674467861652374 -0.7204907536506653
1.3148890733718872 -1.1445214748382568 -2.882911205291748
0.13413351774215698 -0.1480981707572937 2.859510898590088
2.0857629776000977 2.258148670196533 2.7343637943267822
-0.58693528175354 0.3019028902053833 2.8652520179748535
-0.19353367388248444 1.3822323083877563 -2.448066234588623
-1.7071037292480469 -1.5277096033096313 -0.8176231384277344
1.9644043445587158 -1.0607976913452148 -0.24716906249523163
0.6182184815406799 1.2947149276733398 0.8836309909820557
-0.8628780841827393 0.9571064710617065 1.9650498628616333
1.9728914499282837 1.15273118019104 -1.8788260221481323
0.5433508157730103 1.6902711391448975 -2.400723934173584
0.15827614068984985 1.0809167623519897 1.5250593423843384
2.161403179168701 2.253598928451538 2.4794578552246094
-1.7212324142456055 1.181362271308899 -2.77447509765625
1.6854051351547241 0.04188881814479828 -2.6245198249816895
2.2058539390563965 -0.2429506927728653 1.746799349784851
1.9520097970962524 -0.37409085035324097 1.4125864505767822
1.8409415483474731 0.20048516988754272 -2.8211870193481445
1.8641936779022217 1.9659223556518555 -2.5611634254455566
-0.7258715033531189 0.09144939482212067 -2.7985665798187256
-2.005790948867798 -0.7951405048370361 0.11365438252687454
-1.974911093711853 -0.6876981258392334 -2.567667007446289
-1.668746829032898 1.8652474880218506 1.5598056316375732
1.3388640880584717 2.061011791229248 -2.412891149520874
1.9324320554733276 -0.9190934896469116 2.667379856109619
-1.461899757385254 -0.3599092364311218 1.2265355587005615
1.979140043258667 -0.9199793338775635 -1.3537907600402832
-1.4456878900527954 -0.7003580927848816 0.4215431809425354
2.2204127311706543 -1.0782177448272705 0.949809730052948
1.7223252058029175 -0.4180387556552887 -2.5232598781585693
-0.8949957489967346 1.1926742792129517 -2.0784895420074463
-1.460893154144287 0.0854489654302597 -1.1251758337020874
0.6285911798477173 2.1428985595703125 2.8674674034118652
-2.0206940174102783 0.5534960627555847 -1.3150972127914429
2.251758575439453 -1.2966456413269043 2.3139305114746094
0.7226172685623169 1.0935931205749512 1.002549648284912
-1.2736337184906006 1.2523521184921265 -2.5385208129882812
2.2181107997894287 -0.889790952205658 -2.556426525115967
1.9575620889663696 -0.06804026663303375 1.378157138824463
0.9564759731292725 -1.4549205303192139 2.834017753601074
1.891762137413025 1.070966362953186 -0.061570681631565094
1.5132280588150024 1.8797290325164795 -2.862151622772217
-1.9867579936981201 -0.061738044023513794 2.159822463989258
1.2533198595046997 0.6656703948974609 1.5612380504608154
1.4749895334243774 -0.8951131701469421 -2.8439137935638428
-1.259041666984558 -0.7845951318740845 -0.6760877370834351
1.7884961366653442 1.235359787940979 2.5423879623413086
2.2951018810272217 1.5639735460281372 -2.6782636642456055
2.164041519165039 -0.6455074548721313 -2.8602135181427
-2.01238751411438 1.885084629058838 -2.786053419113159
-1.7583521604537964 1.9093717336654663 -0.4477451741695404
-2.0176539421081543 1.6573067903518677 -2.4298770427703857
0.44107043743133545 1.084241271018982 1.1868524551391602
1.3260902166366577 0.657161295413971 1.7715644836425781
1.175736665725708 0.1075536459684372 1.6652382612228394
-1.9542179107666016 -0.7034770250320435 -2.6585898399353027
-1.6319833993911743 -1.382041335105896 -0.3982935845851898
1.0061169862747192 1.5597765445709229 -2.3942501544952393
0.7021867632865906 -0.7178871035575867 -2.7659924030303955
0.5328478217124939 0.29208090901374817 -2.530975580215454
-1.695228934288025 -1.4316633939743042 1.4482648372650146
-0.7843353152275085 1.2880874872207642 -2.4265618324279785
-2.013683319091797 -0.7242099046707153 1.7791590690612793
-1.2542798519134521 -0.4355330467224121 0.1252991110086441
-1.408156394958496 1.2296137809753418 -2.3573315143585205
-1.967545747756958 0.7342888712882996 0.47758740186691284
-0.4797988533973694 2.050128221511841 -2.6984901428222656
1.1797893047332764 1.1220383644104004 -1.7224559783935547
-1.6998709440231323 0.5781136751174927 2.8732378482818604
2.0043139457702637 -1.4445013999938965 -0.32314538955688477
1.6229552030563354 0.3106534481048584 2.6987192630767822
-0.22569766640663147 2.1179113388061523 2.208404779434204
-0.37314730882644653 -0.44148385524749756 2.8805477619171143
2.2215654850006104 -1.3496520519256592 -1.5605072975158691
2.060441255569458 -1.5956346988677979 2.7329835891723633
-1.8487077951431274 0.8828455805778503 -0.20145392417907715
-1.3053157329559326 -1.3594307899475098 -1.1459381580352783
-2.035954475402832 0.15758344531059265 -0.4242004454135895
-0.8669165372848511 1.1061835289001465 2.4315552711486816
-0.4267212450504303 -0.6555753350257874 -2.7488479614257812
0.24946114420890808 1.0787866115570068 1.1357288360595703
1.2365741729736328 1.1100811958312988 0.15447963774204254
-1.4431833028793335 -0.02154560387134552 1.2089847326278687
-1.8060611486434937 -0.5173096060752869 -2.521745204925537
0.7701622247695923 1.1094027757644653 0.31695932149887085
2.138777494430542 1.2023259401321411 1.3672524690628052
1.1883172988891602 2.065635919570923 -2.4209439754486084
0.6382880210876465 0.8994446992874146 2.0182478427886963
2.2111058235168457 0.3546799421310425 2.2725863456726074
-1.256473422050476 -0.73619145154953 -0.4184839725494385
1.79447340965271 -0.3935694098472595 1.535494089126587
0.8705416917800903 -0.12217411398887634 1.6903746128082275
1.0571033954620361 -0.4964868426322937 -2.7292919158935547
-1.742067813873291 1.1773812770843506 -0.8011942505836487
2.2113115787506104 -0.8155405521392822 1.6658504009246826
-2.0329034328460693 1.177991509437561 1.5664936304092407
0.9576979279518127 1.310491919517517 -1.1413747072219849
-0.04929995536804199 1.04582941532135 -1.7002731561660767
-1.5444990396499634 1.2841463088989258 -2.030808925628662
0.1761222630739212 0.17174117267131805 2.088942766189575
-2.005765438079834 1.1796704530715942 -2.0818657875061035
-1.3379004001617432 -1.540283203125 1.359191656112671
1.9422109127044678 0.22115977108478546 0.4862939417362213
-1.17409348487854 0.5157903432846069 -0.09383667260408401
0.13168221712112427 2.192387342453003 2.6991143226623535
0.3634008467197418 -0.3986515700817108 -2.4379515647888184
-1.7412974834442139 -0.14753635227680206 -0.11080144345760345
0.1606123149394989 0.06674505770206451 2.859327793121338
1.3711884021759033 0.28857460618019104 2.6792993545532227
-2.031616449356079 -0.047369807958602905 -0.6624621748924255
0.08042646199464798 0.7077580690383911 -2.5120840072631836
-1.4521512985229492 0.7979227304458618 2.8787529468536377
0.480829119682312 0.39350390434265137 2.8519153594970703
2.171806812286377 0.7193331718444824 2.8902993202209473
-1.6976869106292725 -0.4425280690193176 -2.8197662830352783
-2.0157790184020996 -0.7162903547286987 0.21504157781600952
-1.8809032440185547 -0.1699163019657135 -1.3669846057891846
-1.7320656776428223 0.9169002175331116 1.6679773330688477
0.25437942147254944 0.7566425800323486 2.574626922607422
-1.455582857131958 -1.377496600151062 2.323624849319458
-1.6234692335128784 1.7500295639038086 0.8591781258583069
0.15371036529541016 0.03811773657798767 -2.814422130584717
-2.0029067993164062 1.3959330320358276 1.156823992729187
-1.997318148612976 -1.5148077011108398 1.2807745933532715
1.1997660398483276 2.0820624828338623 -2.592323064804077
-1.9966527223587036 -0.12422269582748413 0.3206802010536194
-1.9652100801467896 0.898145854473114 2.8564252853393555
-2.012578010559082 -1.440203070640564 -2.8090100288391113
-0.6463422775268555 -0.07495929300785065 2.753683567047119
-0.4617438316345215 1.2393205165863037 -2.076890707015991
1.0870578289031982 -1.62303626537323 -2.3386459350585938
0.6748070120811462 0.18317066133022308 2.871715545654297
1.6611664295196533 0.5567054748535156 1.7806172370910645
0.7586127519607544 -0.44241249561309814 -2.5163285732269287
-0.2070806920528412 0.28943121433258057 2.8428995609283447
0.2228836715221405 1.2947019338607788 2.06577205657959
2.223731756210327 -1.2454078197479248 0.9274397492408752
0.917604386806488 -0.923717737197876 -2.3816280364990234
1.9169126749038696 1.2574272155761719 2.634739398956299
2.2033803462982178 0.27558770775794983 2.452108144760132
-0.5903397798538208 -1.1867767572402954 2.639258623123169
-1.6789860725402832 -1.409381628036499 -2.467231512069702
-1.8881685733795166 0.5424890518188477 0.19836315512657166
-0.9706822633743286 2.0326383113861084 -2.586963653564453
0.2685234844684601 -1.2111109495162964 -2.365753173828125
0.9873940348625183 1.3203407526016235 2.2992606163024902
1.990054965019226 -1.304919958114624 1.5923035144805908
-1.2550177574157715 0.6842318177223206 2.6627440452575684
1.5958267450332642 1.705458641052246 -2.4209578037261963
-0.7654615640640259 0.5014878511428833 2.621129274368286
2.2186810970306396 -1.4316755533218384 -1.2010679244995117
-1.043121099472046 1.2611753940582275 2.096830129623413
-1.5192158222198486 1.240551471710205 0.16585908830165863
-1.7478044033050537 1.0892916917800903 -2.794442653656006
2.2053630352020264 -0.726287305355072 1.0867676734924316
2.017233371734619 2.0133988857269287 2.882256031036377
0.20374353229999542 1.2422853708267212 -1.713517427444458
-1.7103172540664673 1.9427458047866821 -0.22122260928153992
-0.3792492747306824 -0.46741950511932373 -2.4284229278564453
-1.249841570854187 0.38990646600723267 -1.0029246807098389
-2.012233257293701 -1.2140051126480103 2.0959248542785645
-0.6483216881752014 1.0866302251815796 -1.9760304689407349
0.3722861409187317 0.1066138744354248 2.8576772212982178
-1.6802008152008057 -0.9679791331291199 -1.5666877031326294
0.8634639978408813 1.106467366218567 -2.8495798110961914
1.8709090948104858 1.3437639474868774 -2.288339376449585
0.9665281772613525 -0.1818535029888153 1.7511171102523804
-1.1159696578979492 -1.1389665603637695 -2.803974151611328
1.4238276481628418 -1.1306488513946533 -2.870396137237549
-1.7617733478546143 1.3970643281936646 -0.8166050910949707
-1.6521728038787842 0.6863722801208496 2.564014196395874
2.207913398742676 -0.5079697370529175 1.3690941333770752
-1.6367212533950806 1.8770802021026611 1.49815833568573
1.0380321741104126 1.1018030643463135 -0.9705475568771362
-0.6644162535667419 1.0151046514511108 2.868992328643799
-0.53913414478302 -1.1722354888916016 2.600987672805786
1.2423617839813232 1.0579205751419067 -2.0444278717041016
1.4738000631332397 1.11765718460083 -1.1190519332885742
-1.178635597229004 2.0984647274017334 2.257605791091919
-0.20543985068798065 1.0501680374145508 0.8483831882476807
1.9114453792572021 0.36284512281417847 -1.1809327602386475
-1.3154600858688354 -1.487112283706665 1.6913760900497437
0.17661257088184357 1.0665128231048584 -0.48593345284461975
1.4324181079864502 -1.2980743646621704 -2.920485496520996
0.1548691689968109 2.1512460708618164 2.2790303230285645
2.215067148208618 -1.102372407913208 0.7947843670845032
-0.204248309135437 0.19718757271766663 -2.5039734840393066
2.0716726779937744 1.3864556550979614 -0.40732696652412415
1.1153020858764648 1.1521849632263184 2.861194372177124
0.49998071789741516 -1.4884285926818848 2.8273491859436035
-1.0854262113571167 1.2743966579437256 0.3480147123336792
-2.0160908699035645 0.4565116763114929 -1.5493943691253662
0.6100515127182007 -1.4634599685668945 2.5766913890838623
2.061767578125 0.6883978247642517 -1.1493949890136719
2.2295687198638916 -0.9257574081420898 -2.235905408859253
-1.3662022352218628 0.6314427852630615 2.8777072429656982
2.210191488265991 -1.267850637435913 -0.0976221039891243
-0.8378267288208008 -0.2571362853050232 -2.4041683673858643
-1.9928619861602783 1.3070836067199707 -0.09582532942295074
-1.3733469247817993 0.28329402208328247 0.7972642183303833
0.15862485766410828 -1.3624587059020996 2.866016149520874
-1.2596452236175537 -1.164472222328186 2.679910659790039
0.8459556102752686 -1.2157769203186035 -2.7801153659820557
-0.22248581051826477 -1.218117594718933 -2.4175009727478027
2.189343214035034 1.3551079034805298 -1.5683248043060303
0.8971954584121704 0.8257104754447937 -1.9642225503921509
-0.37719419598579407 1.2650851011276245 -1.388867735862732
-1.0486944913864136 1.454498529434204 -2.469830274581909
0.3226787745952606 0.6127529144287109 -2.1609461307525635
1.9694437980651855 -0.7010120153427124 -0.27927953004837036
2.0672767162323 -1.3573747873306274 -2.630394458770752
2.1697726249694824 1.5724875926971436 2.9055497646331787
-1.742232322692871 1.6153188943862915 -0.4205945134162903
2.1548197269439697 0.3357633948326111 -0.24636054039001465
0.4816463589668274 1.0222797393798828 0.28743332624435425
0.7811553478240967 -0.06366086006164551 -2.4509756565093994
-0.3903176188468933 1.6620957851409912 -2.802562952041626
-2.013615131378174 0.6682491898536682 -0.2814536988735199
0.8604252338409424 1.0965518951416016 0.827873706817627
2.0744245052337646 1.4693011045455933 2.4268832206726074
1.8700710535049438 -1.6190929412841797 -2.706801176071167
0.7015959620475769 -1.024261236190796 -2.79325270652771
-0.7515758872032166 1.4325439929962158 2.792625904083252
-1.4581692218780518 0.7170432806015015 0.6179683208465576
0.29131948947906494 2.044401168823242 2.2927682399749756
-0.2060443013906479 2.068955659866333 2.1565980911254883
-0.8661476373672485 0.07796487212181091 -2.794797897338867
0.24527890980243683 0.8967529535293579 2.21687388420105
1.442930817604065 1.1334341764450073 0.19848915934562683
2.147757053375244 0.3619694113731384 -0.5153071284294128
0.29463404417037964 0.3664700984954834 -2.5030007362365723
-1.6816521883010864 -0.7665618658065796 2.871211528778076
-0.20966613292694092 1.0432008504867554 -2.0264275074005127
2.229172468185425 -1.3182199001312256 -2.679924249649048
1.4321203231811523 1.1465708017349243 -1.3057787418365479
0.48447948694229126 -0.811819851398468 2.872202157974243
-1.101760745048523 1.260237455368042 1.6656813621520996
-2.0125374794006348 0.38552212715148926 2.871868371963501
1.2174404859542847 0.7850581407546997 2.7173349857330322
-1.7518339157104492 0.9432156085968018 -1.461498737335205
-1.4094282388687134 0.15860000252723694 1.3334380388259888
1.3845008611679077 1.1261546611785889 -0.5351808667182922
-1.8197442293167114 1.3490283489227295 -2.8011982440948486
-1.1607306003570557 1.265823245048523 -1.0079113245010376
-1.735222339630127 0.6882504224777222 2.1794559955596924
1.9267789125442505 1.1228182315826416 0.4199542999267578
-1.6760711669921875 1.9264142513275146 0.15354058146476746
-2.0113847255706787 -1.2942960262298584 -0.3657207787036896
1.2200170755386353 -1.1996922492980957 2.8786535263061523
1.9678670167922974 -0.36622631549835205 -0.8359388113021851
-0.3686247766017914 1.2643064260482788 -0.08613194525241852
-1.7201690673828125 -1.2482819557189941 0.2913348078727722
-1.8547682762145996 0.6464459300041199 -0.0822199136018753
1.96878981590271 -1.1359410285949707 1.6052711009979248
-1.3161765336990356 1.0485252141952515 -1.1797322034835815
1.9422327280044556 0.18806235492229462 0.4905824363231659
2.216703176498413 -0.8595336675643921 0.5912845730781555
-2.004258871078491 -0.23350808024406433 2.237576723098755
1.5947493314743042 0.804010272026062 -1.8887131214141846
1.9189517498016357 0.9761890769004822 -0.3970860540866852
-1.6928901672363281 1.9262125492095947 -0.4410385489463806
-1.3859747648239136 -0.28616127371788025 0.34279632568359375
2.178464651107788 -0.2062821388244629 0.3893144130706787
1.4879708290100098 -1.4557759761810303 2.8290441036224365
1.8724758625030518 2.060615062713623 -2.680680274963379
1.9526410102844238 0.38835516571998596 1.053600549697876
-1.6228855848312378 1.6118041276931763 1.1518259048461914
1.3897453546524048 0.66573566198349 -2.24574875831604
-0.58367919921875 1.0870710611343384 1.6156625747680664
-2.0029819011688232 1.929824948310852 1.9857038259506226
0.3773905634880066 0.28955715894699097 1.826694130897522
-1.7065554857254028 -0.40275314450263977 2.5618557929992676
-1.228271722793579 -0.5906908512115479 0.8206165432929993
2.210998773574829 0.2937946021556854 -2.0586659908294678
2.3280234336853027 1.7833316326141357 -2.5202035903930664
-0.895839273929596 0.37746310234069824 -2.7969539165496826
-1.918155550956726 -0.3507203459739685 -1.4256037473678589
1.3365095853805542 0.6156014800071716 -2.2381346225738525
0.4172837734222412 -0.032235413789749146 2.836815118789673
-2.010916233062744 0.9625435471534729 -1.518868327140808
2.1563098430633545 0.3313075304031372 -0.2584027945995331
1.0328826904296875 -0.3877785801887512 2.6484909057617188
1.9995458126068115 -1.3251770734786987 1.0874463319778442
-1.7865914106369019 0.36169591546058655 0.6043400764465332
-1.980698585510254 1.312949299812317 0.02203681692481041
-0.42986294627189636 1.7932705879211426 -2.798081874847412
0.8117571473121643 -0.14103001356124878 1.8308308124542236
2.197207450866699 -0.7744887471199036 -1.1091527938842773
-1.6589739322662354 0.027937069535255432 2.8866851329803467
1.965753197669983 -0.5790417194366455 -2.427574872970581
0.49742162227630615 -0.736932635307312 2.8717823028564453
-1.5460765361785889 -1.5430023670196533 1.4501991271972656
-1.1392228603363037 1.262099266052246 2.2772579193115234
0.30961424112319946 1.1898066997528076 2.6049373149871826
-1.7625147104263306 -1.2767053842544556 1.8666921854019165
-1.5760103464126587 1.2716176509857178 -1.61434006690979
1.7556571960449219 1.7722368240356445 -2.623241901397705
-0.23145005106925964 -1.298545241355896 2.571502447128296
2.20585036277771 -0.983331561088562 -0.7876030802726746
2.2342512607574463 -1.176059365272522 1.2945314645767212
-0.2875109314918518 0.3217265009880066 2.1894283294677734
1.2313557863235474 1.0948411226272583 -1.3645553588867188
-0.13945424556732178 0.18225397169589996 -2.703200578689575
1.5153955221176147 -1.06124746799469 -2.815239667892456
2.1455724239349365 1.1756168603897095 1.436450481414795
1.6119922399520874 1.1409529447555542 -0.42138051986694336
1.907091736793518 -0.2799147367477417 2.2653088569641113
-0.5655729174613953 -1.2127681970596313 2.901765823364258
1.9293936491012573 0.30756157636642456 -1.0272133350372314
-1.6371644735336304 -0.785963773727417 -0.29594674706459045
-2.0244903564453125 1.3873792886734009 2.0117952823638916
1.5480234622955322 -1.417959451675415 -2.429104804992676
1.7793370485305786 1.2046709060668945 -0.07344783842563629
2.019120693206787 1.3624376058578491 0.18996171653270721
0.4419177174568176 1.2674205303192139 -1.6140542030334473
2.2216594219207764 -1.0219779014587402 -2.0299503803253174
0.4790983498096466 1.4207704067230225 2.5851640701293945
1.335456132888794 1.3240373134613037 1.6201205253601074
1.9547516107559204 -0.4669141173362732 2.8693315982818604
0.5449581146240234 1.3032652139663696 1.3159488439559937
1.1729501485824585 -1.047606110572815 2.643690824508667
0.30542004108428955 0.898507833480835 1.6469861268997192
2.2148244380950928 0.19230234622955322 -2.0797274112701416
-1.349716305732727 0.23809461295604706 1.5929615497589111
1.8558100461959839 1.1444602012634277 2.0419464111328125
-0.0720888152718544 1.2728662490844727 -0.8084436058998108
2.1960384845733643 -0.4568476378917694 1.0016717910766602
1.5091360807418823 1.0351039171218872 -1.544573426246643
0.48427316546440125 2.166276693344116 2.407900810241699
2.1525440216064453 -0.4088761806488037 2.8580198287963867
-2.0024874210357666 0.3503571152687073 -0.026200581341981888
1.9493874311447144 0.21951694786548615 0.9844695925712585
1.5666828155517578 -1.21361243724823 2.898921012878418
-1.6851158142089844 -1.4216375350952148 -2.82120943069458
-0.49741169810295105 0.49997788667678833 2.8512675762176514
-0.5911871194839478 1.0626842975616455 -0.6353134512901306
1.9826396703720093 -1.140532374382019 1.479228138923645
-1.6032488346099854 1.0764386653900146 -2.7914814949035645
-1.1153312921524048 -0.3894577622413635 -2.3101370334625244
-2.0062057971954346 0.9225232601165771 -1.6566609144210815
0.786932647228241 -0.6145301461219788 2.8715107440948486
-1.075512409210205 -1.5432573556900024 -2.810070514678955
-1.6987308263778687 0.6494128704071045 0.0391753688454628
-1.6796704530715942 -0.6851216554641724 0.031324002891778946
0.6477751135826111 -0.9841393828392029 -2.7392003536224365
0.2522585391998291 1.285908818244934 -0.15718218684196472
-0.3315872848033905 -1.0712080001831055 -2.5204484462738037
-0.9859012365341187 -0.2892826497554779 -2.339322566986084
1.5246237516403198 1.3712712526321411 -0.5393080711364746
-1.7387433052062988 1.3898125886917114 -1.908258080482483
-1.5027703046798706 1.1519206762313843 2.8419041633605957
-1.5672858953475952 0.7130306959152222 2.639028787612915
-1.4105730056762695 1.5204198360443115 -2.439375400543213
-1.3703523874282837 0.26432204246520996 1.4719237089157104
-0.39078813791275024 -1.1033439636230469 -2.7953102588653564
1.8286720514297485 1.1600977182388306 -2.846283197402954
-0.34672844409942627 1.0949362516403198 0.09383329749107361
-0.1921357959508896 -1.2022418975830078 -2.410768508911133
-0.03139204531908035 1.1846779584884644 0.6370325684547424
-2.010042190551758 -0.8461447954177856 1.3737796545028687
-1.030684471130371 0.8956863880157471 -2.24920916557312
-2.018970251083374 1.536776065826416 -2.697739601135254
2.024749755859375 1.3926985263824463 -0.5959849953651428
-0.40350621938705444 1.049167275428772 -1.0388132333755493
-1.9855906963348389 0.31252729892730713 0.46962276101112366
-0.5641648173332214 1.266668677330017 -1.1447694301605225
-2.013657569885254 -0.1355261206626892 -0.3549368977546692
-1.7420814037322998 1.6986457109451294 -0.9191315174102783
0.6872645020484924 1.073794960975647 -1.5293301343917847
-1.931855320930481 1.644546627998352 -2.8094849586486816
2.2091612815856934 0.5416456460952759 2.602407693862915
-1.5339242219924927 -1.0729217529296875 0.33053144812583923
0.21454575657844543 -0.6837280988693237 -2.7622110843658447
-1.9566431045532227 0.375876784324646 2.913146495819092
-1.8288604021072388 2.0248754024505615 -2.435826063156128
2.142833948135376 0.4762684106826782 2.8918673992156982
-2.0017333030700684 -0.9436188340187073 2.006887674331665
-1.373661756515503 0.7279540300369263 -2.78228759765625
-0.11260135471820831 0.1520848572254181 -2.7993953227996826
1.9972202777862549 -1.307257890701294 -1.6981583833694458
-1.0992069244384766 0.7089125514030457 2.6624596118927
0.10832513868808746 -0.8863841891288757 -2.5390384197235107
-1.3206156492233276 -1.5336804389953613 -2.5528063774108887
0.6786015629768372 0.9393919706344604 -2.83510684967041
2.0032732486724854 0.7412964701652527 -1.7807787656784058
-1.9058314561843872 1.9503865242004395 0.5305993556976318
2.1963887214660645 1.212836742401123 -1.9131208658218384
-0.7057273983955383 1.036149501800537 -1.278324007987976
1.206107497215271 0.8555116057395935 2.684213399887085
-2.004976749420166 0.2653898596763611 -2.102869749069214
-2.0322773456573486 1.727224588394165 2.7831313610076904
1.1663422584533691 -1.0626169443130493 -2.8473899364471436
0.6532124280929565 0.9124599695205688 2.0284547805786133
-1.7425302267074585 1.5479354858398438 -2.094026803970337
2.004767656326294 -1.5105972290039062 -1.7039562463760376
-0.8220197558403015 -0.8583205938339233 -2.758089542388916
2.236079692840576 0.018364354968070984 -2.6806581020355225
2.2219479084014893 1.1021167039871216 -2.0633370876312256
-1.1228455305099487 -1.0384618043899536 -2.541759729385376
1.5435197353363037 0.20101845264434814 -2.838163137435913
-2.0107645988464355 -0.5104455351829529 1.8400921821594238
-1.9706645011901855 0.48643940687179565 -2.8154327869415283
1.7722669839859009 -0.08229173719882965 2.7041642665863037
1.4836952686309814 -0.037260547280311584 -2.666069507598877
2.2317423820495605 -1.1312360763549805 1.6992261409759521
1.5338020324707031 0.8366633057594299 1.5042346715927124
1.1510543823242188 0.7401284575462341 2.6966962814331055
0.6683179140090942 0.8986831903457642 -2.8535096645355225
1.9795476198196411 -0.6721521615982056 2.889540910720825
2.206286668777466 -1.173438549041748 2.1812655925750732
-1.5123239755630493 0.4078657627105713 0.541668713092804
-0.36318954825401306 0.07596341520547867 -2.4985086917877197
1.9494967460632324 1.3518860340118408 0.3396443724632263
-0.5293383598327637 1.933623194694519 -2.789944648742676
0.1372060775756836 1.0725566148757935 0.4894035756587982
-0.6607891321182251 -0.08512988686561584 -2.7957217693328857
2.123398780822754 0.8693342804908752 0.8868006467819214
0.4258391261100769 -1.4922455549240112 2.831446409225464
-1.7484064102172852 -1.4474577903747559 -0.24301224946975708
0.743010938167572 1.0992836952209473 -1.0422214269638062
1.0839613676071167 0.9060274362564087 -2.4352896213531494
0.45567071437835693 1.8426799774169922 -2.4075093269348145
1.57503342628479 0.14693300426006317 -2.5248827934265137
-0.8904911279678345 -1.3141840696334839 -2.5233428478240967
-1.4624539613723755 -0.8613486289978027 0.4923398494720459
-0.9402465224266052 -0.26301077008247375 -2.795306444168091
-0.24779915809631348 1.2650586366653442 -0.535710871219635
-1.7414114475250244 -0.7636582851409912 2.0883185863494873
-0.7976858019828796 1.2675588130950928 0.42521771788597107
-0.24102327227592468 0.5980897545814514 -2.525376796722412
-1.6928213834762573 1.5148086547851562 2.831272840499878
-0.30860012769699097 1.0588845014572144 0.530491292476654
-1.7312090396881104 -1.4733351469039917 -0.4429156482219696
0.9912074208259583 1.2908811569213867 -0.6057415008544922
-2.006342649459839 0.7289751172065735 -2.6686370372772217
0.8930853605270386 1.2995734214782715 1.738735556602478
-1.7509403228759766 1.1451683044433594 2.3821988105773926
-0.5698754787445068 1.8370459079742432 -2.7963013648986816
-1.2238409519195557 0.5574835538864136 1.7247668504714966
1.8052469491958618 1.5917930603027344 -2.799699544906616
1.6729364395141602 1.3561406135559082 -0.438700407743454
0.48672959208488464 -0.8437934517860413 -2.410994052886963
1.2163420915603638 2.0183217525482178 2.8495895862579346
-1.5473618507385254 -0.4366919994354248 2.869554042816162
-0.8774425983428955 -0.30258655548095703 2.658597707748413
-1.5362213850021362 -0.3759058713912964 -1.773821234703064
1.137154459953308 1.2675752639770508 2.8612937927246094
1.6625441312789917 0.22780296206474304 1.6101858615875244
-0.4505522549152374 1.0378222465515137 -0.9029629230499268
1.9353667497634888 0.49218207597732544 -0.16751042008399963
2.2029454708099365 0.06407205015420914 -2.087683916091919
0.7537134289741516 0.9193150401115417 -1.7544203996658325
0.7935934662818909 1.1087628602981567 0.36696213483810425
1.343031883239746 -1.313597321510315 2.599794626235962
-1.7533683776855469 1.8559112548828125 -2.2180638313293457
-0.47476646304130554 1.0274738073349 2.863178253173828
-1.7829984426498413 -0.328421950340271 -0.47186052799224854
-0.5258840322494507 -1.2951302528381348 2.8930680751800537
0.4290165603160858 1.5126014947891235 2.4302141666412354
-0.9764556884765625 0.5197799205780029 2.881464958190918
-0.7353205680847168 -1.2068008184432983 2.6369001865386963
-1.6741292476654053 -0.7309350967407227 0.6607151627540588
-2.012101411819458 -0.2375967800617218 2.394988536834717
0.46258288621902466 -0.5051345229148865 -2.441486358642578
-0.4178955554962158 1.081650733947754 1.1986490488052368
1.8739248514175415 1.4819202423095703 -2.834639072418213
-0.7134525775909424 1.3334605693817139 -2.4517438411712646
1.8714661598205566 1.0993648767471313 0.3172958493232727
-1.996551752090454 0.6726898550987244 -0.07690049707889557
1.482960820198059 1.1351733207702637 0.787022590637207
-1.8564263582229614 1.7720346450805664 2.3097143173217773
-1.7791498899459839 1.2575095891952515 -1.2367994785308838
1.762425422668457 0.18787544965744019 -2.650010347366333
-1.9964795112609863 -1.0092291831970215 2.867541790008545
-0.02419615536928177 2.196010112762451 2.811408042907715
-0.822424590587616 1.074354887008667 1.7180827856063843
1.008406639099121 1.3106361627578735 1.6175487041473389
0.1727261245250702 1.2869207859039307 1.7401646375656128
1.9379769563674927 0.3450109362602234 0.21116414666175842
0.10870223492383957 1.07343590259552 -0.07689574360847473
1.7597931623458862 -0.4190351963043213 2.8708581924438477
-1.8424484729766846 1.644449234008789 -2.245621919631958
-0.9443191289901733 1.8973356485366821 2.4672110080718994
-0.7699059844017029 -0.4577043950557709 -2.435234546661377
-0.25293803215026855 -1.070488452911377 -2.507079601287842
2.2025411128997803 0.4003407955169678 -2.000515937805176
1.1751645803451538 -0.3083283305168152 -2.4544081687927246
0.000974602997303009 1.079253911972046 -2.20443058013916
2.1892876625061035 -1.5161916017532349 -2.6335136890411377
-0.8863493800163269 1.268282413482666 2.8450725078582764
-1.3719929456710815 0.5896326899528503 0.6940179467201233
0.8714997172355652 -1.6291782855987549 -2.3954882621765137
0.2676266133785248 -0.24210862815380096 2.86132550239563
1.523308515548706 1.65769362449646 2.295055627822876
1.4580869674682617 -1.3686141967773438 -2.8998682498931885
-2.0242252349853516 -0.13847270607948303 -0.5935056209564209
-2.011636734008789 -1.0120139122009277 1.5669636726379395
-0.7135753035545349 0.4459846615791321 2.8783302307128906
-1.4931193590164185 0.8799191117286682 0.7262226343154907
-1.2077155113220215 1.9364221096038818 -2.482684373855591
2.1929361820220947 -0.8036958575248718 -0.5915438532829285
-0.7328892946243286 1.2698463201522827 0.5723168849945068
1.194431185722351 1.7231171131134033 2.404991388320923
0.9542064070701599 1.3163727521896362 0.5485312938690186
-0.5552811622619629 -1.124348521232605 2.626749038696289
2.1819076538085938 -0.25280818343162537 0.5096017718315125
-1.716404914855957 0.053697243332862854 2.0469613075256348
2.2104997634887695 0.46980899572372437 2.712139129638672
1.5650707483291626 -1.397257924079895 2.895634651184082
0.7721577882766724 0.47010841965675354 2.8592257499694824
1.9533040523529053 -1.1592618227005005 0.500796914100647
-1.9978629350662231 0.3960128724575043 -2.219698667526245
1.8856228590011597 1.2828094959259033 2.653359889984131
0.9232134222984314 1.2209547758102417 2.2423901557922363
2.2575926780700684 2.0108070373535156 2.767179489135742
-1.7241930961608887 1.814171552658081 -0.165713369846344
1.38419771194458 1.3280974626541138 1.3916033506393433
-1.9711170196533203 1.2118163108825684 0.45373690128326416
1.8358256816864014 0.15419602394104004 -2.6444408893585205
-0.9691301584243774 -0.6828482151031494 2.670182466506958
1.953808069229126 0.27311986684799194 2.3617982864379883
1.9427974224090576 -0.1481797844171524 0.5288114547729492
1.3939015865325928 0.2954413890838623 -2.491609811782837
1.3040978908538818 1.1167023181915283 -0.2698063850402832
-1.6257445812225342 0.11598394811153412 -2.8111636638641357
-1.8274377584457397 -1.5244050025939941 2.441534996032715
1.3274168968200684 2.101593494415283 -2.7586092948913574
1.8093191385269165 -0.705978512763977 -2.6441898345947266
-0.7648067474365234 1.2503228187561035 -2.0566866397857666
0.3694576621055603 1.0444920063018799 1.4975875616073608
2.2147960662841797 -1.2100152969360352 0.41359028220176697
1.1681907176971436 1.332499384880066 -1.3747549057006836
-1.272975206375122 -0.17654341459274292 -0.5836784243583679
-0.7121943831443787 1.278099775314331 1.0599629878997803
0.11809030920267105 1.2791121006011963 -0.360889196395874
-0.41841039061546326 -0.3107219338417053 2.8885657787323
-0.2648867964744568 1.0800873041152954 1.1260019540786743
1.4039899110794067 0.49304118752479553 2.705427885055542
0.43138760328292847 -0.020211368799209595 1.662912368774414
1.7579319477081299 1.340280532836914 1.3909012079238892
-1.9304354190826416 -1.6364796161651611 -2.7940590381622314
-1.9988847970962524 0.8119122982025146 -1.0691949129104614
-1.3670401573181152 1.5710293054580688 -2.4700164794921875
-0.2996528744697571 -0.259504497051239 2.6806623935699463
-1.9590789079666138 -0.2440434992313385 -2.827026844024658
-1.5816760063171387 -1.5071419477462769 -0.6760517954826355
-2.002347946166992 0.3150053024291992 2.1040637493133545
-0.49297648668289185 1.4534456729888916 -2.43036150932312
-1.2502998113632202 -0.23342104256153107 0.12680067121982574
1.855462670326233 -0.0837898999452591 2.10406756401062
1.4964877367019653 1.137999415397644 1.0219287872314453
-1.7527005672454834 0.2560442388057709 -1.2372119426727295
1.9137307405471802 -0.32922136783599854 2.3162503242492676
-1.7879348993301392 -0.08925795555114746 -1.4533501863479614
2.08366060256958 2.2504725456237793 2.4335856437683105
1.3025085926055908 -0.5763930678367615 -2.754657030105591
1.1292049884796143 -0.7331593036651611 -2.4494171142578125
0.662908136844635 0.9066283702850342 -1.7698577642440796
0.41356393694877625 1.0009760856628418 0.1499798446893692
-0.6242478489875793 0.37904924154281616 -2.550222635269165
-0.46132415533065796 0.37751778960227966 -2.525224208831787
1.3645527362823486 1.3490465879440308 -0.9983559250831604
-1.7386267185211182 -0.6785104274749756 1.7949529886245728
-1.639970064163208 1.8070002794265747 1.1187838315963745
1.1023706197738647 1.1910680532455444 -1.8990473747253418
0.9743238091468811 0.0020155757665634155 2.6647326946258545
-0.9897739291191101 1.2375811338424683 -1.947068452835083
1.9457985162734985 -0.834774374961853 1.4500420093536377
-2.0254766941070557 -1.186772108078003 -1.2236933708190918
-1.3075308799743652 -0.11560709774494171 2.8756563663482666
-0.2152406871318817 1.240383267402649 -1.87863290309906
-0.10218308120965958 0.40133094787597656 2.8485751152038574
-0.8324417471885681 -1.3816267251968384 2.898651361465454
0.12359970062971115 -0.2536265254020691 2.863753318786621
1.8606071472167969 1.373954176902771 -1.306277871131897
2.14509654045105 -1.496679425239563 0.17604191601276398
1.9099376201629639 1.9010003805160522 -2.8106818199157715
