ply
format ascii 1.0
element vertex 2048
property float x
property float y
property float z
end_header
1.0842876434326172 -0.07083103060722351 -2.215430736541748
1.669721007347107 0.8954957723617554 -1.0990779399871826
-0.7196602821350098 0.8832486867904663 -0.6310065984725952
1.5324451923370361 -0.5164710283279419 2.621567487716675
-0.19474804401397705 -0.48594948649406433 2.200240135192871
1.0750491619110107 -0.02389189600944519 -2.2158961296081543
0.7577466368675232 1.1784740686416626 0.020892400294542313
0.3424358367919922 0.8578372597694397 -0.3556234538555145
0.32949650287628174 1.1809264421463013 2.705662250518799
0.7752142548561096 1.1758782863616943 -1.8821054697036743
1.6026184558868408 -0.4651707112789154 -2.6264283657073975
-1.1707710027694702 0.7929878234863281 -2.1703567504882812
1.4213368892669678 0.9453725218772888 -2.000688314437866
1.663605809211731 0.35579103231430054 2.2820324897766113
0.23612762987613678 1.1893144845962524 2.700223207473755
-0.6855095028877258 0.5892677307128906 2.4394843578338623
1.6660172939300537 1.1675927639007568 -0.8477674722671509
0.6735222935676575 0.8165504336357117 1.451648235321045
1.6412832736968994 1.1837772130966187 -1.9481397867202759
-0.8965579867362976 0.9672993421554565 -1.1703736782073975
-1.182582139968872 0.9368631839752197 2.7475857734680176
0.650198221206665 1.1741728782653809 -1.480819582939148
0.919115424156189 0.9869474172592163 1.7464165687561035
1.2266262769699097 -0.2377162128686905 2.2147598266601562
0.842944860458374 0.9758638143539429 1.0306535959243774
1.0027769804000854 1.1928848028182983 -2.6436736583709717
0.15135391056537628 -0.22281792759895325 2.4048385620117188
-0.604052722454071 -0.17572051286697388 -2.290602207183838
1.258070468902588 0.9659450650215149 -2.011739492416382
1.6691089868545532 0.40786948800086975 2.4078142642974854
0.7875555753707886 0.9840536117553711 0.5438305139541626
-0.9322079420089722 0.9575638771057129 -0.5226830840110779
0.13429445028305054 -0.4296512007713318 -2.6909806728363037
0.5798095464706421 0.817773699760437 1.3908413648605347
-0.7436943650245667 0.2837906777858734 2.4212732315063477
0.8996609449386597 0.5695871114730835 2.4683780670166016
1.6365453004837036 0.8243914246559143 -1.2865703105926514
1.0065714120864868 -0.21751314401626587 2.1958186626434326
0.8147817254066467 1.1813292503356934 1.221529483795166
-0.3714333772659302 0.9752241373062134 0.10731663554906845
-0.291727215051651 -0.2198961079120636 2.4293911457061768
1.3734393119812012 0.9816442728042603 1.719436764717102
-0.34681951999664307 0.7767459154129028 2.588916540145874
1.257921576499939 -0.7113839387893677 -2.3356854915618896
1.3597757816314697 -0.7418866157531738 -2.325906991958618
-0.5868876576423645 0.9772651195526123 1.6276187896728516
0.26751962304115295 1.1776106357574463 2.7360777854919434
-0.14667747914791107 0.7664960026741028 -2.4833786487579346
1.501564621925354 -0.3916955888271332 2.0151708126068115
1.1261531114578247 0.9677268862724304 -2.1741740703582764
-1.0259296894073486 0.8843379020690918 -1.4079939126968384
1.2069354057312012 0.696016788482666 -2.1579649448394775
0.8037461042404175 1.1744120121002197 2.417078733444214
0.09911255538463593 0.7962523698806763 1.2419919967651367
1.5493637323379517 -0.7019312381744385 2.677788734436035
0.3029986023902893 0.8175897002220154 -0.4777519702911377
0.34158122539520264 0.9644522666931152 -1.1013751029968262
1.4571045637130737 0.833954930305481 1.364837884902954
0.8700428605079651 0.7964316606521606 -2.6648974418640137
-1.3254226446151733 -0.45020973682403564 2.233989715576172
0.4684540927410126 -0.14908763766288757 -2.54189133644104
-0.39748823642730713 -0.5012644529342651 2.226529598236084
-0.27951425313949585 1.17572021484375 1.920496940612793
0.5981120467185974 1.1751772165298462 -1.9266672134399414
-1.2557562589645386 0.9872422218322754 -2.5900211334228516
-1.3152637481689453 1.0748505592346191 -2.7567508220672607
0.39270341396331787 1.1776334047317505 -2.5248260498046875
1.447824478149414 0.18785758316516876 -2.6570115089416504
1.2334980964660645 -0.4244961738586426 -2.4120283126831055
0.7492899894714355 -0.36856788396835327 2.5287585258483887
-1.2934629917144775 0.9957085251808167 2.6056981086730957
0.48192906379699707 -0.4923955500125885 -2.3790476322174072
1.6858577728271484 -0.08848446607589722 -2.3958754539489746
-0.19621971249580383 0.972231388092041 -1.9900785684585571
1.1135082244873047 0.9712360501289368 2.658325672149658
1.3691461086273193 0.9902249574661255 -1.214429259300232
0.10484538972377777 0.8594343662261963 2.6218185424804688
1.690596580505371 1.1494853496551514 -0.46423402428627014
0.8892654180526733 1.1750199794769287 -1.7872345447540283
0.032865822315216064 1.1727402210235596 2.3482701778411865
-0.9166008830070496 1.1797527074813843 -2.6367838382720947
-1.3198344707489014 0.25056272745132446 2.3393688201904297
0.6947280168533325 -0.26542171835899353 2.2181434631347656
-0.40065860748291016 0.7368757724761963 -2.431999921798706
1.6035302877426147 -0.7332989573478699 2.1378684043884277
0.9797835350036621 -0.7016446590423584 2.221724510192871
0.37189722061157227 0.9635624289512634 0.39313697814941406
1.2101869583129883 1.1709054708480835 1.1262531280517578
0.5996397137641907 0.815047025680542 1.1085842847824097
-0.8855708837509155 0.7992072105407715 -2.261401653289795
-0.6152385473251343 0.5794156789779663 2.4155449867248535
-1.0978648662567139 -0.6925421953201294 2.231084108352661
-1.1304445266723633 0.92925626039505 1.7502622604370117
1.6140832901000977 0.7992405295372009 -1.8996080160140991
-0.6915371417999268 0.9712295532226562 -1.8340768814086914
-1.158172369003296 -0.003073558211326599 2.179439067840576
-0.9677143692970276 -0.7173304557800293 -2.3712143898010254
-0.37104523181915283 0.9833142757415771 -2.1896421909332275
1.5833852291107178 0.7284291982650757 2.5444161891937256
1.4032270908355713 1.1628421545028687 0.7366549968719482
0.3907749056816101 1.1313402652740479 -1.513193964958191
1.58698308467865 -0.4779703617095947 -2.6316418647766113
-0.20090053975582123 0.8393752574920654 -2.298891305923462
1.316424012184143 0.9653374552726746 -1.7185158729553223
-0.22835126519203186 1.1722965240478516 -0.184881329536438
-0.2968861162662506 0.969369113445282 1.5308992862701416
1.6269032955169678 1.1319286823272705 2.935037136077881
-0.4312586784362793 -0.23207958042621613 2.339310646057129
0.08185672760009766 1.1501573324203491 2.91255521774292
-1.2268030643463135 0.6284391283988953 -2.655362606048584
1.682510495185852 1.0070669651031494 -0.6213918924331665
-0.6267154216766357 -0.22159340977668762 2.3709404468536377
1.6588053703308105 0.5766721963882446 -2.2783584594726562
1.1070878505706787 -0.7146448493003845 2.445908308029175
0.025860663503408432 1.17534601688385 -0.703201174736023
1.6135121583938599 0.6990265250205994 -2.2152187824249268
0.6633558869361877 0.8786110877990723 -0.08911265432834625
-0.3796047866344452 -0.17213833332061768 -2.4356963634490967
1.2915592193603516 0.23871557414531708 2.4481496810913086
0.7704368233680725 1.173709511756897 1.6985654830932617
1.3687019348144531 0.5433595180511475 1.9746766090393066
0.36799725890159607 1.1650298833847046 -1.1126482486724854
-0.9878772497177124 1.1742557287216187 1.1997147798538208
1.6934562921524048 1.0185614824295044 0.12773653864860535
0.4545958638191223 1.1753681898117065 -1.730413794517517
0.03548450395464897 0.8141275644302368 -2.625657081604004
-0.09675675630569458 0.9625521898269653 0.4823210835456848
1.4788804054260254 1.1637738943099976 1.092172384262085
-1.2128657102584839 0.906173825263977 -2.363699197769165
-0.2978695034980774 1.1746125221252441 -0.07034151256084442
1.4299131631851196 1.1834636926651 1.3650920391082764
1.7199766635894775 -0.3995285928249359 2.104891538619995
-1.1144853830337524 0.21341834962368011 2.1749448776245117
0.8242266774177551 0.8768532872200012 2.5117528438568115
1.5796666145324707 0.05889314413070679 1.998591423034668
1.7071741819381714 1.0699121952056885 1.378619909286499
-0.21084833145141602 1.1782066822052002 1.3624210357666016
1.5396759510040283 -0.24812424182891846 2.009782314300537
-0.6102001667022705 1.1739907264709473 1.857347011566162
1.6936055421829224 1.1370974779129028 -1.087645411491394
-0.1934518963098526 -0.17358200252056122 -2.549450635910034
1.6997872591018677 -0.1352730691432953 2.5127432346343994
0.34486836194992065 1.1773607730865479 1.413921594619751
1.348067045211792 0.5903699994087219 2.4942245483398438
0.9361791014671326 0.9731101989746094 -0.5785458087921143
-0.16487425565719604 1.1663765907287598 1.6291828155517578
-0.00814058631658554 1.1706433296203613 -0.07453076541423798
-0.7674829363822937 1.1750779151916504 2.399228811264038
0.838047981262207 1.1959612369537354 0.5702794790267944
0.6498377323150635 0.9658169150352478 2.6530606746673584
0.332505464553833 1.1717482805252075 -1.6011496782302856
1.7568496465682983 1.1263179779052734 -2.29099440574646
-0.6905941367149353 0.9741055965423584 -2.7127902507781982
1.6514185667037964 0.8711633682250977 -0.12576322257518768
-0.9674824476242065 -0.6538682579994202 2.660616159439087
1.6568764448165894 0.5449827909469604 2.387225866317749
-1.2770507335662842 0.915408730506897 -0.6354888081550598
-0.6229947805404663 0.8883178234100342 -0.6244294047355652
1.0543042421340942 0.9728000164031982 0.4330490231513977
-0.008199572563171387 1.1722979545593262 1.3604786396026611
0.7216268181800842 0.9762436151504517 -1.3502697944641113
-0.08781249076128006 -0.2443864941596985 2.1853437423706055
1.0181493759155273 1.174368143081665 1.2604238986968994
0.1645682454109192 1.1745949983596802 -1.4672770500183105
-1.1934996843338013 1.169468641281128 -0.6671422123908997
0.08018235862255096 0.9099615812301636 2.6700222492218018
-0.11682461947202682 0.9064828753471375 0.05031923949718475
1.1173040866851807 -0.35227903723716736 2.5604636669158936
0.16485032439231873 0.9623937606811523 -0.5806770920753479
-1.1606258153915405 0.8798291683197021 2.1341359615325928
-1.2320215702056885 -0.15488259494304657 -2.32096791267395
1.0294781923294067 0.9757553339004517 -0.4886484742164612
0.8729175329208374 0.6617951989173889 -2.563549757003784
1.7121261358261108 1.1103651523590088 2.812488317489624
1.6512408256530762 0.6251150965690613 2.101870536804199
-0.5521203875541687 0.7401854395866394 -2.4501101970672607
0.7964677810668945 1.179192066192627 1.9189577102661133
-0.15051622688770294 1.1655696630477905 -0.7396628260612488
0.845689594745636 0.967775285243988 2.170732259750366
-1.1945854425430298 1.189751148223877 -1.8328776359558105
0.9642199873924255 -0.711357831954956 2.2832884788513184
1.5946145057678223 -0.02489525079727173 -2.633359909057617
0.10990971326828003 0.980373203754425 -1.2947663068771362
0.8287045359611511 1.1838582754135132 -0.11481837928295135
-0.9211270809173584 1.1744147539138794 -1.0689538717269897
0.9842626452445984 -0.6235737800598145 2.2342991828918457
-0.5133615136146545 1.1798112392425537 2.192129135131836
-0.3616858124732971 1.1604326963424683 1.6924511194229126
-1.2275199890136719 0.15142180025577545 -2.496999740600586
-0.898589551448822 0.211423859000206 2.6557888984680176
-0.5213924050331116 1.061774492263794 -2.9022738933563232
0.9138375520706177 1.1788173913955688 -1.2656264305114746
0.8994152545928955 1.1751818656921387 -2.838048219680786
-0.899493932723999 0.9687249660491943 0.7397029399871826
1.311809778213501 1.175472617149353 -2.650134801864624
-1.157407522201538 1.2018567323684692 -2.259843111038208
-1.1093658208847046 -0.08179979026317596 2.1767382621765137
-0.2901574373245239 1.1729546785354614 0.4321465492248535
0.8899398446083069 1.1841310262680054 0.9963253736495972
1.3672453165054321 1.1644511222839355 1.1684881448745728
0.11104357242584229 -0.43693530559539795 2.511307716369629
1.6861801147460938 0.035644471645355225 2.181602954864502
-0.06072220578789711 1.1986483335494995 1.128389596939087
0.6985098719596863 1.1820473670959473 1.7663811445236206
-0.4138038456439972 -0.22168658673763275 -2.3097267150878906
-0.4468036890029907 1.1724742650985718 -2.3542258739471436
-0.31576305627822876 1.1677751541137695 2.671907901763916
-0.09731633216142654 0.8205406069755554 0.6614091992378235
0.17359969019889832 0.9458417892456055 -0.5099582672119141
1.5095866918563843 1.1862621307373047 1.9108808040618896
-0.3414718508720398 0.7312431931495667 2.376955986022949
1.405559778213501 0.9720865488052368 0.788759708404541
-0.1943298876285553 -0.46782031655311584 -2.366199016571045
-0.6039369106292725 0.9804202318191528 1.3698145151138306
-0.9431430101394653 1.1748226881027222 2.1556150913238525
0.8590352535247803 -0.5300846099853516 2.5774800777435303
-1.2451854944229126 -0.6195272207260132 2.639845848083496
-0.9215394258499146 0.32340312004089355 2.192741632461548
-1.0642368793487549 -0.7605428695678711 -2.50603985786438
1.3065640926361084 0.9815105199813843 1.1733144521713257
-1.1219284534454346 1.1994233131408691 -2.8313722610473633
1.1599411964416504 0.5040525197982788 -2.206176996231079
-1.2344812154769897 1.1766488552093506 1.1925222873687744
-0.9640607833862305 -0.6734589338302612 -2.675567150115967
0.8546633720397949 0.6798885464668274 -2.4266507625579834
1.0438328981399536 1.1724157333374023 -2.8566477298736572
1.4671224355697632 1.1844031810760498 -2.8364791870117188
-0.28642669320106506 0.9373470544815063 1.646561861038208
1.0792654752731323 -0.5466706156730652 -2.312976598739624
0.11855002492666245 -0.1619192659854889 -2.4801957607269287
0.5836792588233948 1.1782153844833374 -0.07186564058065414
-0.12749341130256653 0.9044859409332275 1.761450171470642
-0.5243123173713684 1.1608506441116333 -2.9193174839019775
1.092855453491211 0.9858118295669556 0.19317962229251862
0.00286957249045372 1.15045166015625 0.500038206577301
-0.7374377846717834 0.968227744102478 -0.8898127675056458
-0.7416481375694275 -0.10140158236026764 -2.6119706630706787
1.5556480884552002 0.8088326454162598 0.00989537127315998
1.2062805891036987 1.173614263534546 -1.8289376497268677
1.337376594543457 0.8768608570098877 2.5129122734069824
1.1227951049804688 0.9838064908981323 1.51485276222229
1.2924827337265015 1.1782647371292114 1.1114144325256348
0.8172138333320618 0.8051581382751465 -2.65665602684021
-0.3396686315536499 1.1774272918701172 0.0539085753262043
1.5077931880950928 0.8447278738021851 1.0155997276306152
0.10780377686023712 1.179903268814087 -2.0263512134552
0.024852056056261063 0.9644012451171875 -1.6111701726913452
1.0896282196044922 1.0861395597457886 2.933236837387085
-1.1476863622665405 0.9333850741386414 -1.136373519897461
0.5733009576797485 0.9277279376983643 -1.485049843788147
-1.082379698753357 -0.7217248678207397 -2.402634859085083
-0.9183008670806885 1.1714054346084595 -1.1295384168624878
0.7688381671905518 1.1745904684066772 -1.620265245437622
1.6971015930175781 -0.18786804378032684 2.251065969467163
-0.7657279968261719 -0.6259090900421143 -2.6984593868255615
1.2428762912750244 -0.6457498073577881 -2.6061995029449463
-1.259225606918335 0.9637136459350586 -2.1087520122528076
-1.0461995601654053 -0.15731306374073029 2.634467363357544
-0.5451990962028503 0.986607551574707 0.9025753736495972
-0.6835042238235474 0.9734095335006714 -1.1171901226043701
-1.209809422492981 -0.6121518611907959 -2.4881954193115234
1.1853936910629272 -0.6555777788162231 2.5890395641326904
1.6417889595031738 0.9038875102996826 -1.6109437942504883
0.33405768871307373 0.8294230699539185 0.725951611995697
1.2829300165176392 1.1887567043304443 -2.481497049331665
1.626344084739685 0.8371214866638184 0.1633419543504715
1.0721104145050049 0.9747194051742554 -0.4627029299736023
1.5101603269577026 0.7903518676757812 -1.9818198680877686
-0.9568754434585571 1.1740121841430664 0.950014054775238
-0.825938880443573 0.8665909767150879 -2.291541814804077
1.3765677213668823 -0.5072805881500244 2.0395898818969727
1.4115500450134277 0.8842028379440308 0.44782236218452454
-1.2995635271072388 0.9919335842132568 0.4576265811920166
1.313025712966919 1.1829040050506592 -0.8099361658096313
0.6407939791679382 0.9131726026535034 1.3557610511779785
-0.9355280995368958 1.1712076663970947 -0.32509562373161316
1.5957454442977905 0.9280139803886414 2.556626319885254
1.6836737394332886 0.19300249218940735 2.1625149250030518
-0.13251899182796478 1.178241491317749 -0.5395557880401611
-1.2289307117462158 0.5507862567901611 -2.340416193008423
-0.45263370871543884 0.9624820947647095 -0.6253785490989685
0.01425950601696968 1.1644803285598755 -0.0038705477491021156
0.8517707586288452 0.9848700165748596 0.17293649911880493
-0.5168425440788269 1.1862047910690308 -2.758528709411621
0.3539053499698639 0.9141974449157715 2.1392080783843994
0.3987007737159729 1.0311710834503174 1.1711150407791138
0.34692883491516113 0.7488100528717041 2.1587600708007812
-0.4209601581096649 1.1732131242752075 -0.7015751004219055
-0.9206910729408264 0.9625645875930786 0.1335778683423996
-1.2919269800186157 1.1475902795791626 -1.4535315036773682
1.574031949043274 0.12065381556749344 1.9840095043182373
0.28618794679641724 1.1911178827285767 -2.2688674926757812
0.6905807256698608 1.1739715337753296 -1.498670220375061
-1.2367726564407349 -0.7182108163833618 2.4197816848754883
-1.2238513231277466 1.1747275590896606 0.9810382127761841
1.6892508268356323 1.1453675031661987 0.7170728445053101
1.018535852432251 0.9865986704826355 -2.0771775245666504
1.0406795740127563 1.1760274171829224 -1.048932433128357
1.2466630935668945 0.9787856936454773 -2.794003963470459
-0.2613070607185364 0.9709646701812744 -0.20642231404781342
0.7858220338821411 1.0210703611373901 0.781027615070343
1.5011634826660156 -0.7520458698272705 -2.5101125240325928
-0.2552597224712372 0.9672500491142273 0.14014343917369843
-0.9576263427734375 -0.1250629872083664 2.6511950492858887
0.39127063751220703 0.8209831714630127 1.4817918539047241
1.1574289798736572 0.9904191493988037 -1.0397987365722656
1.3262470960617065 -0.263969361782074 -2.141883373260498
1.3519738912582397 -0.6740334630012512 -2.6361942291259766
-1.3180745840072632 1.0031334161758423 1.0151171684265137
0.06253748387098312 1.1933424472808838 1.5426706075668335
-0.2858949899673462 0.9732038974761963 -1.6178275346755981
1.577120304107666 -0.746535062789917 2.458634376525879
-0.8854703307151794 1.1826518774032593 1.748856782913208
-1.2557413578033447 0.5278000235557556 2.629354476928711
0.931207001209259 -0.6799600124359131 2.588486433029175
1.4629154205322266 1.1061071157455444 -2.8956706523895264
-0.13012941181659698 0.7693899273872375 2.51430082321167
0.13329917192459106 -0.4209328293800354 2.1845905780792236
0.8475622534751892 0.986797571182251 0.05882706493139267
1.6614128351211548 0.982379674911499 -1.1615432500839233
1.3475382328033447 1.1736036539077759 -1.8961291313171387
1.0503499507904053 -0.2918793559074402 2.3031270503997803
1.2918697595596313 0.9809916019439697 0.4467388093471527
-1.0126725435256958 0.9164338707923889 -2.7322850227355957
0.9090582728385925 0.9871054887771606 1.656686782836914
0.6108134388923645 1.1165494918823242 -2.892825126647949
1.6374815702438354 0.9767749309539795 2.5895044803619385
-0.594507098197937 0.9803838729858398 -1.425625205039978
-0.6544177532196045 1.1720037460327148 -0.20314987003803253
0.5590327382087708 1.1740423440933228 0.2621864974498749
-0.7840953469276428 1.1146795749664307 2.881248950958252
1.659285068511963 -0.560024619102478 -2.4473087787628174
0.00463525578379631 -0.49678748846054077 -2.3896493911743164
-0.5657032132148743 0.9145698547363281 -0.5646992921829224
1.282185435295105 1.2013287544250488 -0.5427854061126709
-0.23049870133399963 -0.4946112334728241 -2.5367753505706787
1.3592053651809692 0.521589457988739 -2.133388042449951
0.38465434312820435 1.0586307048797607 2.874201774597168
-0.783036470413208 -0.36842629313468933 -2.259765863418579
0.2945595979690552 0.9263576865196228 -1.4854631423950195
-0.5590044260025024 -0.20206041634082794 -2.6973798274993896
-0.22695043683052063 -0.23925411701202393 2.21152400970459
1.282036542892456 0.9800287485122681 0.6648060083389282
0.7501400113105774 0.9839209318161011 0.009715937077999115
1.2779287099838257 0.9782171249389648 0.567595899105072
-1.134950876235962 1.173274040222168 0.13724859058856964
0.9453473687171936 0.644233226776123 2.1846065521240234
-1.3141047954559326 0.9961012005805969 2.3050551414489746
-0.9398414492607117 1.175618052482605 -1.6671720743179321
-0.739703893661499 1.1908098459243774 -0.9740391969680786
-0.30194997787475586 -0.31975695490837097 -2.3000705242156982
1.1404227018356323 0.9855380058288574 1.264262318611145
-0.39619749784469604 0.9683469533920288 1.6372871398925781
-0.9088602662086487 1.1736778020858765 -0.37075045704841614
-0.3368804454803467 1.192199468612671 -2.788323163986206
-0.544016420841217 1.168455719947815 -2.1295690536499023
1.1402561664581299 -0.4946995973587036 2.585819959640503
1.3798913955688477 0.9172335863113403 -2.026170253753662
-1.2718254327774048 1.1626999378204346 1.2600172758102417
-0.336538702249527 1.1803069114685059 -1.2599111795425415
-0.7169046401977539 1.184624195098877 -1.7052726745605469
0.7401102185249329 -0.29868370294570923 2.4232687950134277
-0.8217244744300842 -0.5316934585571289 -2.297139883041382
-0.149572491645813 -0.4916899502277374 -2.61500883102417
0.6124298572540283 1.1867613792419434 -0.3886987864971161
-0.27933406829833984 -0.16123828291893005 -2.5269553661346436
0.49967268109321594 1.1788033246994019 -2.119699001312256
-0.6924470663070679 0.7189209461212158 2.2312684059143066
1.35160493850708 0.5230305194854736 1.979411005973816
-0.9495104551315308 0.9600902199745178 1.708553671836853
0.3486914038658142 0.8384826183319092 0.860230028629303
-0.33034756779670715 1.1848397254943848 -2.673814535140991
-1.0689023733139038 0.9635868072509766 1.4624496698379517
1.0708496570587158 1.1669878959655762 2.5133895874023438
-0.6867194175720215 0.9646426439285278 -0.2702881097793579
-0.9544494152069092 1.1773290634155273 0.7136277556419373
1.2930208444595337 0.9677008390426636 -1.9576421976089478
0.9716211557388306 0.9736923575401306 -1.9078466892242432
1.6280670166015625 0.7132282853126526 2.451809883117676
0.17378947138786316 1.1709438562393188 -1.1951981782913208
0.24335196614265442 1.195120096206665 -2.562617778778076
-1.0048861503601074 1.184972882270813 1.6430317163467407
0.9676865339279175 0.6785122156143188 -2.5284383296966553
0.5941624045372009 0.8092657923698425 1.1696418523788452
-0.434686541557312 0.9694164991378784 0.4699242115020752
1.652688980102539 0.916021466255188 -0.6956400275230408
0.3374998867511749 -0.2869641184806824 -2.66507625579834
1.2738564014434814 0.9855844974517822 0.35089612007141113
-0.41283366084098816 0.9714998006820679 0.8875957131385803
1.0014710426330566 0.9806382656097412 -1.5418744087219238
1.1000016927719116 1.1664260625839233 2.8275973796844482
1.6825566291809082 0.15795618295669556 -2.22772479057312
-0.9038775563240051 -0.30387061834335327 2.6133530139923096
1.572218894958496 0.06112505495548248 -2.1295366287231445
1.389687180519104 1.190669059753418 -0.20478633046150208
-0.38774609565734863 0.9515573978424072 -0.08677363395690918
0.43669143319129944 1.0362224578857422 2.9178788661956787
0.059723686426877975 1.1799722909927368 -1.454612374305725
1.567177176475525 1.1774333715438843 -1.6230465173721313
-0.011368386447429657 1.0068471431732178 -2.7943105697631836
1.6989245414733887 1.0382990837097168 0.0735836923122406
0.37279388308525085 1.1755445003509521 -1.5671530961990356
1.6701081991195679 0.893054723739624 -2.0846035480499268
1.2284730672836304 1.116076111793518 -1.9062150716781616
0.21742095053195953 0.966494083404541 -0.14686311781406403
0.052730683237314224 0.9660415649414062 -2.7617321014404297
1.1784995794296265 -0.5474355220794678 -2.6219708919525146
-0.3784499764442444 0.9699874520301819 1.9943453073501587
0.548386812210083 -0.20567390322685242 -2.31428599357605
-1.1111348867416382 0.6991556286811829 2.559617757797241
1.3128398656845093 0.4164782762527466 2.123782157897949
1.4578713178634644 1.1735554933547974 -2.140655755996704
1.4441176652908325 0.3664223551750183 -2.1514923572540283
0.8006409406661987 0.9769849181175232 -0.661780595779419
-0.9191017150878906 1.0361045598983765 -2.841196298599243
1.3396477699279785 0.32437288761138916 2.1322989463806152
0.2696256637573242 0.7613990902900696 2.4082705974578857
1.6895127296447754 -0.4425384998321533 2.025289297103882
-0.3497670888900757 0.9688304662704468 -2.6776487827301025
-0.9311648607254028 -0.5175944566726685 -2.2659683227539062
1.7055655717849731 1.12116277217865 -0.8494325280189514
0.3919145166873932 1.1650162935256958 2.9084484577178955
-1.3146275281906128 1.0008976459503174 1.6803967952728271
-1.0504323244094849 1.1755679845809937 -1.2983735799789429
0.7640699744224548 -0.49701690673828125 -2.5933406352996826
-0.5733524560928345 1.0775861740112305 -2.9143893718719482
0.875812292098999 0.9798150062561035 -1.8689558506011963
1.2078406810760498 0.23714447021484375 -2.164544105529785
-1.3025375604629517 -0.372195303440094 2.4051764011383057
1.6183664798736572 1.1813948154449463 -1.7270573377609253
1.6722029447555542 0.3125872015953064 -2.4487247467041016
1.5867493152618408 0.8244888186454773 0.6717519760131836
-0.49917030334472656 1.1826121807098389 2.520004987716675
0.6768416166305542 1.1686968803405762 -1.7852760553359985
-0.589023768901825 1.1747677326202393 0.6483500003814697
1.0123295783996582 0.9842943549156189 -0.18137294054031372
0.05123761668801308 1.1802067756652832 0.8301994800567627
1.629995584487915 -0.4120355546474457 2.0381577014923096
-0.5373812913894653 0.9736063480377197 0.4206319749355316
0.5129572749137878 1.1988571882247925 -2.7210440635681152
0.9459638595581055 1.0013773441314697 2.044109582901001
0.246701180934906 0.9668068885803223 0.11858633160591125
-0.7727464437484741 1.1722381114959717 -0.10860519111156464
0.9090481996536255 1.1752901077270508 1.2864923477172852
0.040620461106300354 0.8495181798934937 0.4873117506504059
0.9116160273551941 0.981590986251831 -0.14343009889125824
-0.04701966047286987 -0.5597269535064697 2.3981118202209473
-0.700877845287323 0.6461681127548218 2.736339569091797
-1.2010259628295898 0.057855620980262756 -2.657912015914917
-0.9759484529495239 1.1756056547164917 -2.6481451988220215
-1.0722780227661133 -0.7135688066482544 2.3603055477142334
0.6136786341667175 0.8367817401885986 0.12774337828159332
-0.1891636699438095 -0.45391523838043213 2.181046485900879
0.6163464188575745 1.1808384656906128 1.5893527269363403
1.4443351030349731 1.1949542760849 0.2635582983493805
-0.5729795098304749 0.9373438358306885 -2.697965383529663
0.66322261095047 1.164504051208496 1.1562128067016602
1.6169326305389404 0.7741833329200745 1.074507713317871
1.513504981994629 1.1831518411636353 1.6786402463912964
-0.04645051062107086 1.2083643674850464 2.365522861480713
-0.9288833737373352 -0.680909276008606 -2.2944581508636475
-0.04879966750741005 0.9627338647842407 0.6158237457275391
-1.2319626808166504 0.46040770411491394 -2.4183597564697266
0.8192048072814941 0.9841878414154053 -0.24869105219841003
1.6645053625106812 0.5969070792198181 -2.5536305904388428
0.9213437438011169 1.1821162700653076 2.2843844890594482
1.6810609102249146 0.5207396745681763 -2.2798542976379395
-0.2180383801460266 1.2194772958755493 1.9563766717910767
-0.9481019973754883 -0.6956371068954468 2.5596303939819336
-0.6976006031036377 -0.3253018260002136 2.2070891857147217
-0.4796488881111145 -0.46831023693084717 -2.6363017559051514
1.4228464365005493 0.978455662727356 -0.25290003418922424
0.9251749515533447 -0.3406810164451599 2.253138780593872
0.02410769835114479 1.1726828813552856 2.100196361541748
1.1011648178100586 0.2817898094654083 2.2153358459472656
-0.7168862819671631 -0.4662001132965088 -2.290203332901001
-1.064313530921936 1.1751385927200317 0.4317235052585602
-0.5002450346946716 0.8108288049697876 -2.5965843200683594
1.2117602825164795 1.1812695264816284 -0.2184947282075882
0.6508288383483887 1.1781939268112183 0.6312310695648193
-0.018795326352119446 0.8704015612602234 2.612466335296631
0.6865707039833069 0.7022708654403687 2.4490864276885986
1.3104256391525269 0.9798257350921631 1.2627434730529785
1.4032915830612183 0.9662206172943115 0.15474267303943634
-0.8425759077072144 0.9576110243797302 -2.1855275630950928
0.08059392869472504 0.9245890974998474 -1.6880477666854858
1.6204265356063843 0.9290372133255005 2.3402347564697266
1.3496060371398926 -0.3566074073314667 2.123257875442505
1.6894603967666626 1.0336332321166992 0.17196348309516907
-0.5900020599365234 1.1759284734725952 2.5291860103607178
0.5034111142158508 0.821128249168396 1.1473616361618042
1.2742141485214233 -0.046829819679260254 2.358309745788574
-1.313836932182312 0.4122709631919861 2.436126470565796
0.17360743880271912 -0.23356018960475922 2.435682535171509
-0.6494669318199158 -0.20992223918437958 -2.694424867630005
1.3769211769104004 0.9757956266403198 0.7449240684509277
-0.5681988000869751 1.1737972497940063 0.03840331733226776
1.480831265449524 -0.7770403623580933 -2.436845541000366
0.6350868940353394 -0.46843087673187256 2.5466785430908203
0.7067943811416626 0.9332559108734131 2.121049404144287
0.30037787556648254 1.1274974346160889 2.912745714187622
1.6929857730865479 -0.7479326725006104 2.3869669437408447
-0.4098290205001831 0.9743747711181641 -0.035363536328077316
0.9037363529205322 0.9730880260467529 -0.8042832016944885
-0.668712854385376 1.149722933769226 -2.8891944885253906
0.6676932573318481 0.9766039848327637 -2.0510776042938232
0.6808042526245117 0.9895198941230774 -2.8073501586914062
0.9298152327537537 0.9834367632865906 0.2303878664970398
0.5541173815727234 1.1770697832107544 -2.0699105262756348
1.4689950942993164 0.8603630065917969 0.2712375223636627
-0.6173003911972046 0.9785610437393188 0.045831866562366486
0.9080281257629395 -0.6809012293815613 2.2681665420532227
-1.197675347328186 1.1835163831710815 1.0288538932800293
0.3105168044567108 0.910973072052002 0.3821529448032379
0.9920455813407898 -0.6622387170791626 2.1147959232330322
1.335028052330017 -0.7233622074127197 2.0449442863464355
-1.1083171367645264 1.1749577522277832 -1.0666782855987549
0.23885345458984375 0.845880925655365 2.220137357711792
0.4176567792892456 0.9561247229576111 2.008091449737549
1.4955220222473145 0.8561004400253296 0.9908014535903931
1.1551311016082764 0.9698919653892517 -1.992303490638733
1.5839003324508667 -0.6001272797584534 -2.6214444637298584
1.6720706224441528 0.8404210805892944 -2.1307075023651123
-1.1489640474319458 0.8464303016662598 -0.674544095993042
-0.8753077387809753 1.002626895904541 -2.8142805099487305
-0.4130442440509796 1.1722487211227417 1.0734738111495972
1.4492785930633545 0.8762334585189819 -0.9354715943336487
1.680842638015747 0.8406296968460083 1.0450067520141602
1.2890456914901733 1.1908737421035767 -1.5274871587753296
1.0953298807144165 -0.29603487253189087 2.5779905319213867
1.2037429809570312 0.3914080262184143 2.5351243019104004
1.6075267791748047 0.8035365343093872 0.3936845362186432
-0.20851969718933105 0.7329376339912415 2.4847919940948486
0.2584403455257416 -0.11142661422491074 -2.4590728282928467
0.6110976934432983 -0.14431212842464447 2.252451181411743
0.7763055562973022 0.9733685255050659 0.860970139503479
0.24380917847156525 -0.40923184156417847 -2.6754307746887207
0.5867483019828796 -0.6409528255462646 2.513775110244751
0.1214524507522583 0.9090354442596436 -1.4104654788970947
0.5328662395477295 -0.23365643620491028 -2.357020854949951
-0.7929377555847168 -0.5212679505348206 -2.716578483581543
-1.0910799503326416 0.9432642459869385 -0.06335295736789703
-0.33167916536331177 1.1097266674041748 -2.8930411338806152
-1.026916742324829 -0.09649242460727692 2.630673885345459
0.037475015968084335 -0.2251739650964737 -2.633718967437744
0.8370048403739929 0.9770908355712891 1.3335191011428833
-1.1607552766799927 1.195820927619934 1.782497763633728
0.7987242341041565 1.1729671955108643 1.171748399734497
1.6997456550598145 1.1760591268539429 -2.8052947521209717
0.6562501788139343 0.8941895961761475 1.679373025894165
-0.5027778148651123 -0.22640490531921387 2.3941259384155273
1.6150094270706177 1.175420880317688 2.2426071166992188
1.247151494026184 0.6020197868347168 2.4968349933624268
-0.596261739730835 1.160382866859436 0.9581242799758911
-0.6134865880012512 1.064334511756897 -2.8835341930389404
1.0983697175979614 -0.23330187797546387 -2.2314789295196533
0.8737033605575562 1.0311627388000488 2.5348777770996094
-0.8506563305854797 -0.5811852216720581 -2.310051441192627
1.5113970041275024 0.2558799386024475 -2.645399808883667
1.5367519855499268 1.1578800678253174 -2.2750942707061768
-0.9290328025817871 0.20353177189826965 -2.205944061279297
0.4296252429485321 1.174986481666565 -1.4824068546295166
0.27179810404777527 -0.3724744915962219 -2.661686897277832
1.3236119747161865 0.9843729138374329 0.8247613310813904
1.281728982925415 -0.6968259811401367 -2.3831276893615723
1.7322746515274048 1.1543545722961426 2.7224509716033936
1.4619718790054321 0.9063113927841187 0.7135139107704163
1.635421633720398 1.168444275856018 -0.8777914643287659
-0.3362694978713989 0.9938989877700806 2.791999578475952
-0.8753188252449036 1.169884443283081 -0.35058605670928955
-0.8623700141906738 1.168212890625 -0.025163646787405014
-1.1563427448272705 -0.2699355483055115 -2.712134838104248
1.0646531581878662 0.9837121963500977 0.8987842798233032
-1.111573338508606 0.9345049858093262 -2.03531551361084
1.4540698528289795 0.4154621660709381 2.513505220413208
1.2295767068862915 -0.04130429029464722 -2.1606810092926025
1.7030612230300903 0.9993941783905029 1.2224169969558716
0.196149080991745 0.9969558715820312 2.8807296752929688
0.028124988079071045 0.8712708950042725 0.1994459629058838
-1.31827974319458 1.1296420097351074 2.324475049972534
1.1059777736663818 0.9409406185150146 -2.0063319206237793
0.22454170882701874 1.1816023588180542 0.8529173135757446
-0.9968457221984863 0.9768387675285339 -2.771394968032837
1.5891597270965576 -0.13550834357738495 -2.138153076171875
0.45844802260398865 1.1582285165786743 1.9913090467453003
0.7316880822181702 1.1716489791870117 2.388402223587036
-0.830349326133728 0.6394908428192139 -2.6313791275024414
0.03654233366250992 0.8885458707809448 -0.5503213405609131
0.004808612167835236 1.1788220405578613 2.3717312812805176
0.6330522894859314 0.9687525033950806 -1.3671408891677856
0.8671367764472961 -0.3736801743507385 -2.6220474243164062
1.0499579906463623 0.9844503402709961 1.2022943496704102
-0.6991845965385437 0.43490949273109436 2.4281132221221924
0.7899786829948425 1.1746114492416382 -1.7087582349777222
1.398438811302185 1.1875526905059814 0.33832448720932007
0.06761909276247025 0.7938805818557739 -2.333080768585205
-0.6383478045463562 0.9653973579406738 -0.799287736415863
1.1306709051132202 1.181436538696289 0.47127002477645874
1.4481359720230103 0.9072725176811218 -2.659367561340332
0.3644449710845947 0.798786461353302 -2.6444520950317383
1.6960278749465942 1.0198712348937988 1.7796307802200317
-1.2194573879241943 1.1763197183609009 -1.7478469610214233
0.9988577365875244 -0.28078123927116394 -2.6178603172302246
-0.8745997548103333 0.582165002822876 -2.2718875408172607
1.1723712682724 -0.2988595962524414 -2.216445207595825
0.8614505529403687 0.9876484274864197 -1.6513837575912476
-0.5703054666519165 1.1754024028778076 -0.7642340660095215
0.798607349395752 1.0626957416534424 2.9249606132507324
0.7017160654067993 0.8890504837036133 0.6295941472053528
0.8839523792266846 1.1804258823394775 -1.6374231576919556
0.3008193075656891 0.9520394802093506 0.5988287329673767
-0.8382595777511597 1.1723462343215942 -2.057343006134033
1.6737746000289917 0.7366916537284851 -2.5784482955932617
0.0064263902604579926 1.1777653694152832 2.4790866374969482
0.11217290163040161 0.8152034282684326 1.607869029045105
-0.8103857040405273 0.09975668787956238 -2.306506633758545
1.1958647966384888 0.9825448393821716 0.19038963317871094
0.4393886923789978 1.1411060094833374 2.9052209854125977
0.003661833703517914 0.8283650279045105 0.5728974938392639
-1.1590907573699951 0.15612491965293884 -2.1920223236083984
0.009172197431325912 0.8837343454360962 1.4097853899002075
-0.6972116827964783 1.1700551509857178 -2.4408349990844727
-0.5924071073532104 0.9697890281677246 0.6290060877799988
0.22297200560569763 1.172881841659546 -1.2554794549942017
0.670695424079895 1.181008219718933 0.2013172060251236
-0.8367290496826172 -0.5350815057754517 -2.736393690109253
-0.6755403280258179 0.9706001877784729 1.9128777980804443
0.239303320646286 0.8917338848114014 -0.6353084444999695
0.04882041737437248 1.0258926153182983 -2.797488212585449
-0.13056546449661255 0.9080673456192017 1.0366812944412231
1.103238821029663 0.7583916187286377 2.142014980316162
1.6846576929092407 0.9190864562988281 -1.895132064819336
-1.1974211931228638 1.184538722038269 -2.4675302505493164
1.2914828062057495 0.9740957021713257 2.0091919898986816
0.9170622229576111 1.17345130443573 -2.1262192726135254
-0.6672249436378479 1.193444848060608 1.8963594436645508
-0.9715313911437988 1.174445390701294 0.32393303513526917
-0.11740274727344513 0.8385555148124695 0.594369649887085
-0.16538825631141663 1.1751370429992676 -2.3722083568573
0.34281930327415466 1.1883913278579712 -1.4606029987335205
-0.5981084108352661 1.180672526359558 -2.895733118057251
1.5286082029342651 1.1908159255981445 1.0147916078567505
-1.0646443367004395 0.18268200755119324 2.191497564315796
-1.3159465789794922 0.1713322401046753 2.6080713272094727
-1.3333598375320435 1.0006077289581299 1.1250182390213013
1.7333240509033203 -0.7289770841598511 2.1023428440093994
0.7598838806152344 0.6152007579803467 2.327141284942627
0.4655396044254303 -0.17507168650627136 -2.585055351257324
-1.3272258043289185 1.1029287576675415 -2.612373113632202
-0.20400062203407288 1.1800785064697266 -0.4810563027858734
1.4029961824417114 0.83827805519104 2.046281099319458
-0.6283819675445557 1.1682724952697754 0.3384438157081604
0.05608845874667168 -0.4231743812561035 -2.3347599506378174
-0.22719287872314453 1.1805975437164307 -0.9988693594932556
0.5171016454696655 0.8944113254547119 -0.20288518071174622
1.6969631910324097 -0.06679286062717438 2.441901206970215
0.8541696071624756 1.1853939294815063 -1.870104432106018
-0.6826838254928589 1.1857805252075195 -1.7211800813674927
-0.7960768342018127 0.8787713050842285 -0.5995622277259827
-0.8990863561630249 0.2565038204193115 -2.671649217605591
1.6410555839538574 0.6835777163505554 2.103516101837158
1.3166930675506592 0.3777342438697815 -2.1358258724212646
0.382902055978775 0.8042117953300476 2.564587116241455
1.6677979230880737 0.332951158285141 -2.450868844985962
1.356052279472351 1.1719322204589844 -1.165677785873413
0.7541003227233887 0.7763851881027222 -2.6419618129730225
0.5702056288719177 1.1687902212142944 -0.6985754370689392
-1.106575608253479 -0.3894135355949402 -2.7233636379241943
0.3915354013442993 1.1761243343353271 2.567742347717285
1.0773334503173828 1.1842927932739258 -1.7454122304916382
-0.11679305136203766 1.1743826866149902 1.6242841482162476
-0.5474470257759094 0.9587106704711914 0.5255963802337646
-0.8061588406562805 0.9683801531791687 2.6696712970733643
-0.38266903162002563 1.0769853591918945 2.808554172515869
-0.4726642966270447 0.8543168306350708 2.6180760860443115
0.7381723523139954 -0.2826768755912781 -2.320371150970459
0.7006556987762451 -0.054076164960861206 2.345945358276367
1.233778476715088 0.9738436341285706 -1.069495439529419
-1.1338233947753906 0.9354336261749268 1.47556734085083
0.40949660539627075 -0.4579569697380066 2.2302002906799316
-1.1760122776031494 1.1708364486694336 1.5752075910568237
1.2055175304412842 -0.6259104013442993 -2.3001933097839355
1.23135244846344 -0.07017187774181366 -2.613501787185669
1.6909148693084717 -0.5544047355651855 -2.3199679851531982
-0.4154767692089081 0.9738487005233765 1.5438965559005737
-1.3108208179473877 0.04108056426048279 2.4041199684143066
0.0895477682352066 -0.22888614237308502 -2.6385879516601562
0.46758556365966797 1.172484278678894 1.5750172138214111
1.621517539024353 0.8131426572799683 0.9415609836578369
0.7287706732749939 0.9503816366195679 -0.7005228996276855
1.4303004741668701 0.9745669364929199 -0.9146866798400879
1.2720435857772827 1.1777366399765015 2.57328462600708
0.6626771092414856 -0.1561482846736908 -2.333658456802368
0.18315739929676056 0.8199744820594788 0.5999020934104919
1.6727524995803833 0.7213142514228821 -2.4603426456451416
1.6962162256240845 1.0422173738479614 1.897290587425232
-1.0975898504257202 1.1794662475585938 1.1189227104187012
0.47693830728530884 0.842502772808075 1.783034324645996
0.941134512424469 -0.3054969310760498 -2.3736793994903564
0.6640692353248596 1.1789941787719727 -2.454230308532715
1.707162857055664 0.9008367657661438 1.1522895097732544
-1.1406278610229492 1.1753456592559814 -2.3324482440948486
0.43519487977027893 1.1685264110565186 0.6191948652267456
0.5864313840866089 1.1685006618499756 1.6849281787872314
1.6502602100372314 0.2483575940132141 -2.1508145332336426
0.2513498067855835 1.1746231317520142 0.7180002331733704
-0.010728657245635986 0.8462942242622375 2.2939863204956055
-0.30709904432296753 0.7871909141540527 2.614279270172119
1.1482096910476685 0.8338118195533752 -2.1595938205718994
-0.8212714195251465 0.9494020938873291 -2.1606624126434326
-0.8143206238746643 1.167557954788208 -0.35848039388656616
0.16281908750534058 1.1748242378234863 -0.6039432883262634
1.3510464429855347 0.2688649892807007 2.034782886505127
1.6759977340698242 1.1894607543945312 -2.3678996562957764
-0.30726343393325806 0.7494516372680664 2.419750690460205
0.11766254901885986 1.1799962520599365 -0.3650418817996979
0.18310552835464478 1.190710186958313 1.6593174934387207
1.4073336124420166 0.9271167516708374 -0.6610178351402283
-0.39600688219070435 0.7495197057723999 -2.488845109939575
1.6237622499465942 1.1886420249938965 0.49463701248168945
-0.7468682527542114 0.9668833613395691 -0.8462582230567932
-0.750697910785675 -0.5256930589675903 2.4079930782318115
1.6821335554122925 1.0024471282958984 2.532191038131714
-1.1350148916244507 0.7988190054893494 -1.9761788845062256
0.6483376026153564 0.9364762306213379 -0.4377656877040863
1.7278896570205688 1.104711651802063 2.466046094894409
1.2665455341339111 0.8520523309707642 -2.5164954662323
1.5597071647644043 0.7593867778778076 -0.23998799920082092
1.5488382577896118 1.1745213270187378 0.7858568429946899
-0.09984492510557175 1.164466142654419 -1.5594019889831543
0.8138984441757202 1.1733680963516235 2.3332419395446777
0.051379356533288956 0.9524796009063721 2.1435976028442383
-0.24714511632919312 -0.19039350748062134 -2.3715293407440186
-0.535921037197113 1.1815201044082642 1.5150624513626099
-1.0152360200881958 0.047350794076919556 2.205495595932007
1.485421061515808 1.1796209812164307 -1.7402268648147583
0.36118996143341064 1.1712374687194824 2.2294812202453613
0.6519710421562195 1.1486786603927612 1.169677495956421
0.9576745629310608 1.1944819688796997 -0.003926675301045179
-0.8628477454185486 -0.6958590149879456 -2.7058157920837402
-1.3640059232711792 1.0938661098480225 0.5020251870155334
1.3848093748092651 1.175362467765808 -1.597625732421875
-0.589643120765686 0.9599741697311401 -1.5631442070007324
1.561639666557312 1.2508132457733154 1.439363718032837
-0.435580849647522 1.1738436222076416 0.3772207498550415
0.6423017978668213 0.807328999042511 -2.666013240814209
0.8848155736923218 1.141409158706665 0.3659912347793579
1.6999342441558838 1.1122069358825684 0.2949809730052948
-0.7997568249702454 0.8919985294342041 -0.6983402371406555
-0.08017146587371826 -0.31154733896255493 2.500828266143799
0.5424696207046509 1.1779274940490723 0.6546410322189331
-1.3131235837936401 0.9966011643409729 0.17064078152179718
-0.2015131264925003 1.1751835346221924 -0.212103009223938
-1.0538818836212158 1.1888359785079956 -2.5181074142456055
1.6905533075332642 1.133735179901123 0.9259964227676392
-0.5789695382118225 0.9739448428153992 -1.1719443798065186
1.686216115951538 -0.48987534642219543 -2.553229570388794
-0.205491304397583 -0.4760422110557556 2.4932429790496826
1.1292610168457031 0.07375139743089676 2.1932382583618164
-0.7926535606384277 1.1774259805679321 -2.6363027095794678
-0.22817829251289368 0.9748098850250244 -0.7943609952926636
-0.6123988628387451 1.1824171543121338 -1.6743552684783936
1.6269441843032837 1.1984810829162598 0.301165908575058
0.3237230181694031 0.8215470910072327 0.08644644916057587
-0.9454051852226257 1.1767703294754028 2.2405521869659424
-1.302192211151123 -0.20621170103549957 2.5259761810302734
-1.1375623941421509 0.8783363103866577 -2.0830671787261963
0.12316107749938965 0.964867353439331 0.4769400656223297
-1.2449344396591187 0.8832368850708008 -0.9567471146583557
1.4093821048736572 -0.571122407913208 2.6198387145996094
-1.1731927394866943 1.226253628730774 1.608649492263794
1.3431265354156494 1.1826281547546387 -2.2205097675323486
-0.46625715494155884 1.0270061492919922 -2.833833694458008
1.3195290565490723 0.9691541790962219 -1.002544641494751
1.1816842555999756 0.49357813596725464 -2.4537956714630127
-1.2246620655059814 0.9791638255119324 1.6947705745697021
-1.0551488399505615 -0.010842248797416687 2.6340675354003906
-1.0669670104980469 1.1807502508163452 0.025583423674106598
-1.3579771518707275 1.141862154006958 0.7155571579933167
0.8463176488876343 0.7225573062896729 -2.532452344894409
-0.28024137020111084 1.1708929538726807 2.342766284942627
1.345882773399353 0.9728940725326538 1.8043934106826782
1.2758688926696777 0.08713653683662415 -2.149479389190674
-0.8572164177894592 0.10516835749149323 -2.5867867469787598
1.110019564628601 1.1760141849517822 0.468279629945755
0.5229408144950867 0.9527332186698914 -0.2932693362236023
-0.22230415046215057 -0.27949172258377075 -2.316939115524292
0.7051424384117126 -0.25751593708992004 -2.6364784240722656
0.3379569351673126 1.1813948154449463 -2.4168195724487305
-0.5382896065711975 0.9671472907066345 -1.9134492874145508
-1.3135725259780884 1.148423433303833 -1.0448576211929321
-1.3064460754394531 0.5557858347892761 2.3704025745391846
-0.5914381146430969 0.9665789604187012 -1.717851996421814
-0.7599843740463257 0.9862731099128723 -0.8296765685081482
-1.1108258962631226 1.2046374082565308 2.3318681716918945
-1.22419273853302 1.1769191026687622 -1.4994632005691528
-1.2337090969085693 0.2979406714439392 -2.3331334590911865
1.4727638959884644 0.8550738096237183 -0.07990299165248871
-0.45914340019226074 1.1705851554870605 0.5727367401123047
0.6657611131668091 0.9713253974914551 -0.9020318984985352
1.666483759880066 0.4557274281978607 2.4607129096984863
-1.2215855121612549 0.8871445655822754 -1.274258017539978
-0.02232760563492775 -0.34456896781921387 -2.3234755992889404
1.049479365348816 0.9495828151702881 2.17668080329895
0.8918718099594116 0.09388240426778793 2.29233717918396
1.0721131563186646 1.1768537759780884 -0.06608287990093231
1.6368792057037354 1.174805998802185 2.147545337677002
1.2807443141937256 0.9937891364097595 -2.848212718963623
-1.3048406839370728 1.0250591039657593 -2.118227005004883
-1.3086602687835693 0.2282031923532486 2.4364049434661865
1.6668065786361694 0.41385704278945923 2.346679449081421
-1.341378092765808 1.1147207021713257 -0.19788239896297455
-1.3553295135498047 1.1104371547698975 0.10153929144144058
1.0302351713180542 0.9789884686470032 0.6554018259048462
-0.8003610968589783 1.1618834733963013 0.972841203212738
-0.20571163296699524 1.1674561500549316 2.4075851440429688
-0.19822439551353455 1.1787062883377075 1.5042202472686768
-1.1919268369674683 0.867732048034668 -0.6136196255683899
0.20457792282104492 0.8352388739585876 0.6611682176589966
0.3029263913631439 -0.26805615425109863 -2.617650270462036
-0.04388446360826492 1.1819572448730469 1.0578478574752808
1.0837997198104858 0.9839726686477661 -0.7068538069725037
-0.45406290888786316 0.7054702043533325 2.423555850982666
0.1840338408946991 1.1757309436798096 1.0037647485733032
-1.0795778036117554 0.46628791093826294 -2.7134058475494385
-0.8456821441650391 -0.27961939573287964 -2.7306411266326904
1.5002565383911133 1.1925405263900757 -1.6567528247833252
-0.693386971950531 0.9667900204658508 -2.1293699741363525
-0.025935880839824677 1.1773958206176758 -1.686987042427063
-1.0053876638412476 0.9357739686965942 -1.2357467412948608
-0.10164017975330353 0.942388653755188 0.22328761219978333
0.6478008031845093 0.9671354293823242 -2.205763816833496
1.6361836194992065 0.9831236600875854 0.36847445368766785
0.34753742814064026 0.8606921434402466 0.2345261126756668
0.9264582395553589 0.5419952869415283 2.547380208969116
-1.211366891860962 0.7759988903999329 -2.307424783706665
0.7266333103179932 0.9592732191085815 -0.6442331671714783
0.05529152974486351 1.182626485824585 0.7725605368614197
0.7984593510627747 0.9769405126571655 -1.6033985614776611
0.5976713299751282 1.1745599508285522 2.4747979640960693
0.2658141851425171 -0.19975879788398743 2.2967915534973145
0.3523979187011719 1.1716582775115967 0.9651305675506592
1.1936376094818115 -0.7126560211181641 2.4658007621765137
0.16937360167503357 1.1846131086349487 1.0631505250930786
1.7311879396438599 1.140118956565857 2.6711342334747314
1.6409385204315186 0.8818420171737671 -0.5518801212310791
-0.01642749458551407 1.1687437295913696 1.1757397651672363
0.18994535505771637 1.176908016204834 -0.3027317225933075
0.17011231184005737 0.9754232168197632 -0.5106046795845032
-1.2940690517425537 -0.20041346549987793 2.5738041400909424
1.0575079917907715 1.1784658432006836 2.501683473587036
0.44126009941101074 0.872860312461853 0.38083916902542114
1.5235588550567627 0.9821319580078125 -0.26944249868392944
-0.8392481207847595 0.964278519153595 -1.8983842134475708
-0.8364655375480652 1.1768370866775513 2.086738109588623
0.31328722834587097 0.8241735100746155 1.2866802215576172
-0.12899497151374817 0.9683197736740112 1.9273018836975098
-0.7017523050308228 1.175255298614502 1.864679217338562
0.5500834584236145 1.182950496673584 -1.2269530296325684
0.41900378465652466 0.9685032367706299 -0.9768860340118408
-1.355635166168213 1.1608622074127197 0.34255513548851013
-0.7549583911895752 0.9700629711151123 2.0369176864624023
0.26454752683639526 0.8995354175567627 -2.278573751449585
-0.369919091463089 -0.15401947498321533 -2.3972485065460205
-1.292639970779419 0.6743297576904297 2.4729835987091064
1.5593047142028809 0.7813413143157959 -1.7612454891204834
0.8961566686630249 0.695755124092102 2.4615156650543213
-0.05378767102956772 1.0741007328033447 -2.8997204303741455
1.049924373626709 1.1760685443878174 2.811589002609253
0.9018446207046509 -0.25996315479278564 2.564885377883911
-0.11121726036071777 0.7951159477233887 -2.386077642440796
-0.00819350779056549 -0.4085773527622223 -2.330526351928711
-0.31873705983161926 0.9292197227478027 1.6436843872070312
1.44615638256073 -0.38705721497535706 -2.1360840797424316
0.9441896677017212 1.176904559135437 1.7577266693115234
-0.3773677945137024 0.9598474502563477 1.8241028785705566
-1.2295888662338257 0.17472900450229645 -2.335576057434082
-1.262535572052002 0.9796618223190308 1.7544357776641846
1.3982224464416504 -0.0004747360944747925 -2.655193567276001
-0.606442928314209 0.9627531170845032 -0.8352637887001038
0.2139979600906372 1.1750400066375732 -1.1049704551696777
0.36396080255508423 1.1762354373931885 0.8329270482063293
-0.8396154642105103 -0.2821766436100006 2.199002981185913
1.4005647897720337 -0.6879351735115051 -2.6235148906707764
-0.31460314989089966 -0.16221576929092407 -2.463057279586792
-0.842889666557312 0.9790552854537964 0.614079475402832
0.5153296589851379 1.1914371252059937 -0.4511477053165436
0.6496664881706238 0.8087508678436279 1.098008394241333
-0.2500065863132477 0.8238118886947632 2.6154656410217285
-0.26481276750564575 1.1770268678665161 -2.8075320720672607
1.2857463359832764 0.9825640320777893 0.45502969622612
-0.2904622256755829 1.1868687868118286 1.141676425933838
-0.6548037528991699 1.091371774673462 -2.879831075668335
0.21477800607681274 1.1727113723754883 0.8011021614074707
0.7912777662277222 0.979779839515686 1.7645431756973267
-1.137089490890503 -0.4439694881439209 -2.2502057552337646
-0.6504641175270081 0.9689717292785645 0.08527936786413193
1.486838698387146 0.8574785590171814 0.87049400806427
-0.8873347640037537 0.9503723978996277 -2.1508147716522217
1.237247109413147 1.1676548719406128 1.8331059217453003
1.5953081846237183 1.1621813774108887 -1.4356462955474854
1.069075584411621 -0.34216105937957764 -2.308389902114868
-0.923795759677887 1.174068570137024 -1.7440546751022339
1.5564613342285156 0.8034968972206116 0.38155341148376465
0.6105690598487854 -0.40455400943756104 -2.625491142272949
1.6692733764648438 -0.01364995539188385 -2.4135494232177734
1.3908910751342773 0.8419725298881531 2.0295772552490234
0.10351504385471344 0.8181168437004089 1.1494938135147095
1.175264835357666 1.178896427154541 -0.8879279494285583
-0.9847325682640076 0.009397536516189575 2.6437931060791016
0.3233882486820221 1.164400577545166 -0.8417099118232727
1.5678058862686157 1.1626272201538086 -1.761281967163086
0.9075462818145752 1.191889762878418 1.2396897077560425
-0.2659211754798889 1.179118275642395 -2.5061028003692627
1.2219343185424805 0.4999580681324005 -2.4943065643310547
-0.07728176563978195 1.1748614311218262 -1.2296113967895508
-1.2933697700500488 0.34664982557296753 2.1793339252471924
1.7077224254608154 -0.16815303266048431 2.4668819904327393
1.483455777168274 0.04701031744480133 2.5532264709472656
1.3962292671203613 0.9372713565826416 -1.650942325592041
0.8535689115524292 1.1841073036193848 1.2444519996643066
1.0981520414352417 0.9875018000602722 0.02727757953107357
0.44786012172698975 0.7908632755279541 -0.5243381261825562
1.4024616479873657 1.1765203475952148 -2.679774284362793
1.5269900560379028 0.8315863609313965 -0.9199126958847046
1.3194352388381958 0.027209147810935974 -2.662041187286377
-1.2930364608764648 -0.42852526903152466 2.58500337600708
0.5571653246879578 1.175644874572754 -0.3496754467487335
1.6432430744171143 0.5280689001083374 -2.661367416381836
-1.1639591455459595 0.021018624305725098 -2.72049617767334
-0.4144711494445801 -0.3624594211578369 -2.312767505645752
0.6539719700813293 1.1769131422042847 -1.0076874494552612
1.0328336954116821 -0.7038145065307617 2.362658739089966
0.49724680185317993 -0.5762120485305786 2.5541372299194336
-0.11548887938261032 0.870648980140686 1.6043474674224854
-0.031186334788799286 0.8167014122009277 -2.6301653385162354
0.06476635485887527 -0.21463070809841156 -2.6733803749084473
-1.1660568714141846 0.9598058462142944 0.3011593818664551
1.6202641725540161 1.1656550168991089 -1.7603018283843994
1.5527209043502808 0.1531420350074768 2.5377888679504395
1.7265737056732178 1.1567819118499756 -2.1381731033325195
-0.42149367928504944 -0.4616748094558716 -2.6028387546539307
0.302788108587265 1.1325891017913818 -0.09749836474657059
-0.6892181038856506 1.1834830045700073 -2.1436831951141357
1.3865106105804443 -0.7559647560119629 -2.5760369300842285
-0.5199031233787537 1.1737518310546875 1.8124223947525024
0.5677787065505981 1.217745304107666 -1.0998179912567139
1.6595425605773926 -0.5926553010940552 2.033801555633545
0.6154817342758179 1.1764336824417114 1.5911158323287964
-0.44156068563461304 1.2256425619125366 -1.0496002435684204
-1.2587108612060547 0.9459506273269653 -0.23328563570976257
0.12716180086135864 0.8239688873291016 1.4784841537475586
1.3884071111679077 -0.45130056142807007 2.0631043910980225
-1.3175652027130127 1.1744951009750366 0.1718088984489441
0.6499894261360168 0.9340988993644714 -0.055511005222797394
1.7072534561157227 -0.22910785675048828 2.1072745323181152
-0.7783539891242981 1.1755644083023071 -1.1062804460525513
-0.23451098799705505 0.9772816300392151 -1.982903003692627
1.605075478553772 1.1900334358215332 0.06793273240327835
-0.7963776588439941 1.1772540807724 0.4300524890422821
1.6850329637527466 0.8918960094451904 1.6040241718292236
0.8569499254226685 1.1784944534301758 -0.16796229779720306
0.5591396689414978 1.176614761352539 2.027298927307129
-0.04161202907562256 1.1741909980773926 -0.8204295039176941
0.5894595980644226 0.861606776714325 1.7442994117736816
-1.238193392753601 1.2275300025939941 -2.190188407897949
1.5100138187408447 -0.7240692377090454 -2.593660354614258
1.4657158851623535 0.6803035736083984 1.8845816850662231
-0.1357114017009735 1.1789488792419434 2.3352036476135254
-0.5816524028778076 -0.2149045467376709 2.473461866378784
-0.9706802368164062 0.9414492249488831 -2.6563892364501953
1.1679973602294922 1.1767250299453735 1.617493748664856
1.4703633785247803 0.2693842649459839 -2.126161813735962
0.5377546548843384 0.9689860343933105 1.9788403511047363
1.284950852394104 0.9793823957443237 1.6023918390274048
1.1812080144882202 0.9661396741867065 -2.629929542541504
1.6458311080932617 0.7759823203086853 2.2207565307617188
0.3890150487422943 1.1725525856018066 2.7354848384857178
1.7422534227371216 1.1402461528778076 -1.9545106887817383
-0.33389246463775635 0.9598531723022461 -1.3793306350708008
0.46812647581100464 1.1784720420837402 0.033502284437417984
1.732048511505127 -0.6103353500366211 2.089165687561035
0.2716275453567505 -0.34110593795776367 -2.684281826019287
-1.2100439071655273 1.2082592248916626 2.303148031234741
1.4546301364898682 0.8083680868148804 -1.3970266580581665
1.5072940587997437 0.8366702795028687 1.248958945274353
-1.0614948272705078 1.1720612049102783 0.337101012468338
-0.24257639050483704 0.865881085395813 1.1284737586975098
0.91523277759552 1.1834383010864258 2.262601613998413
-0.07485257834196091 1.0058882236480713 2.8417458534240723
1.5968639850616455 -0.48196321725845337 2.618412733078003
-0.9683691263198853 1.1750547885894775 0.7302984595298767
-0.94272780418396 -0.25317221879959106 -2.2198598384857178
1.6623674631118774 0.9491305351257324 -0.8715603947639465
0.832148551940918 0.8227318525314331 -2.643094778060913
-1.2555617094039917 0.9658768177032471 -1.9991925954818726
1.2987403869628906 0.9817417860031128 1.091443419456482
1.463863492012024 0.8063268065452576 -1.646235466003418
-0.8288629055023193 0.9750133752822876 -0.7557578086853027
1.70347261428833 0.8725934624671936 1.2026673555374146
-0.22636836767196655 1.2469797134399414 -2.7764129638671875
-0.38846102356910706 0.9586607217788696 2.0570075511932373
0.11033952236175537 1.1791309118270874 -0.7184428572654724
-0.6713629961013794 1.1651546955108643 0.9267303943634033
1.6428911685943604 0.8313065767288208 -1.45088529586792
0.26027363538742065 0.9668885469436646 -1.247431993484497
0.1360449492931366 0.9581050872802734 -1.3830729722976685
0.3390243649482727 -0.6026089787483215 2.301852226257324
-0.8800982236862183 1.178385853767395 0.4325869083404541
0.618145763874054 1.1351242065429688 2.914128541946411
1.6059215068817139 1.2078503370285034 -0.4286231994628906
1.0951277017593384 0.4217316210269928 2.4485549926757812
1.2738184928894043 0.6092064380645752 2.515069007873535
-1.0941252708435059 0.90048748254776 -1.0689681768417358
0.14615437388420105 0.9639908671379089 0.21497096121311188
-0.8670006394386292 -0.5509371161460876 -2.4032387733459473
-0.7504411339759827 0.769172191619873 -2.3931455612182617
1.1243480443954468 1.1707334518432617 2.8976781368255615
0.10405804216861725 1.1830979585647583 2.1605851650238037
0.7029257416725159 0.9625053405761719 1.5168441534042358
-0.16815519332885742 0.7910692095756531 -2.362504243850708
0.25994449853897095 0.9376283288002014 -1.8760156631469727
1.607725739479065 0.8099104166030884 -0.6053593158721924
-0.19615438580513 1.1694557666778564 0.7313137054443359
-0.03542691469192505 0.95587158203125 -1.314794659614563
1.581896185874939 0.8100205063819885 -1.0102388858795166
-0.04047063738107681 1.1736055612564087 -0.1800699681043625
-0.184649258852005 1.1733605861663818 -1.516840934753418
0.9909734725952148 1.1907154321670532 -0.3431079387664795
0.11750321090221405 1.006456971168518 -2.7317302227020264
0.7717645764350891 0.9559309482574463 0.3828788101673126
0.1103438287973404 0.9709030389785767 -1.864070177078247
0.13504156470298767 1.1812537908554077 -2.465607166290283
0.328597754240036 0.8187493085861206 -0.5231720209121704
0.14245888590812683 0.7725407481193542 -2.3048508167266846
-0.3880922794342041 0.9666107892990112 -0.4096263647079468
0.22694718837738037 1.169485330581665 -0.6417120695114136
0.017143670469522476 1.0807520151138306 -2.8609070777893066
-1.1039299964904785 1.196678876876831 -0.18266192078590393
0.5517975091934204 1.1805055141448975 2.516186475753784
-1.288425326347351 0.3651925325393677 2.572232484817505
-0.8002675175666809 0.9679819941520691 1.7271534204483032
0.07561926543712616 1.0061208009719849 -2.83095383644104
1.6492657661437988 0.3739032447338104 2.5123202800750732
0.3290598392486572 0.8027299642562866 -0.4473932087421417
-1.3421553373336792 1.1162006855010986 -0.4665509760379791
-0.13350385427474976 1.1733359098434448 2.3608558177948
1.622586965560913 -0.7358800172805786 2.139336585998535
1.0236897468566895 1.17893385887146 -0.5547284483909607
-0.764717698097229 0.18652558326721191 2.48647403717041
1.0786125659942627 0.9690185785293579 -1.3560101985931396
1.5182266235351562 0.8421796560287476 0.9884011149406433
-0.9205158352851868 -0.09598726034164429 -2.7105600833892822
0.762717604637146 0.968442440032959 -2.1622891426086426
1.1340411901474 0.9820319414138794 1.8939766883850098
-0.888414740562439 1.165834903717041 -0.4740360379219055
-0.9603096842765808 0.9379682540893555 -2.7287635803222656
0.9546464681625366 0.987847626209259 2.86746883392334
-0.9650259017944336 1.1754752397537231 0.3111073076725006
0.6401243805885315 0.8298388123512268 1.4323782920837402
1.7297316789627075 1.0952121019363403 -1.3272042274475098
1.1389168500900269 1.1809043884277344 2.532662868499756
-0.45642390847206116 0.9629445672035217 1.758552074432373
-0.3531954288482666 0.9709674119949341 0.07175937294960022
1.5861388444900513 0.5055979490280151 2.5569376945495605
-1.0298564434051514 1.1752903461456299 -2.0599277019500732
-0.724849283695221 1.1729415655136108 -1.2438666820526123
1.6432191133499146 1.0747603178024292 2.9429943561553955
-0.8649399280548096 -0.6781784296035767 -2.569843292236328
0.7731820344924927 1.1794782876968384 0.8956578373908997
-0.0367940291762352 0.9175933599472046 -2.275707244873047
-0.6963369250297546 1.1701058149337769 -0.40874937176704407
0.45661914348602295 1.0186246633529663 -2.7626168727874756
-0.7053748965263367 0.9378888010978699 -0.4610637128353119
-1.233300805091858 -0.14227084815502167 -2.440473794937134
-1.2270359992980957 0.4387316107749939 -2.4295918941497803
-0.2501305937767029 0.9672456979751587 1.8998947143554688
-1.0906931161880493 0.6427425146102905 2.146503210067749
-1.1770081520080566 0.9559321999549866 1.1306744813919067
0.5743443369865417 1.0481036901474 -1.8879599571228027
-0.9324212074279785 1.1718618869781494 -2.6019866466522217
0.8337907791137695 1.2006494998931885 -0.6821463108062744
1.4345623254776 0.9084268808364868 -1.0458673238754272
1.122256875038147 0.4010094702243805 -2.2162539958953857
1.66707444190979 0.9605714082717896 -1.5012363195419312
-1.217550277709961 1.2006756067276 1.067690134048462
0.3465931713581085 0.817836344242096 0.8837628960609436
1.0404024124145508 0.7598776817321777 -2.2407472133636475
0.8190749883651733 0.9672027826309204 -0.8700754642486572
1.402557611465454 0.11787071079015732 -2.127920389175415
-1.0016264915466309 1.167770266532898 -2.5939104557037354
-0.883377194404602 1.1649531126022339 -2.2876386642456055
1.487341284751892 1.1788080930709839 -1.4450411796569824
-1.2278345823287964 0.9659919738769531 -2.0755090713500977
1.6253652572631836 -0.7293473482131958 2.0403661727905273
1.418411135673523 1.0071762800216675 -2.8804328441619873
0.15058031678199768 0.9476149678230286 0.0934438556432724
-0.7659185528755188 0.05596613883972168 2.3398659229278564
0.29523220658302307 1.2238690853118896 -2.740668535232544
-1.353225588798523 1.0608084201812744 0.24407437443733215
-1.2397953271865845 -0.20249071717262268 -2.5963664054870605
-0.8003633618354797 1.1741338968276978 0.58197021484375
-0.10318045318126678 -0.39733994007110596 2.195115327835083
1.0892847776412964 1.1911104917526245 0.9627555012702942
0.5629895329475403 0.9764702916145325 2.7982277870178223
-1.347448468208313 1.0542035102844238 0.1371232122182846
0.9054000377655029 1.1736111640930176 2.341071128845215
0.5275133848190308 0.9776862263679504 -1.8095173835754395
0.3879651427268982 1.183440089225769 -2.5162012577056885
0.28220146894454956 0.8649723529815674 -0.5296125411987305
1.481271505355835 1.1792408227920532 2.3531219959259033
1.473685383796692 0.9770546555519104 -2.7866322994232178
0.0724807158112526 0.9778628349304199 -2.754754066467285
0.8291163444519043 0.10002876073122025 2.4388208389282227
0.347497820854187 1.1731747388839722 -0.41296494007110596
-0.7884107232093811 -0.5908994078636169 -2.680701732635498
-0.9050125479698181 -0.07329341769218445 2.626622200012207
-0.028147969394922256 1.1766383647918701 2.3533241748809814
1.418036699295044 0.9006954431533813 -0.16482824087142944
1.4365532398223877 0.89322829246521 1.0894120931625366
1.7077010869979858 1.015005350112915 2.7464547157287598
0.16853295266628265 -0.39752984046936035 -2.663161039352417
-1.235225796699524 0.02127811312675476 -2.5473077297210693
0.3183577060699463 0.9885241985321045 2.8514366149902344
-0.9130761027336121 1.1742777824401855 -0.0501042976975441
0.46710482239723206 1.175834059715271 -2.2652084827423096
0.6988707184791565 1.1754682064056396 -2.1954238414764404
-0.18089674413204193 -0.46306121349334717 -2.3699584007263184
-0.2044389247894287 0.9538569450378418 -1.2148178815841675
1.5935215950012207 1.1704680919647217 -1.4444297552108765
1.6899410486221313 1.175646185874939 -2.335857391357422
-1.3051793575286865 0.9896536469459534 -0.25144025683403015
-0.8136983513832092 0.9696487188339233 0.37956568598747253
1.3593426942825317 0.9692730903625488 -1.8775465488433838
0.8080310821533203 1.1796365976333618 -0.3118208348751068
-0.24143840372562408 0.9434227347373962 1.4830785989761353
1.4594268798828125 0.8216655254364014 -1.9001456499099731
1.40961754322052 0.5685257315635681 2.546750783920288
-0.8967556357383728 0.011224612593650818 2.6333742141723633
1.6959795951843262 0.9540225267410278 1.4475637674331665
-0.21771639585494995 1.1743587255477905 0.025082573294639587
0.04088886082172394 1.1870930194854736 1.462633728981018
1.1487112045288086 0.4624563157558441 2.5336971282958984
-0.43998950719833374 0.9736166000366211 0.853253960609436
-1.1629326343536377 1.184351921081543 1.6486892700195312
1.565075159072876 0.15349534153938293 2.5449302196502686
-0.8617308139801025 -0.018681570887565613 -2.1921353340148926
-0.36195889115333557 0.972287654876709 0.4864058196544647
1.6408004760742188 0.8200048208236694 0.574837863445282
0.3789595365524292 0.8665300011634827 2.5724568367004395
-1.1697301864624023 0.8586560487747192 -0.5994190573692322
1.4892644882202148 1.0071911811828613 2.9157657623291016
1.0232734680175781 0.981148362159729 0.3916792869567871
-0.9174289703369141 0.727996826171875 2.144498586654663
-0.9174944162368774 0.3475362956523895 2.6361899375915527
1.3140379190444946 0.9885875582695007 -1.553926944732666
1.041111946105957 0.4688195586204529 -2.2539072036743164
1.5552620887756348 -0.7337541580200195 2.466066837310791
1.0271238088607788 0.7675819396972656 2.1760942935943604
0.8532830476760864 1.172360897064209 -1.8008480072021484
-0.9916228652000427 0.6174240708351135 -2.1742255687713623
1.306809663772583 0.09899061173200607 -2.683497190475464
0.7806024551391602 0.963536262512207 1.3512749671936035
-0.6143556833267212 1.1782188415527344 2.3953678607940674
0.1347646564245224 0.8700146675109863 -2.287075996398926
0.41736650466918945 0.8136322498321533 1.3825792074203491
1.5415416955947876 0.8391224145889282 1.5934251546859741
1.4566867351531982 0.11056999117136002 2.5119450092315674
-1.256378412246704 0.9707057476043701 -1.9830857515335083
1.608513355255127 -0.7429883480072021 2.2559540271759033
-0.4684632420539856 1.1771652698516846 -1.4912500381469727
0.11915494501590729 1.1727467775344849 0.10887599736452103
0.7249916791915894 1.1767207384109497 -2.3845295906066895
-0.19799190759658813 -0.16155241429805756 -2.5295770168304443
-1.0216310024261475 1.1838380098342896 1.759795069694519
-0.46299880743026733 1.175352931022644 -2.401909589767456
-0.7691318988800049 0.9724174737930298 1.5796797275543213
-0.8485023975372314 1.1720834970474243 0.5459582805633545
0.03122696653008461 1.175266146659851 -2.203256130218506
-1.3205794095993042 1.1350184679031372 2.009016513824463
-1.1243681907653809 0.7638043165206909 2.116318702697754
1.0826963186264038 0.11495398730039597 -2.223776340484619
0.9055055379867554 1.1753450632095337 -2.151949405670166
0.6067427396774292 0.8053484559059143 0.5088908672332764
-1.139805793762207 -0.7247507572174072 -2.6478896141052246
1.5600271224975586 1.1792327165603638 -0.8209053874015808
-0.8540627956390381 0.9541738033294678 -1.7755687236785889
1.3815110921859741 -0.22079406678676605 2.029710531234741
-0.859961986541748 1.1743578910827637 0.32618260383605957
-1.3028310537338257 -0.6390708088874817 2.2243592739105225
-0.5563821792602539 1.1745473146438599 0.09979180991649628
1.3657889366149902 0.9703065156936646 -1.6310274600982666
0.4242601990699768 -0.21148212254047394 2.3401570320129395
-0.16567710041999817 0.8666133284568787 -2.680100917816162
-0.6983892321586609 -0.4694362282752991 -2.3563594818115234
-1.1371890306472778 -0.7527371644973755 -2.5153186321258545
0.5042099356651306 0.8823091983795166 -0.013354535214602947
0.7589867115020752 1.1745966672897339 2.0668277740478516
0.6749738454818726 1.1744916439056396 -1.7529484033584595
0.15879672765731812 0.9640944600105286 2.0686450004577637
0.38852524757385254 0.818434476852417 -0.43365660309791565
-1.1004804372787476 0.5235338807106018 2.6864588260650635
-0.8411350846290588 1.1690700054168701 -2.573975086212158
0.533288300037384 0.9717827439308167 1.822999119758606
-1.033178687095642 1.1860032081604004 -0.44323983788490295
1.4127693176269531 0.8195270299911499 -1.6616469621658325
-0.08593322336673737 1.1794753074645996 -0.01212297659367323
0.4844949543476105 -0.18806661665439606 2.252316474914551
1.4786739349365234 0.02218601107597351 -2.1321961879730225
-0.13234513998031616 -0.2346685230731964 2.4821617603302
-0.6819661855697632 -0.2301153689622879 -2.6965932846069336
0.5299278497695923 -0.5055042505264282 -2.4357471466064453
-1.0734989643096924 1.175775170326233 0.6320449709892273
-0.2859661281108856 1.1960949897766113 -1.2317503690719604
-0.8800390958786011 0.9546447992324829 -0.41720327734947205
1.527207851409912 1.2092794179916382 0.2963874340057373
-1.3167365789413452 -0.6676336526870728 2.36016583442688
-0.8905561566352844 1.1725049018859863 -2.3052375316619873
-1.206079363822937 1.2159172296524048 0.1129084974527359
1.658722996711731 0.8484085202217102 -2.65635347366333
0.9578197002410889 -0.25012046098709106 -2.3118181228637695
-0.5427216291427612 1.180473804473877 1.404341220855713
-0.4030638039112091 1.1742889881134033 2.0528876781463623
1.0820956230163574 1.1804882287979126 1.0480371713638306
-0.09854260832071304 -0.33467310667037964 2.5010123252868652
1.456222414970398 -0.6211355924606323 -2.2234046459198
-0.7604565620422363 1.185882329940796 0.9735120534896851
1.2058762311935425 1.1571171283721924 -2.2164292335510254
-0.277799516916275 1.179776668548584 2.5330517292022705
1.4215190410614014 0.36704814434051514 2.0008702278137207
0.2946450710296631 0.8886420726776123 0.8211666345596313
0.5068221688270569 1.1708701848983765 -0.5436809659004211
-0.9747632741928101 1.1781525611877441 1.0101640224456787
0.10964999347925186 1.169804573059082 1.632439136505127
-1.1784062385559082 1.221337914466858 2.799246311187744
1.6738392114639282 0.16910701990127563 -2.3926987648010254
-0.8196588754653931 1.1758671998977661 0.8582271933555603
-1.1068415641784668 1.2072947025299072 2.3925282955169678
0.4000568985939026 1.1786435842514038 -1.9430620670318604
1.6972286701202393 1.0506000518798828 -2.8010687828063965
1.7419935464859009 1.091230869293213 -2.3237762451171875
0.6897425055503845 1.183019995689392 2.8762154579162598
0.09350161254405975 1.1926031112670898 0.8711684942245483
1.4851257801055908 0.81830894947052 -1.060402750968933
-0.57303786277771 1.174101710319519 -0.5936261415481567
-0.0558994859457016 -0.49791577458381653 -2.645827293395996
-0.8562987446784973 0.13078182935714722 2.5136866569519043
-0.6641936302185059 1.1670844554901123 -0.7772788405418396
0.43777579069137573 -0.3617638349533081 -2.334803581237793
-1.2228001356124878 -0.4542332887649536 2.1821088790893555
0.9484903812408447 -0.31178122758865356 -2.605959892272949
-0.12750017642974854 1.1764676570892334 -0.38336360454559326
1.6858099699020386 -0.7499052286148071 2.5745081901550293
0.35316234827041626 0.8186958432197571 -0.5442427396774292
1.1789308786392212 -0.6731114983558655 2.5948283672332764
0.2695239782333374 1.0145319700241089 -0.5472494959831238
1.7341758012771606 1.098745346069336 -1.4195835590362549
0.6362299919128418 -0.30056896805763245 -2.6350910663604736
-1.1025127172470093 0.9068034887313843 -1.1751011610031128
-0.5328497290611267 1.1734240055084229 -0.1761326938867569
-0.9726064205169678 -0.10932716727256775 2.610908269882202
1.7025790214538574 1.0915504693984985 0.6986067295074463
1.0034880638122559 0.9821309447288513 -0.9757421016693115
-0.7253185510635376 0.9684609174728394 -1.0796620845794678
0.8328553438186646 1.176826000213623 -1.7279046773910522
0.09681357443332672 0.81232750415802 -2.318679094314575
-0.4959397614002228 1.177783489227295 1.029900312423706
1.5122883319854736 -0.6895694732666016 2.0327577590942383
-1.1807774305343628 1.1797910928726196 -0.33284634351730347
0.18545326590538025 1.173144817352295 0.15470144152641296
-1.2697727680206299 0.9869859218597412 1.0710400342941284
0.7795782089233398 -0.6732581853866577 2.504211902618408
0.9684333801269531 0.03477942943572998 2.578153371810913
-0.11764644831418991 -0.423433780670166 2.5088281631469727
-0.9396519064903259 0.6517549157142639 2.5852458477020264
-0.1366690844297409 0.9709687232971191 -1.671507477760315
-0.9793359637260437 -0.15494506061077118 -2.711052417755127
0.33911195397377014 0.9253416061401367 0.24457389116287231
-0.1488005667924881 0.9685467481613159 0.26353323459625244
0.227004736661911 0.9339752197265625 2.5789873600006104
0.8306533098220825 1.170228362083435 -1.288651466369629
0.9025580286979675 0.9859923720359802 1.7892149686813354
1.3735554218292236 0.9618024826049805 -0.4003504514694214
-0.5461534261703491 0.8008342981338501 -2.35146427154541
0.5684398412704468 0.9949090480804443 -2.5989367961883545
0.2866722345352173 -0.23055574297904968 2.210080623626709
0.4092251658439636 0.9816901683807373 2.726797580718994
-0.6613766551017761 0.9698272943496704 2.6171600818634033
-1.1334091424942017 0.2196006029844284 2.640669584274292
0.6500358581542969 0.9705091118812561 -1.4532657861709595
1.0666965246200562 0.21545472741127014 2.563368320465088
-0.5667201280593872 0.9748422503471375 -1.7651793956756592
1.0895689725875854 0.427415132522583 -2.237356662750244
1.651776909828186 0.8689212203025818 -1.2420432567596436
0.19248203933238983 0.9087662696838379 -1.4099432229995728
1.007231593132019 1.1878875494003296 0.320913702249527
1.695832371711731 1.1017231941223145 1.511952519416809
-1.2072360515594482 1.1899702548980713 0.18898510932922363
1.4326159954071045 0.8313976526260376 1.5723156929016113
0.5539398789405823 1.177264928817749 2.2469751834869385
-0.2436094731092453 -0.283098042011261 2.192965030670166
-0.6193051934242249 1.175776481628418 1.5215309858322144
0.8918954133987427 0.3188910484313965 2.555406093597412
1.3392183780670166 0.9791399240493774 0.3957352936267853
-1.1453771591186523 0.07713381201028824 -2.7081449031829834
0.8650118112564087 0.9460709095001221 2.1362857818603516
1.649758219718933 -0.46832865476608276 -2.611091136932373
-0.7159724235534668 0.6331342458724976 2.3954126834869385
-0.6987788677215576 1.1786589622497559 0.7699598073959351
-1.1222906112670898 0.9106346964836121 -1.1423949003219604
-1.1846555471420288 -0.7486616373062134 2.3967978954315186
-0.14714756608009338 1.2041187286376953 0.6829178333282471
-0.841435968875885 -0.4583727717399597 2.313953399658203
0.6504082083702087 1.1772243976593018 -2.2133333683013916
-1.1857749223709106 -0.0018379390239715576 -2.7072343826293945
0.8882056474685669 0.5136815309524536 2.531186580657959
0.09223350882530212 0.9394728541374207 2.040987014770508
1.0829530954360962 0.9792596101760864 0.45102909207344055
1.4048227071762085 1.1964738368988037 -1.2999154329299927
-0.13343319296836853 0.9759972095489502 -0.8677533864974976
1.268874168395996 0.8382886648178101 -2.156275987625122
-0.05810815840959549 -0.23614966869354248 -2.6805458068847656
1.4774223566055298 1.1845226287841797 -0.7182421088218689
-0.20429758727550507 1.1905494928359985 2.4984824657440186
-0.05660724639892578 0.9062449932098389 2.1823863983154297
0.4154435694217682 1.1802037954330444 1.4316329956054688
-1.2261512279510498 0.92635178565979 -1.2102001905441284
1.3690911531448364 0.9949980974197388 -1.3631082773208618
-0.9080206155776978 -0.6917603015899658 -2.478973865509033
-1.3044257164001465 1.0095436573028564 0.3516870439052582
-0.756073534488678 0.9486263394355774 2.2007200717926025
-0.21992193162441254 1.1584564447402954 0.416450172662735
0.6894766688346863 0.8989769816398621 -2.6570560932159424
1.6534488201141357 0.782135546207428 1.9761992692947388
1.5526689291000366 1.1807670593261719 0.03370281308889389
-1.2243844270706177 -0.47540703415870667 2.1869380474090576
-0.4984135031700134 1.1731213331222534 2.8476083278656006
0.426663339138031 1.1873915195465088 -2.510681390762329
0.9347976446151733 1.1780799627304077 1.2245831489562988
1.6701327562332153 0.9600149989128113 -2.499927282333374
-0.13789357244968414 1.1765552759170532 2.1510889530181885
0.2640840709209442 1.1698083877563477 -2.067817211151123
0.2571781277656555 -0.496992826461792 -2.657374143600464
-0.6903854012489319 1.168745994567871 1.6511962413787842
1.7067530155181885 1.0373281240463257 2.363980770111084
-1.2146062850952148 1.2195110321044922 2.8786237239837646
-0.5456520318984985 1.1755623817443848 0.542376697063446
1.6926980018615723 -0.15144145488739014 2.0256454944610596
0.16432303190231323 0.8519324660301208 0.6074798107147217
-0.751848042011261 0.9703032970428467 1.466748833656311
0.9393489956855774 0.9761384725570679 -0.6302444338798523
-1.075188398361206 1.1855599880218506 1.2605215311050415
0.1889479160308838 1.136663794517517 2.917029619216919
-1.0477830171585083 0.9441323280334473 0.3955995738506317
-0.5610085129737854 0.9689927101135254 0.012636614963412285
-1.221450924873352 -0.1944517195224762 -2.2873165607452393
1.3961833715438843 0.9611156582832336 1.9384194612503052
1.3104757070541382 1.1716582775115967 0.44958776235580444
1.5043432712554932 0.8146424293518066 -0.8409505486488342
-1.2419557571411133 0.9519432783126831 -1.5787267684936523
0.9218634963035583 0.9838557839393616 0.2881557047367096
-0.6895329356193542 0.9872303605079651 2.7926764488220215
-0.962456464767456 0.43786802887916565 -2.6862850189208984
-0.2738450765609741 1.176277756690979 -0.36544299125671387
0.925194263458252 1.168173909187317 2.2963645458221436
0.1297050416469574 0.7943695783615112 2.550642251968384
1.6135618686676025 0.8081763982772827 -1.4043511152267456
0.4467430114746094 0.7320111393928528 2.3444268703460693
-1.2224078178405762 0.8878914713859558 2.461575984954834
0.3154391944408417 1.1665748357772827 -1.8518141508102417
1.1139261722564697 -0.4178696572780609 -2.3816335201263428
0.13435271382331848 -0.39932483434677124 -2.3380115032196045
-0.949496865272522 -0.697826623916626 -2.4202218055725098
1.1962851285934448 -0.4854368567466736 -2.295650005340576
-1.3238455057144165 0.9574088454246521 2.254525661468506
0.9152995944023132 1.0016474723815918 2.912827730178833
-0.2400570511817932 1.180079698562622 0.63481205701828
1.1769874095916748 0.49410563707351685 2.4970216751098633
-0.19475802779197693 1.1857937574386597 -1.55690598487854
1.4506429433822632 -0.1672266721725464 2.5484495162963867
-0.23709511756896973 0.8889807462692261 1.6907740831375122
-1.0694552659988403 0.8594753742218018 -0.8448312878608704
-1.234302043914795 0.964141845703125 0.5590472221374512
0.6947034001350403 1.0875027179718018 0.3700053095817566
1.112908959388733 0.26057958602905273 2.2400872707366943
0.6488441228866577 1.1753654479980469 -0.8914996981620789
1.1447879076004028 1.1962673664093018 0.32849282026290894
-0.6530061960220337 1.1780990362167358 1.5106260776519775
1.6470288038253784 -0.5836107730865479 -2.4634158611297607
1.2508872747421265 -0.28475818037986755 -2.6413331031799316
0.4256053566932678 1.1534202098846436 -1.7300158739089966
1.4088510274887085 0.2434666007757187 -2.132021188735962
0.4483509063720703 0.8628172874450684 -1.296797752380371
0.701387882232666 1.0691416263580322 0.4074244499206543
0.7056796550750732 0.9062153100967407 -0.01708819903433323
-1.2620633840560913 1.1559176445007324 -1.4687951803207397
0.27028360962867737 0.976208508014679 -2.600029230117798
0.9536581635475159 1.1843031644821167 0.13030844926834106
0.8761430382728577 1.1591583490371704 -2.869976282119751
-1.169765591621399 0.3743760585784912 2.1693365573883057
-0.8160330653190613 -0.616133987903595 -2.7296953201293945
-1.2128841876983643 0.17902185022830963 -2.2380459308624268
-0.28268295526504517 1.174352765083313 1.3116530179977417
1.6615073680877686 1.0292145013809204 2.475566864013672
0.07336641848087311 0.9848359823226929 -0.9986397624015808
0.853545606136322 1.1850976943969727 0.5873228907585144
-0.3858279883861542 1.1773219108581543 -2.4148151874542236
1.5501002073287964 -0.7343213558197021 2.4294161796569824
1.10402250289917 0.11437660455703735 2.5251739025115967
1.042262315750122 1.1855489015579224 -1.5850601196289062
0.17658255994319916 0.8002216815948486 1.268065094947815
0.6792310476303101 0.8178883790969849 2.5094854831695557
1.6761335134506226 0.6205883622169495 -2.473482131958008
1.4330556392669678 0.8257915377616882 1.8509159088134766
1.643361210823059 0.9354482293128967 2.4544177055358887
1.5111057758331299 -0.7228779196739197 2.1796116828918457
1.4850497245788574 -0.676379919052124 2.189850091934204
-0.8045122623443604 0.11229906976222992 2.602489948272705
0.8665471076965332 1.1844353675842285 -1.804133415222168
-0.8713768720626831 0.5885363817214966 2.2912442684173584
-1.3459837436676025 1.1624839305877686 0.8903964161872864
1.5902273654937744 0.8104885816574097 0.19463026523590088
-1.0100581645965576 -0.6680485606193542 -2.3133625984191895
0.258302241563797 1.1634687185287476 0.5845679640769958
1.2767598628997803 1.0030959844589233 0.2509317398071289
0.5047856569290161 0.8965729475021362 -0.5908664464950562
-0.19132238626480103 -0.32061415910720825 2.5018739700317383
1.5681161880493164 0.3193955719470978 2.558765172958374
-1.3148598670959473 -0.5874041318893433 2.317352294921875
-0.8215342164039612 1.1807825565338135 2.512674570083618
0.6652694344520569 0.8646236658096313 0.676328182220459
0.0018447712063789368 -0.35961440205574036 -2.692246675491333
-1.0069236755371094 0.38545387983322144 2.181701183319092
-0.18267770111560822 -0.20195415616035461 2.349090576171875
-0.8335632681846619 1.173104166984558 -2.199477195739746
1.7025066614151 1.1040050983428955 -2.887479782104492
-0.6923011541366577 0.9695438146591187 0.021226469427347183
0.5397693514823914 1.1963170766830444 -2.623246192932129
0.14975479245185852 1.1786139011383057 -2.442173480987549
1.1226208209991455 1.1808345317840576 -0.7232226133346558
-1.0065640211105347 1.1736152172088623 -1.051980972290039
1.6543829441070557 0.3545228838920593 2.2351276874542236
-0.09908430278301239 0.7880151271820068 -2.497023820877075
-0.5437503457069397 1.1989942789077759 -2.814594030380249
-0.3553411662578583 1.1765713691711426 0.650189995765686
-1.3339200019836426 1.0427463054656982 -0.7288471460342407
1.6937037706375122 -0.40508225560188293 -2.4371516704559326
-0.4476054310798645 -0.38627517223358154 2.187330722808838
-1.297094464302063 0.9371285438537598 2.411190986633301
-1.3555017709732056 1.06826651096344 1.3101967573165894
-0.6994216442108154 0.9709577560424805 -0.7346526980400085
-0.6302765011787415 -0.5435651540756226 2.3458094596862793
-0.705538272857666 1.1727598905563354 -2.1990606784820557
1.537967324256897 0.8371372222900391 0.2350020408630371
1.465171456336975 0.5529332756996155 2.4547111988067627
-0.6729921102523804 1.175829529762268 2.6842970848083496
-0.29613786935806274 1.1768611669540405 0.909993052482605
-0.17212888598442078 -0.17440487444400787 -2.5100317001342773
-0.09941014647483826 0.900090217590332 1.6844819784164429
0.06867227703332901 1.1726804971694946 1.4189801216125488
1.5444464683532715 1.1723219156265259 -1.4254088401794434
-1.2919381856918335 1.0040394067764282 -2.2019951343536377
-1.1437394618988037 -0.37078604102134705 2.1706700325012207
-0.8535928726196289 0.968071460723877 -0.8625373244285583
1.5512263774871826 0.8939208388328552 -1.9393404722213745
1.6026780605316162 0.9466311931610107 2.4253501892089844
-0.9313545227050781 1.1767288446426392 0.6049122214317322
-0.8568483591079712 -0.55721116065979 -2.3649704456329346
1.7107534408569336 0.059256523847579956 2.068612813949585
1.6640174388885498 0.8652726411819458 -2.0137288570404053
1.6332106590270996 -0.6309592723846436 -2.231570243835449
-0.9833403825759888 0.07395975291728973 -2.167382001876831
0.24508246779441833 0.9735133647918701 -1.1059468984603882
-1.1118320226669312 0.024738416075706482 -2.149752378463745
0.5940892696380615 0.8414734601974487 0.5441592931747437
-0.755687952041626 0.9771876335144043 0.7821844220161438
0.9547030329704285 0.9239586591720581 2.538922071456909
0.8271852135658264 0.9595052003860474 2.1660196781158447
-0.8708558678627014 0.2238474190235138 -2.240251302719116
1.3356759548187256 1.1773611307144165 2.3647825717926025
-1.2239031791687012 0.9326291084289551 0.25026655197143555
-0.7309262752532959 0.9651854038238525 -1.3125114440917969
1.6888427734375 0.3292837142944336 2.4960010051727295
1.2768410444259644 1.1827744245529175 0.5953755974769592
0.3501274585723877 0.9888619780540466 2.7375435829162598
1.3055285215377808 1.1795103549957275 2.7028610706329346
1.214404821395874 0.9677750468254089 -2.0232651233673096
-1.3171707391738892 0.2135348618030548 2.4536712169647217
-0.8692228198051453 1.1659473180770874 -1.1778923273086548
0.11919409036636353 0.9691681861877441 -1.497917652130127
1.0318281650543213 0.4526829719543457 2.538687229156494
1.6967239379882812 -0.029930487275123596 2.412348747253418
1.1980420351028442 0.5992541313171387 2.2058427333831787
1.6792237758636475 1.1679269075393677 0.5590720772743225
1.1001511812210083 1.178043246269226 -2.5576171875
-0.04422367364168167 0.9754770994186401 -1.7260593175888062
-0.3067861497402191 0.9509579539299011 0.3896026313304901
-1.32017982006073 1.0156402587890625 -0.32481849193573
-1.2001429796218872 -0.07405191659927368 -2.6896591186523438
-1.0903414487838745 0.9755631685256958 -2.8513426780700684
0.6893373727798462 0.9347724318504333 0.20341083407402039
-0.8729766011238098 0.8940152525901794 -2.6716113090515137
-1.1110984086990356 0.6353359818458557 2.162595272064209
-0.5809624195098877 0.9836021661758423 2.517831325531006
-1.0811761617660522 0.7210898399353027 -2.736745595932007
-1.3156441450119019 1.1503769159317017 -1.220605492591858
0.9776942133903503 0.44030991196632385 2.2096338272094727
0.9362134337425232 1.175747036933899 2.185800552368164
-0.35123223066329956 1.1750903129577637 0.5750018954277039
-1.2564924955368042 1.0611400604248047 2.8722848892211914
-0.1803060621023178 0.9251618981361389 2.6321804523468018
1.4691684246063232 -0.7209142446517944 2.144274950027466
-1.2971563339233398 0.07979367673397064 2.2275352478027344
1.6707549095153809 -0.42545902729034424 -2.5534181594848633
-1.1520978212356567 -0.7310740947723389 -2.6155481338500977
-0.1264457404613495 0.916073203086853 2.2825124263763428
0.49843668937683105 0.8122426867485046 -0.5680573582649231
1.3487755060195923 -0.42519134283065796 2.4953510761260986
-0.9221644401550293 0.11787377297878265 2.5835013389587402
0.6919994354248047 0.5759795904159546 -2.5515646934509277
1.689933180809021 1.1753182411193848 -2.7427666187286377
1.3328958749771118 1.176892638206482 -2.4908204078674316
0.2072795331478119 0.9291117787361145 0.35066312551498413
1.1681026220321655 1.1681251525878906 -1.7958226203918457
-0.5151433348655701 1.1898735761642456 -2.791825532913208
-0.26171159744262695 0.8017293214797974 -2.6168103218078613
-0.44253918528556824 -0.3236624598503113 2.525911808013916
0.31879544258117676 0.8641530871391296 0.9062519073486328
0.25725966691970825 -0.19133809208869934 -2.689509153366089
-0.9801689386367798 0.13634280860424042 -2.193622350692749
-0.0920049324631691 0.7934157848358154 -2.4055967330932617
1.5569616556167603 0.8214148283004761 1.3155498504638672
-0.8058379888534546 -0.26037707924842834 -2.2260470390319824
0.942163348197937 0.9878080487251282 -0.15387271344661713
-1.1333435773849487 -0.19141535460948944 -2.723635196685791
0.38483041524887085 1.1740968227386475 -0.9199193120002747
0.184846431016922 1.1635563373565674 1.2966915369033813
-1.331712245941162 1.011953353881836 0.7486070990562439
-1.102397084236145 -0.5367245674133301 2.1829495429992676
-0.26885688304901123 -0.2114112675189972 -2.666288137435913
1.5255022048950195 1.181142807006836 -1.704395055770874
-1.057723879814148 -0.7012813091278076 2.3127574920654297
0.2662307918071747 1.1759120225906372 1.0955370664596558
0.7802401185035706 0.8948136568069458 -2.6962924003601074
-0.747422993183136 0.9903627634048462 1.1485482454299927
-1.1814463138580322 0.90770423412323 0.18175648152828217
-0.5794061422348022 0.9673857092857361 0.20007631182670593
1.3166000843048096 -0.7102739810943604 -2.2079315185546875
1.3005656003952026 0.9837284088134766 0.6959462761878967
0.7077686190605164 1.1728018522262573 -1.1310522556304932
1.6589001417160034 -0.5364652276039124 -2.5676887035369873
-0.8427973389625549 1.1781947612762451 -0.8517923951148987
-0.9006153345108032 1.1832945346832275 -1.053794026374817
0.6441346406936646 1.0725982189178467 2.9204518795013428
0.9954550862312317 -0.7022800445556641 2.16874623298645
1.7299463748931885 1.1551803350448608 -1.927152395248413
-0.7920445799827576 1.0517945289611816 2.923496961593628
-0.8919925689697266 1.175760269165039 -1.528237223625183
-0.2446589171886444 1.1688752174377441 -1.457688570022583
0.45798641443252563 -0.21601445972919464 -2.345780611038208
-0.7244242429733276 0.966699481010437 -1.0260213613510132
0.5527531504631042 -0.5253599882125854 -2.432734727859497
-1.3035070896148682 -0.36526763439178467 2.5395870208740234
-0.158015638589859 0.9511900544166565 1.5253256559371948
-0.028420105576515198 -0.2161335051059723 2.3116514682769775
1.0481141805648804 0.9816024899482727 1.1183732748031616
1.714625358581543 1.0509752035140991 -0.35655635595321655
1.6513090133666992 0.9400641918182373 2.1319172382354736
0.027296684682369232 0.9662437438964844 2.5690371990203857
-0.26036763191223145 1.1762226819992065 2.550389051437378
1.1844826936721802 0.27473151683807373 -2.1583092212677
-0.9546812176704407 1.173244595527649 1.115084171295166
-1.2550184726715088 1.1883825063705444 1.8054572343826294
1.3039031028747559 0.9856988191604614 0.04448569938540459
-0.9155487418174744 0.9385944604873657 -2.117147445678711
0.8885906934738159 1.1743500232696533 2.4334142208099365
1.5743433237075806 1.1782803535461426 2.1220359802246094
0.7840166091918945 1.1336655616760254 2.9055275917053223
-1.06928288936615 1.176419734954834 -1.8908050060272217
0.8698323369026184 -0.013842284679412842 2.286224365234375
-1.1025784015655518 1.1845210790634155 1.6750211715698242
1.575142741203308 1.121181607246399 -2.9025156497955322
0.2504662871360779 0.9673287272453308 -1.6857035160064697
0.11749118566513062 1.174182653427124 0.9537789821624756
1.6332958936691284 1.1755638122558594 1.8040128946304321
-0.4362046718597412 1.171221137046814 -2.1919326782226562
0.7662069797515869 1.128839373588562 2.0045344829559326
-1.0247946977615356 0.8976826667785645 1.8734511137008667
-0.4066155254840851 -0.4639906585216522 -2.5978751182556152
-0.1691322922706604 1.1795512437820435 -1.5777125358581543
0.7213230729103088 0.8784493207931519 2.1762797832489014
0.8721453547477722 -0.6421778202056885 2.3125360012054443
-0.33260124921798706 1.172394037246704 -0.3702637553215027
1.3445066213607788 -0.062492743134498596 -2.6744377613067627
0.2595348656177521 1.011608600616455 -2.8460304737091064
-0.9592790603637695 -0.38073331117630005 -2.2455945014953613
1.4095523357391357 1.0041711330413818 2.916595220565796
1.6174651384353638 -0.41254109144210815 -2.6242611408233643
1.696687936782837 -0.2994351089000702 -2.1955060958862305
1.1693278551101685 0.34345418214797974 -2.4957706928253174
0.4349827766418457 1.171134114265442 -1.955277681350708
1.734322190284729 1.0583863258361816 -2.8415207862854004
1.3926470279693604 0.9020848274230957 -2.0026283264160156
-0.6909516453742981 0.7254471182823181 2.5464768409729004
-0.6330534219741821 1.1727482080459595 -2.10819411277771
1.6748814582824707 1.0057896375656128 -0.8415900468826294
-1.3162821531295776 0.10279536992311478 2.2994189262390137
1.0275497436523438 -0.7086571455001831 2.4709343910217285
0.236458420753479 0.9829148054122925 -1.8775454759597778
0.67465740442276 0.8981898427009583 1.7663484811782837
0.9422165155410767 0.9823417663574219 0.3915882110595703
-0.229201078414917 -0.216721773147583 2.2565836906433105
0.8048825860023499 -0.3828113377094269 -2.627331018447876
0.8602943420410156 1.1917532682418823 1.5288530588150024
0.8998593688011169 0.9835864305496216 -0.856032133102417
-0.46475470066070557 1.1715620756149292 0.779850959777832
-0.2313426434993744 0.9665191173553467 0.8527304530143738
-0.5444056987762451 -0.4887714087963104 2.199845314025879
-1.0085667371749878 -0.1264621913433075 -2.2017409801483154
-1.2174556255340576 0.5276453495025635 -2.27103590965271
0.9245679378509521 0.9853153824806213 1.4179160594940186
1.4878367185592651 -0.7497763633728027 -2.35453462600708
0.07006794959306717 1.1830750703811646 2.812276840209961
1.2924036979675293 0.8359194993972778 -2.137439012527466
0.6687943935394287 0.8923474550247192 -0.5366876125335693
1.2058098316192627 1.212139368057251 -2.7626495361328125
0.29551059007644653 1.1723870038986206 -1.1804300546646118
0.5204558968544006 0.959896445274353 -2.185023307800293
-0.9070694446563721 0.9710068106651306 -0.970093309879303
-0.9808339476585388 1.1745017766952515 -1.3967338800430298
0.19984567165374756 1.1767406463623047 -1.8738200664520264
1.1486555337905884 0.24891716241836548 -2.182541608810425
1.497794270515442 -0.18057875335216522 2.0189528465270996
1.6516144275665283 1.1778149604797363 -1.8203649520874023
1.674641489982605 0.9016448855400085 -0.3297652006149292
-0.00546950101852417 1.1765066385269165 0.22202157974243164
-0.45751550793647766 0.9881988763809204 2.619861364364624
1.4444087743759155 -0.21495746076107025 -2.6487021446228027
-0.5467342734336853 0.9689167737960815 -1.872517466545105
1.3659781217575073 0.8406647443771362 -1.5306777954101562
-0.9095873832702637 1.1723862886428833 0.7328333258628845
1.544901967048645 -0.7184342741966248 2.077381134033203
-1.2326767444610596 -0.44219446182250977 -2.6458523273468018
0.5707746744155884 1.1984381675720215 2.708254337310791
1.1975258588790894 1.1916741132736206 -0.14993514120578766
0.6921037435531616 1.1723815202713013 -0.8410523533821106
0.21765127778053284 1.1718356609344482 1.4510256052017212
-0.1402178704738617 1.1752841472625732 -1.187652349472046
-0.9018404483795166 -0.4691040515899658 -2.6735148429870605
-0.650028645992279 0.9666445255279541 0.04447077587246895
0.2027672827243805 0.8467551469802856 2.6170923709869385
-0.5998940467834473 -0.37389302253723145 -2.7318506240844727
-1.2981882095336914 0.43819642066955566 2.546487331390381
-0.45201361179351807 1.213970422744751 2.8438377380371094
-1.292816162109375 1.0032563209533691 -1.026273488998413
0.1858370006084442 0.9944208264350891 2.8155057430267334
-1.043241024017334 1.1742883920669556 -2.324516534805298
-0.8816931247711182 -0.5947809219360352 2.267890691757202
1.1633340120315552 -0.33649763464927673 -2.6111977100372314
0.875733494758606 -0.1699303835630417 -2.4229490756988525
-1.3020000457763672 0.4868736267089844 2.5272185802459717
-0.8836787343025208 0.6811492443084717 -2.2436487674713135
-0.31095090508461 0.9738268852233887 1.7773218154907227
1.0291767120361328 0.6553076505661011 -2.316840887069702
1.0996026992797852 1.066088318824768 2.940891742706299
1.5853978395462036 0.31994348764419556 1.947494387626648
1.644338846206665 0.9614347219467163 -2.5018935203552246
1.2825616598129272 0.9588269591331482 -2.1403167247772217
-0.2279203236103058 1.1862276792526245 -2.88971209526062
-0.30157846212387085 -0.1596524715423584 -2.531904458999634
-0.6903513073921204 1.1658194065093994 -2.169936180114746
0.7274671196937561 1.1699509620666504 0.839310884475708
-1.1935945749282837 0.9521389007568359 1.4858800172805786
0.6977480053901672 1.1809853315353394 0.5963807106018066
1.5444639921188354 1.2290210723876953 1.462953805923462
1.3886444568634033 0.19759897887706757 1.9426554441452026
-1.1239179372787476 1.1792452335357666 -2.7298319339752197
1.4229893684387207 1.1800915002822876 -2.0800068378448486
1.2764967679977417 0.6879469752311707 2.5202269554138184
-0.5722737908363342 -0.46942347288131714 -2.5414280891418457
-0.7813872694969177 -0.40178170800209045 2.5373659133911133
-1.3166722059249878 -0.5298334956169128 2.365746021270752
1.6183072328567505 0.7937484383583069 2.431532382965088
-1.1579910516738892 0.46153295040130615 2.4440464973449707
-0.9396329522132874 -0.4194338619709015 2.626436233520508
-0.9367781281471252 1.1720434427261353 -2.035741090774536
-0.9298100471496582 0.8895847201347351 -2.669630527496338
-1.2257740497589111 -0.21159321069717407 -2.281686305999756
0.6434243321418762 -0.5587404370307922 2.310213804244995
-1.31765615940094 1.1757067441940308 1.0932412147521973
1.209402084350586 -0.5390641093254089 2.3478152751922607
0.5206618905067444 1.1727203130722046 -0.6007260084152222
-1.3276422023773193 1.0526137351989746 2.017026901245117
-0.11653320491313934 -0.16954898834228516 -2.494946241378784
1.2155394554138184 0.9802557229995728 -0.09556381404399872
-0.6179056167602539 0.956242024898529 -1.3782414197921753
-0.8477226495742798 -0.11842420697212219 2.2126152515411377
0.6502031087875366 0.8732781410217285 0.3468707501888275
0.12152279913425446 1.1677968502044678 -0.9464610815048218
-0.753455638885498 1.183422327041626 -1.206697702407837
1.3554078340530396 1.1840296983718872 -2.823704481124878
0.63965904712677 1.1719437837600708 1.9578546285629272
1.4051785469055176 0.9751296043395996 -1.507872223854065
0.023272011429071426 0.737561047077179 2.2614901065826416
0.4146093726158142 0.7491425275802612 2.342456102371216
-0.16214509308338165 0.983665943145752 -2.7517001628875732
1.6911953687667847 -0.1492321491241455 -2.204385757446289
-0.3100704550743103 1.1725850105285645 1.4417502880096436
-0.39468592405319214 0.7370768189430237 2.5333316326141357
-1.202587366104126 -0.5233697295188904 -2.6905879974365234
1.0733662843704224 0.4857082962989807 2.560429334640503
-1.2988628149032593 1.0078957080841064 -1.8465991020202637
0.2098970115184784 0.8318533301353455 -2.647871732711792
1.2660397291183472 -0.3360101282596588 2.154585361480713
1.6643329858779907 0.12699885666370392 2.15320086479187
1.4689115285873413 0.877826988697052 -0.6934516429901123
0.15386727452278137 -0.5281866192817688 -2.504415512084961
1.391356110572815 0.2152434140443802 2.0921530723571777
-1.19697105884552 0.9594686031341553 1.7601611614227295
1.0507315397262573 1.190412163734436 -1.9648616313934326
0.416577011346817 1.1747082471847534 0.9637923836708069
0.6228559017181396 1.2229604721069336 2.752000093460083
1.0864965915679932 1.1771949529647827 -1.6932803392410278
-0.8033361434936523 0.9569644331932068 0.3926219940185547
0.9959107637405396 0.9465605616569519 -2.466404438018799
-1.0272793769836426 1.1772031784057617 2.6261024475097656
1.2629843950271606 -0.42336270213127136 2.514359712600708
0.08104735612869263 1.2160240411758423 -2.6499619483947754
1.6978057622909546 1.0088059902191162 1.1213853359222412
-0.9640448093414307 0.5235258340835571 -2.218829393386841
0.40608033537864685 0.9735037088394165 -2.037459135055542
-1.3339762687683105 1.0919876098632812 1.7280657291412354
-0.613024890422821 -0.11980025470256805 -2.3751728534698486
-0.455025315284729 -0.3261107802391052 -2.282362699508667
-1.033765196800232 0.2890363335609436 -2.7043800354003906
0.6034536361694336 1.1770280599594116 0.17731618881225586
1.2354357242584229 -0.5707640051841736 2.5014054775238037
1.5627336502075195 0.23675113916397095 -2.1406350135803223
1.6851471662521362 1.1368191242218018 0.53465336561203
-0.1504327654838562 0.9013947248458862 -0.5713205337524414
-0.21472865343093872 0.8935257196426392 -2.655592203140259
1.5130869150161743 0.7851464152336121 -1.883952021598816
0.2641093134880066 1.1751000881195068 0.2350928783416748
-0.11987508833408356 -0.29604220390319824 -2.693906784057617
1.698767066001892 -0.2625543177127838 -2.5086331367492676
-0.05800306797027588 1.0562275648117065 2.902897357940674
-0.4200211763381958 -0.4628326892852783 -2.4673752784729004
-0.7063688039779663 0.7107422351837158 -2.6123969554901123
-0.7342917919158936 1.1759998798370361 -0.5275647044181824
-1.1123478412628174 0.9537593126296997 0.21316717565059662
0.7475327253341675 1.1750799417495728 2.2581899166107178
-1.2210590839385986 -0.4134542942047119 -2.5848910808563232
1.017004132270813 -0.05659177899360657 -2.261854887008667
-0.7948479652404785 0.963276743888855 2.641069173812866
0.35691168904304504 1.2102402448654175 -2.761883020401001
-0.5595704913139343 1.1723387241363525 1.1412651538848877
0.2965523600578308 0.8303022980690002 0.41434603929519653
-1.2132072448730469 1.1805365085601807 -0.27202263474464417
1.6564663648605347 0.937427282333374 -1.5908654928207397
-1.3125420808792114 0.3051765263080597 2.477564573287964
-0.4999375343322754 0.8562444448471069 -2.6229748725891113
-0.1395171582698822 0.987849235534668 -2.1201255321502686
-1.303971767425537 -0.24020637571811676 2.298344850540161
1.4087786674499512 0.9812487959861755 -1.241334080696106
0.8185833096504211 0.7659415006637573 2.220855712890625
-0.5102263689041138 -0.5370538234710693 2.4174954891204834
0.9944400787353516 0.9833763837814331 1.405102014541626
1.6796799898147583 1.1437088251113892 2.88274884223938
1.0646650791168213 0.9729139804840088 -1.3589922189712524
-0.9098995327949524 0.9650447368621826 -1.209195613861084
1.4005767107009888 0.97176194190979 1.3315140008926392
0.08737550675868988 0.842903733253479 2.2414133548736572
0.9519120454788208 0.9843434691429138 1.4586284160614014
1.6041678190231323 0.5074507594108582 2.545356512069702
-0.6551693081855774 0.9597799777984619 -2.285221576690674
-0.6309990286827087 1.188616394996643 2.8451197147369385
0.023241400718688965 1.176296353340149 1.6389572620391846
0.3843849301338196 0.8319630026817322 -0.44069674611091614
-0.12143895775079727 1.1636368036270142 -0.703813910484314
-0.7788891196250916 1.1824865341186523 0.9699952602386475
1.4414621591567993 1.1757307052612305 -1.7028179168701172
1.1346296072006226 -0.4923301935195923 -2.286081314086914
1.5744925737380981 0.09681791812181473 -2.637362003326416
-1.2974591255187988 1.1822161674499512 1.8650389909744263
0.8086678385734558 1.1757164001464844 -1.4523392915725708
1.7083674669265747 1.04353928565979 -0.48782071471214294
1.4440277814865112 0.8765822649002075 0.19908514618873596
-0.1986733078956604 -0.44807982444763184 2.174837589263916
-0.3492361903190613 1.1808663606643677 -1.9517340660095215
-1.2824174165725708 -0.6979802846908569 2.223445177078247
1.708695411682129 -0.3194963335990906 2.238987445831299
-0.2728409767150879 0.9485595226287842 -0.3439481854438782
-0.49243348836898804 -0.5154582262039185 2.256263494491577
0.06194257363677025 1.2053122520446777 2.836033821105957
-1.1426126956939697 1.177778959274292 -1.1542739868164062
0.7321678996086121 0.8643101453781128 0.7490367889404297
0.8314447999000549 0.38562196493148804 -2.4348559379577637
-1.1135059595108032 1.1708543300628662 -0.17810191214084625
-0.5429063439369202 1.1726661920547485 -0.2876109480857849
-1.2911127805709839 0.9371240139007568 -0.14242736995220184
-1.0559182167053223 0.9575783014297485 1.6028372049331665
0.09653078019618988 1.1785939931869507 2.506258487701416
-0.3844081163406372 1.174393653869629 -0.4990365505218506
-1.029754877090454 0.9264252185821533 1.5731650590896606
1.1131151914596558 0.40689516067504883 -2.386039972305298
-0.3708515167236328 -0.16706354916095734 -2.5933682918548584
-0.5839008688926697 1.175478458404541 -0.3033536970615387
-0.07884615659713745 0.814527153968811 1.541491985321045
-0.9691045880317688 0.3600187301635742 -2.7033491134643555
0.9836946725845337 0.13242776691913605 -2.2824583053588867
0.5603618025779724 0.7397627830505371 2.308183431625366
-0.032895609736442566 0.9711434841156006 1.8764281272888184
-1.3288568258285522 1.1050673723220825 -2.7001571655273438
-1.2485525608062744 0.23169487714767456 -2.531341075897217
1.4310951232910156 0.5711547136306763 1.9968770742416382
-0.9167495369911194 1.1743385791778564 2.492380380630493
-1.209194302558899 -0.23294296860694885 2.1969456672668457
0.6773515343666077 1.0274240970611572 -2.8518471717834473
0.6883760690689087 1.1943671703338623 -2.8220503330230713
1.6370213031768799 0.8187875151634216 -0.9634761214256287
-0.11589772999286652 0.9353063106536865 -0.5064035654067993
0.8870677947998047 -0.47337600588798523 -2.516242742538452
-0.08921236544847488 1.1709072589874268 -0.005453897640109062
1.6645625829696655 0.6008656024932861 -2.576927900314331
0.7357717156410217 -0.09695709496736526 -2.4130959510803223
1.3209874629974365 -0.7018114328384399 2.0483906269073486
0.49774396419525146 1.1710045337677002 0.19010020792484283
0.21897494792938232 1.1701819896697998 -0.1912258267402649
-1.2886688709259033 1.033673882484436 2.823491334915161
0.8848456740379333 0.10413525253534317 2.3267879486083984
-0.44841891527175903 0.9859041571617126 -2.786944627761841
0.8213369250297546 0.9843508005142212 -2.8034770488739014
1.4632186889648438 0.8697654008865356 0.4868936836719513
-1.3102103471755981 -0.6882287859916687 2.44707989692688
1.5706918239593506 -0.6920527219772339 2.7788195610046387
1.2221978902816772 -0.1113387942314148 -2.568100690841675
-0.23754854500293732 1.1689434051513672 -0.5754815340042114
1.0144679546356201 0.976909875869751 -0.6926260590553284
-0.869202733039856 0.8797429203987122 -0.44238772988319397
-0.25918954610824585 1.1773654222488403 -2.375349521636963
-1.0133130550384521 0.45475316047668457 -2.7104170322418213
0.5620542168617249 0.837311327457428 1.4876337051391602
-0.43363165855407715 1.1777336597442627 -2.7311723232269287
1.5062228441238403 -0.7310394644737244 2.298368453979492
0.681452751159668 0.9797683954238892 -1.0969581604003906
-0.054355643689632416 0.9672969579696655 0.4033156931400299
1.5013889074325562 0.8244260549545288 0.5465388894081116
-1.214591145515442 -0.0455794483423233 2.1632251739501953
1.4105119705200195 0.972499430179596 -0.7697873115539551
1.5856200456619263 0.24213546514511108 -2.6313631534576416
-0.77149897813797 1.1781177520751953 1.6835505962371826
1.6731926202774048 -0.31862276792526245 -2.5472981929779053
0.22492635250091553 1.1671026945114136 1.7783288955688477
-1.016078233718872 1.1775306463241577 0.3588152527809143
1.2435911893844604 1.1804633140563965 0.12232864648103714
-0.8456414937973022 0.21260860562324524 -2.568540573120117
-1.3322349786758423 1.1084531545639038 -2.6424572467803955
-1.3199527263641357 1.1585471630096436 -0.6326150894165039
-1.2092750072479248 0.32129597663879395 -2.6820127964019775
0.4598214328289032 -0.16178594529628754 -2.469224214553833
0.2675205171108246 0.9557967185974121 0.395070344209671
1.3196182250976562 1.1929476261138916 -0.5819002985954285
-1.06279718875885 -0.7516106367111206 -2.4514777660369873
0.9016503095626831 0.1315026879310608 2.2817089557647705
0.8309615850448608 1.1787539720535278 -2.2091586589813232
1.738720417022705 1.0595780611038208 -0.4258301258087158
0.2538869082927704 0.8749071359634399 2.1266109943389893
1.3555537462234497 0.9680429697036743 1.7609716653823853
1.5353326797485352 0.4817729592323303 -2.139812469482422
1.4208869934082031 0.8061659336090088 -1.712894320487976
-0.23474639654159546 0.9565029144287109 -2.2768917083740234
-0.04043857008218765 1.1811901330947876 0.35112178325653076
1.330248236656189 1.1793911457061768 -0.7758458852767944
-0.8081398010253906 1.1779595613479614 1.573049783706665
1.0925661325454712 0.9780739545822144 -1.2205156087875366
1.3082289695739746 -0.4990622103214264 2.132071018218994
-0.23987895250320435 0.9744048118591309 -1.4837628602981567
-1.0840740203857422 1.1863046884536743 -2.30051589012146
-0.04235761985182762 1.1805431842803955 -0.9258371591567993
-0.7357378005981445 0.9736474752426147 -0.06415416300296783
1.0344821214675903 0.49472659826278687 2.547746181488037
0.20572075247764587 0.8194653987884521 0.9392006397247314
0.7530161142349243 -0.2563498318195343 2.507678270339966
0.2859310805797577 1.1719889640808105 0.6921321153640747
1.239314079284668 0.08767756074666977 2.2414777278900146
0.886935830116272 0.9840714335441589 0.5582385659217834
1.309597134590149 0.5432088375091553 -2.140620470046997
-0.5846996903419495 -0.4553305208683014 -2.362122058868408
-0.1342223584651947 1.0749263763427734 -2.893237590789795
1.051659107208252 -0.6554449200630188 2.3558526039123535
-0.5405434966087341 1.1782000064849854 0.7223973274230957
1.5257049798965454 0.8956694602966309 2.54813814163208
-0.9811619520187378 -0.6342104077339172 2.266573667526245
0.32359692454338074 1.1630144119262695 1.5885826349258423
-1.278965711593628 0.9466773271560669 2.2487971782684326
1.238846778869629 -0.08575603365898132 2.1371803283691406
0.15413475036621094 1.1657609939575195 2.1884279251098633
-0.6402627825737 1.1804280281066895 -1.5734318494796753
0.3831396698951721 -0.24335479736328125 2.345114231109619
1.3671553134918213 0.9704309701919556 0.015103409998118877
0.34219568967819214 1.1908718347549438 1.8522799015045166
1.0107436180114746 -0.4120531678199768 2.30759596824646
-0.5020411014556885 1.1769641637802124 1.5745737552642822
1.2834032773971558 -0.06397479772567749 -2.602567434310913
1.0727020502090454 -0.6961781978607178 2.549625873565674
0.5744319558143616 0.8458682298660278 1.2803266048431396
1.4692803621292114 0.8515474796295166 -0.15832963585853577
-1.2951958179473877 0.9274446368217468 2.290705919265747
-0.7536811232566833 1.167618751525879 -1.2973783016204834
1.1034963130950928 -0.045296624302864075 -2.2537238597869873
1.378078818321228 -0.11339540779590607 -2.13010573387146
-0.6640012860298157 0.713568925857544 2.4959304332733154
1.7712507247924805 -0.6829113960266113 2.49975848197937
0.9950754046440125 0.9816136956214905 0.8809326887130737
0.4920046925544739 0.8244156837463379 -0.3714986741542816
-0.4884994626045227 0.8927428722381592 -2.3147928714752197
1.6701321601867676 0.44797283411026 2.185229539871216
1.0195848941802979 -0.15740060806274414 2.199017286300659
0.38144800066947937 1.109288215637207 2.9231739044189453
-1.2207481861114502 1.173952579498291 -0.6672479510307312
-0.8298117518424988 -0.38970404863357544 -2.2595160007476807
0.20778265595436096 1.0039678812026978 2.8938238620758057
-0.1410515308380127 1.1501476764678955 -2.1931047439575195
-0.2840856611728668 1.1544406414031982 -2.0233266353607178
1.5050621032714844 1.1958281993865967 -1.0066208839416504
-1.0324960947036743 1.1762827634811401 -0.6114426851272583
0.7822920083999634 1.1646288633346558 2.048172950744629
-0.6296494603157043 1.1777750253677368 1.410285234451294
0.44776374101638794 1.1730754375457764 1.6379718780517578
1.6659220457077026 0.7079757452011108 -2.6101572513580322
1.4080936908721924 1.180374264717102 0.4148661196231842
-0.28733158111572266 1.1714897155761719 -0.003087153658270836
0.22745907306671143 1.1754878759384155 -0.9731951951980591
0.9460093975067139 0.9769579172134399 0.6134220361709595
1.0622587203979492 1.177836298942566 2.295053720474243
1.129567265510559 1.1783608198165894 -1.139691710472107
-0.8337081670761108 0.9661296606063843 0.023618467152118683
0.8161991238594055 1.1783030033111572 -2.354895830154419
1.1500133275985718 -0.21113280951976776 -2.5952751636505127
-0.22018513083457947 0.9370424747467041 0.180127814412117
-0.60279780626297 0.7644124031066895 -2.3761887550354004
1.699353814125061 1.1542073488235474 -0.3821050822734833
1.1482869386672974 1.175882339477539 -1.5424307584762573
1.646070957183838 0.8920787572860718 -1.6147129535675049
0.8744755983352661 0.9866359829902649 1.6263149976730347
1.5358067750930786 1.1759847402572632 2.7193374633789062
0.3114667534828186 1.1698698997497559 -0.44935277104377747
-0.7282371520996094 1.173643708229065 0.6721312403678894
0.3043835461139679 0.8264850378036499 1.132873296737671
1.0779948234558105 0.31811416149139404 -2.3542709350585938
-0.3134959936141968 -0.37473684549331665 -2.3194236755371094
1.7010536193847656 1.159523606300354 -0.6743522882461548
0.4889775812625885 1.1880887746810913 2.5196280479431152
-0.9373859763145447 0.9559764862060547 -1.7642478942871094
1.6147053241729736 -0.44997963309288025 -2.1647422313690186
-0.1688774675130844 1.1725425720214844 1.8733227252960205
0.9987460374832153 1.1835004091262817 -0.020883984863758087
1.049363613128662 1.1761441230773926 -0.19228065013885498
-0.8946325778961182 0.9170389771461487 2.6228513717651367
1.427691102027893 0.05794648826122284 2.5445871353149414
1.269437313079834 0.030747592449188232 -2.628199815750122
-1.2959576845169067 1.190268635749817 0.0729425773024559
-1.3120875358581543 0.9997036457061768 -0.4396393597126007
-0.36425355076789856 0.9781296253204346 0.39057719707489014
-0.49481692910194397 1.1887747049331665 1.959395408630371
-0.5804245471954346 -0.40737301111221313 2.1813039779663086
1.0358726978302002 1.0111174583435059 2.9222657680511475
-1.2742366790771484 1.1026149988174438 -2.9091055393218994
1.7039567232131958 -0.28385666012763977 2.2388339042663574
1.5409144163131714 0.7828752994537354 -1.912546992301941
-0.7649473547935486 -0.6483047008514404 -2.5701100826263428
0.5562539100646973 0.9728062152862549 -0.8562811017036438
-0.32982897758483887 0.9699708223342896 0.14536188542842865
1.4814438819885254 1.1833767890930176 -1.6116316318511963
0.5065807104110718 0.9758522510528564 2.8204336166381836
0.20692986249923706 0.738632082939148 -2.5144026279449463
-1.2247314453125 0.6116299629211426 -2.3510348796844482
-0.995897650718689 0.9867275953292847 2.818638801574707
-0.5962654948234558 -0.36128419637680054 2.499199390411377
0.05389842763543129 0.9529833793640137 -1.5078957080841064
-1.323065996170044 0.3751685619354248 2.228307008743286
-1.0489237308502197 0.8782936334609985 -0.8181766867637634
1.6500089168548584 0.8463905453681946 1.7573915719985962
1.5113842487335205 1.1771949529647827 -1.8097046613693237
1.4659167528152466 1.1789636611938477 0.2949952185153961
-0.7844533920288086 0.9117156267166138 -0.7741852402687073
-0.8106817603111267 1.0334174633026123 2.897188901901245
-0.5646805763244629 1.1777405738830566 -1.3152648210525513
0.868481457233429 1.167877435684204 -0.8910152912139893
-0.3020201325416565 1.183478593826294 2.8708417415618896
1.6642565727233887 -0.4881747364997864 2.023301601409912
-1.283968210220337 1.0099048614501953 -2.660745143890381
-1.061030387878418 0.7833108305931091 -2.725628614425659
-0.22757640480995178 0.9706178903579712 -2.269530773162842
-1.2173056602478027 1.1085546016693115 -2.91109299659729
0.13853947818279266 0.9353412389755249 2.119256019592285
0.9226809740066528 1.200911283493042 -0.6525499224662781
1.6576751470565796 0.9447810649871826 -1.2342185974121094
1.3621731996536255 -0.5217950344085693 2.308110475540161
-0.3906781077384949 -0.4377068877220154 -2.3331384658813477
-1.3123551607131958 -0.4222024083137512 2.373197555541992
-1.2758301496505737 0.9647783041000366 -1.9010131359100342
-1.2439091205596924 0.9137213230133057 -0.23681844770908356
-0.8675447106361389 1.16953444480896 -0.7696755528450012
-1.141553282737732 0.795202374458313 -1.8364368677139282
-0.19735196232795715 -0.49020689725875854 -2.621453046798706
-0.8633027672767639 1.1793630123138428 -2.1586129665374756
1.2336219549179077 0.8361605405807495 2.484551429748535
1.754271149635315 1.1272610425949097 -2.578202962875366
-1.3078982830047607 0.3328237235546112 2.2212324142456055
-0.6451641321182251 -0.25663459300994873 2.202258825302124
-1.1876755952835083 -0.6012870669364929 -2.704657793045044
0.8149628639221191 1.1995879411697388 -2.7372729778289795
-1.0284478664398193 1.1736505031585693 0.976219654083252
1.4592021703720093 0.7678613066673279 2.5034689903259277
-0.5013593435287476 -0.47085726261138916 -2.518799304962158
1.654067873954773 -0.41347837448120117 -2.1586313247680664
-1.2238504886627197 1.1908719539642334 -1.6032413244247437
-1.047219157218933 -0.7453145980834961 -2.4624578952789307
-1.0113307237625122 1.1758453845977783 -1.0011944770812988
-1.0791329145431519 0.967798113822937 0.8039988875389099
-0.2340892255306244 1.170974612236023 0.40829429030418396
0.7215044498443604 0.9748472571372986 1.9453927278518677
1.3777036666870117 0.946118950843811 -2.544157028198242
0.8050900101661682 1.1743980646133423 -1.0074808597564697
0.26105260848999023 1.1741650104522705 -1.8559242486953735
0.26177161931991577 -0.22368332743644714 2.1808199882507324
0.21491190791130066 1.1750006675720215 -0.46795761585235596
0.3537295460700989 1.1779288053512573 -2.066153049468994
1.3738092184066772 0.8851996660232544 -1.8715656995773315
1.562267780303955 0.7939226627349854 -1.3920717239379883
0.6712670922279358 0.7958520650863647 2.1657052040100098
1.0177223682403564 -0.2638339698314667 2.247319459915161
1.2388012409210205 0.29480066895484924 -2.5894765853881836
0.2625614404678345 0.9673430323600769 -1.2356411218643188
-0.12879914045333862 0.9583151936531067 1.0668474435806274
1.6755272150039673 0.9686317443847656 -0.0014274176210165024
-1.23173189163208 7.87973403930664e-05 -2.3712658882141113
-0.42888060212135315 0.9696334004402161 -2.270603656768799
0.7137940526008606 0.9676142930984497 1.9406615495681763
0.6832031607627869 0.9273902177810669 1.9792107343673706
0.5648854374885559 -0.25353652238845825 2.423525094985962
1.6650867462158203 0.10074076056480408 -2.5128843784332275
0.7379099726676941 1.1716959476470947 -2.43153977394104
1.1509950160980225 1.177064299583435 -1.086189866065979
1.4768917560577393 0.8363874554634094 -0.3840310871601105
-0.12818774580955505 1.172173261642456 0.0476585291326046
0.30718353390693665 1.1723130941390991 2.086031913757324
